stage,label,wall_seconds,cpu_seconds,cpu_user_seconds,cpu_system_seconds,cpu_utilisation,peak_rss_bytes,repeats,cpu_seconds_each,meta.catalogue,meta.repeat,meta.meter,dataset,family,reranker,repeat
train,popularity,0.3030106000005617,0.3125,0.296875,0.015625,1.031317056233085,103837696,1914,0.0001632706374085,ml100k,0,,ml100k,popularity,none,0
retrieve_score,popularity,0.3209492000023601,0.3125,0.265625,0.046875,0.9736743384862836,103837696,28,0.0111607142857142,ml100k,0,,ml100k,popularity,none,0
retrieve_select,popularity,0.3064805999965756,0.3125,0.234375,0.078125,1.0196403948683592,103837696,41,0.0076219512195121,ml100k,0,,ml100k,popularity,none,0
train,popularity,0.3098852999974042,0.3125,0.296875,0.015625,1.00843763806356,103837696,1996,0.0001565631262525,ml100k,0,,ml100k,popularity,none,0
retrieve_score,popularity,0.322416199996951,0.3125,0.296875,0.015625,0.969244101267105,103837696,28,0.0111607142857142,ml100k,0,,ml100k,popularity,none,0
retrieve_select,popularity,0.3097232000000076,0.3125,0.25,0.0625,1.0089654246113702,103837696,35,0.0089285714285714,ml100k,0,,ml100k,popularity,none,0
train,popularity,0.3032957000032183,0.3125,0.3125,0.0,1.0303476112476502,103837696,1699,0.0001839317245438,ml100k,0,,ml100k,popularity,none,0
retrieve_score,popularity,0.3223475999984657,0.3125,0.296875,0.015625,0.9694503697297184,103837696,28,0.0111607142857142,ml100k,0,,ml100k,popularity,none,0
retrieve_select,popularity,0.3051802999980282,0.3125,0.21875,0.09375,1.0239848378221632,103837696,29,0.0107758620689655,ml100k,0,,ml100k,popularity,none,0
train,popularity,0.3018853999965358,0.3125,0.3125,0.0,1.0351610246921048,103837696,1911,0.0001635269492412,ml100k,0,,ml100k,popularity,none,0
retrieve_score,popularity,0.3134501000022283,0.3125,0.28125,0.03125,0.9969688955204624,103837696,27,0.011574074074074,ml100k,0,,ml100k,popularity,none,0
retrieve_select,popularity,0.3182377000048291,0.3125,0.21875,0.09375,0.9819703950702824,103837696,22,0.0142045454545454,ml100k,0,,ml100k,popularity,none,0
train,popularity,0.3011756999985664,0.3125,0.3125,0.0,1.0376003110526095,103837696,1912,0.0001634414225941,ml100k,0,,ml100k,popularity,none,0
retrieve_score,popularity,0.3150717000025906,0.3125,0.3125,0.0,0.9918377308956358,103837696,27,0.011574074074074,ml100k,0,,ml100k,popularity,none,0
retrieve_select,popularity,0.3255977000007988,0.328125,0.234375,0.09375,1.0077620327145893,106356736,16,0.0205078125,ml100k,0,,ml100k,popularity,none,0
train,popularity,0.3122188000052119,0.3125,0.3125,0.0,1.0009006504245848,106356736,1945,0.0001606683804627,ml100k,0,,ml100k,popularity,quota_mmr,0
rerank_setup,popularity,0.3587975000045844,0.359375,0.25,0.109375,1.001609542974542,146137088,4,0.08984375,ml100k,0,,ml100k,popularity,quota_mmr,0
retrieve_score,popularity,0.3134633999943617,0.3125,0.3125,0.0,0.9969265949569264,146137088,27,0.011574074074074,ml100k,0,,ml100k,popularity,quota_mmr,0
retrieve_select,popularity,0.316579799997271,0.3125,0.1875,0.125,0.987112885922266,146137088,41,0.0076219512195121,ml100k,0,,ml100k,popularity,quota_mmr,0
rerank,popularity,0.3490536000026623,0.34375,0.328125,0.015625,0.9848057719426992,146137088,3,0.1145833333333333,ml100k,0,,ml100k,popularity,quota_mmr,0
train,popularity,0.31124959999579,0.3125,0.3125,0.0,1.004017354574036,146137088,1936,0.0001614152892561,ml100k,0,,ml100k,popularity,quota_mmr,0
rerank_setup,popularity,0.3593920999992406,0.359375,0.296875,0.0625,0.9999524196574142,170008576,4,0.08984375,ml100k,0,,ml100k,popularity,quota_mmr,0
retrieve_score,popularity,0.31633100000181,0.3125,0.296875,0.015625,0.9878892678814656,170008576,27,0.011574074074074,ml100k,0,,ml100k,popularity,quota_mmr,0
retrieve_select,popularity,0.3150244999997085,0.3125,0.25,0.0625,0.9919863375714878,170008576,38,0.0082236842105263,ml100k,0,,ml100k,popularity,quota_mmr,0
rerank,popularity,0.4623246999981347,0.46875,0.46875,0.0,1.0138978081895498,170008576,2,0.234375,ml100k,0,,ml100k,popularity,quota_mmr,0
train,popularity,0.3122872000021743,0.3125,0.3125,0.0,1.0006814240155348,170008576,1950,0.0001602564102564,ml100k,0,,ml100k,popularity,quota_mmr,0
rerank_setup,popularity,0.3589341999977478,0.34375,0.265625,0.078125,0.9576964245874506,170008576,4,0.0859375,ml100k,0,,ml100k,popularity,quota_mmr,0
retrieve_score,popularity,0.3041841000012937,0.3125,0.3125,0.0,1.0273383783000851,170008576,26,0.0120192307692307,ml100k,0,,ml100k,popularity,quota_mmr,0
retrieve_select,popularity,0.3098663999990094,0.3125,0.21875,0.09375,1.008499146732266,170008576,28,0.0111607142857142,ml100k,0,,ml100k,popularity,quota_mmr,0
rerank,popularity,0.5287781000006362,0.53125,0.515625,0.015625,1.0046747397431188,192319488,1,0.53125,ml100k,0,,ml100k,popularity,quota_mmr,0
train,popularity,0.3046945000023697,0.3125,0.296875,0.015625,1.0256174627292896,192335872,1933,0.000161665804449,ml100k,0,,ml100k,popularity,quota_mmr,0
rerank_setup,popularity,0.3587245000016992,0.34375,0.28125,0.0625,0.9582562662945288,192335872,4,0.0859375,ml100k,0,,ml100k,popularity,quota_mmr,0
retrieve_score,popularity,0.3046318999986397,0.3125,0.28125,0.03125,1.0258282208836154,192335872,26,0.0120192307692307,ml100k,0,,ml100k,popularity,quota_mmr,0
retrieve_select,popularity,0.3113293999995221,0.3125,0.203125,0.109375,1.003760004678259,192335872,21,0.0148809523809523,ml100k,0,,ml100k,popularity,quota_mmr,0
rerank,popularity,1.3571236999996472,1.359375,1.21875,0.140625,1.0016588760481844,390303744,1,1.359375,ml100k,0,,ml100k,popularity,quota_mmr,0
train,popularity,0.3038959999976214,0.3125,0.3125,0.0,1.028312317379781,390303744,1876,0.0001665778251599,ml100k,0,,ml100k,popularity,quota_mmr,0
rerank_setup,popularity,0.3586320000031264,0.34375,0.296875,0.046875,0.9585034241144216,390303744,4,0.0859375,ml100k,0,,ml100k,popularity,quota_mmr,0
retrieve_score,popularity,0.3039970000027097,0.3125,0.296875,0.015625,1.0279706707540357,390303744,26,0.0120192307692307,ml100k,0,,ml100k,popularity,quota_mmr,0
retrieve_select,popularity,0.3195914999960223,0.3125,0.25,0.0625,0.9778107365305068,390303744,15,0.0208333333333333,ml100k,0,,ml100k,popularity,quota_mmr,0
rerank,popularity,3.676292600001034,3.65625,2.96875,0.6875,0.9945481488603416,1172451328,1,3.65625,ml100k,0,,ml100k,popularity,quota_mmr,0
train,itemknn,0.3975854999953299,0.40625,0.390625,0.015625,1.021792796781502,1172451328,2,0.203125,ml100k,0,,ml100k,itemknn,none,0
retrieve_score,itemknn,0.3115207000009832,0.3125,0.296875,0.015625,1.0031436113202548,1172451328,12,0.0260416666666666,ml100k,0,,ml100k,itemknn,none,0
retrieve_select,itemknn,0.3183213000011164,0.3125,0.203125,0.109375,0.9817125024272768,1172451328,45,0.0069444444444444,ml100k,0,,ml100k,itemknn,none,0
train,itemknn,0.3875494000021717,0.390625,0.375,0.015625,1.0079360205377972,1172451328,2,0.1953125,ml100k,0,,ml100k,itemknn,none,0
retrieve_score,itemknn,0.3180568000025232,0.3125,0.28125,0.03125,0.982528906778666,1172451328,12,0.0260416666666666,ml100k,0,,ml100k,itemknn,none,0
retrieve_select,itemknn,0.3037145999987842,0.3125,0.234375,0.078125,1.028926498763151,1172451328,38,0.0082236842105263,ml100k,0,,ml100k,itemknn,none,0
train,itemknn,0.3965098000044236,0.40625,0.390625,0.015625,1.0245648405044914,1172451328,2,0.203125,ml100k,0,,ml100k,itemknn,none,0
retrieve_score,itemknn,0.316864299995359,0.3125,0.3125,0.0,0.9862265960683392,1172451328,12,0.0260416666666666,ml100k,0,,ml100k,itemknn,none,0
retrieve_select,itemknn,0.312548699999752,0.3125,0.25,0.0625,0.9998441842831148,1172451328,29,0.0107758620689655,ml100k,0,,ml100k,itemknn,none,0
train,itemknn,0.3944396000006236,0.40625,0.375,0.03125,1.029942226894454,1172451328,2,0.203125,ml100k,0,,ml100k,itemknn,none,0
retrieve_score,itemknn,0.3196642999973846,0.3125,0.28125,0.03125,0.9775880509727132,1172451328,12,0.0260416666666666,ml100k,0,,ml100k,itemknn,none,0
retrieve_select,itemknn,0.307091999995464,0.3125,0.296875,0.015625,1.0176103578231146,1172451328,20,0.015625,ml100k,0,,ml100k,itemknn,none,0
train,itemknn,0.3862745000005816,0.390625,0.328125,0.0625,1.0112627160203738,1172451328,2,0.1953125,ml100k,0,,ml100k,itemknn,none,0
retrieve_score,itemknn,0.3180531999969389,0.3125,0.3125,0.0,0.9825400279041608,1172451328,12,0.0260416666666666,ml100k,0,,ml100k,itemknn,none,0
retrieve_select,itemknn,0.3042287999996915,0.3125,0.234375,0.078125,1.027187432617546,1172451328,16,0.01953125,ml100k,0,,ml100k,itemknn,none,0
train,itemknn,0.3854971000037039,0.390625,0.34375,0.046875,1.0133020455828248,1172451328,2,0.1953125,ml100k,0,,ml100k,itemknn,quota_mmr,0
rerank_setup,itemknn,0.3636200999972061,0.359375,0.359375,0.0,0.9883254528634728,1172451328,4,0.08984375,ml100k,0,,ml100k,itemknn,quota_mmr,0
retrieve_score,itemknn,0.315156399999978,0.3125,0.3125,0.0,0.9915711691084864,1172451328,12,0.0260416666666666,ml100k,0,,ml100k,itemknn,quota_mmr,0
retrieve_select,itemknn,0.305137499999546,0.3125,0.21875,0.09375,1.0241284666763837,1172451328,43,0.0072674418604651,ml100k,0,,ml100k,itemknn,quota_mmr,0
rerank,itemknn,0.3307177000024239,0.328125,0.328125,0.0,0.9921603833045376,1172451328,3,0.109375,ml100k,0,,ml100k,itemknn,quota_mmr,0
train,itemknn,0.3859593000015593,0.390625,0.328125,0.0625,1.0120885803203132,1172451328,2,0.1953125,ml100k,0,,ml100k,itemknn,quota_mmr,0
rerank_setup,itemknn,0.3608569999996689,0.359375,0.265625,0.09375,0.9958931100140214,1172451328,4,0.08984375,ml100k,0,,ml100k,itemknn,quota_mmr,0
retrieve_score,itemknn,0.3175878999973065,0.3125,0.296875,0.015625,0.9839795533855362,1172451328,12,0.0260416666666666,ml100k,0,,ml100k,itemknn,quota_mmr,0
retrieve_select,itemknn,0.3120371000040904,0.3125,0.21875,0.09375,1.001483477432342,1172451328,40,0.0078125,ml100k,0,,ml100k,itemknn,quota_mmr,0
rerank,itemknn,0.4646821999995154,0.46875,0.46875,0.0,1.0087539397904393,1172451328,2,0.234375,ml100k,0,,ml100k,itemknn,quota_mmr,0
train,itemknn,0.3846472000004723,0.390625,0.359375,0.03125,1.015540994447692,1172451328,2,0.1953125,ml100k,0,,ml100k,itemknn,quota_mmr,0
rerank_setup,itemknn,0.412132899997232,0.375,0.25,0.125,0.909900665543854,1172451328,4,0.09375,ml100k,0,,ml100k,itemknn,quota_mmr,0
retrieve_score,itemknn,0.3204079999995883,0.328125,0.296875,0.03125,1.0240849167324837,1172451328,12,0.02734375,ml100k,0,,ml100k,itemknn,quota_mmr,0
retrieve_select,itemknn,0.3187730999998166,0.3125,0.28125,0.03125,0.9803211124156328,1172451328,30,0.0104166666666666,ml100k,0,,ml100k,itemknn,quota_mmr,0
rerank,itemknn,0.5358039999991888,0.53125,0.515625,0.015625,0.9915006233637752,1172451328,1,0.53125,ml100k,0,,ml100k,itemknn,quota_mmr,0
train,itemknn,0.4006892000033986,0.40625,0.34375,0.0625,1.013878088045683,1172451328,2,0.203125,ml100k,0,,ml100k,itemknn,quota_mmr,0
rerank_setup,itemknn,0.3929803999999421,0.375,0.3125,0.0625,0.9542460641804406,1172451328,4,0.09375,ml100k,0,,ml100k,itemknn,quota_mmr,0
retrieve_score,itemknn,0.3211433000033139,0.3125,0.3125,0.0,0.9730858467132126,1172451328,12,0.0260416666666666,ml100k,0,,ml100k,itemknn,quota_mmr,0
retrieve_select,itemknn,0.3076885000045877,0.3125,0.265625,0.046875,1.015637568499767,1172451328,20,0.015625,ml100k,0,,ml100k,itemknn,quota_mmr,0
rerank,itemknn,1.3925793999951566,1.390625,1.171875,0.21875,0.9985965611762148,1172451328,1,1.390625,ml100k,0,,ml100k,itemknn,quota_mmr,0
train,itemknn,0.391336600005161,0.390625,0.3125,0.078125,0.998181616528708,1172451328,2,0.1953125,ml100k,0,,ml100k,itemknn,quota_mmr,0
rerank_setup,itemknn,0.3658878000060213,0.375,0.3125,0.0625,1.0249043559086386,1172451328,4,0.09375,ml100k,0,,ml100k,itemknn,quota_mmr,0
retrieve_score,itemknn,0.3140601999984937,0.3125,0.296875,0.015625,0.995032162628371,1172451328,12,0.0260416666666666,ml100k,0,,ml100k,itemknn,quota_mmr,0
retrieve_select,itemknn,0.3218262000009417,0.328125,0.265625,0.0625,1.0195720547271785,1172451328,17,0.0193014705882352,ml100k,0,,ml100k,itemknn,quota_mmr,0
rerank,itemknn,3.633177700001397,3.625,3.0625,0.5625,0.9977491604659484,1186439168,1,3.625,ml100k,0,,ml100k,itemknn,quota_mmr,0
train,als,4.75100950000342,5.859375,5.34375,0.515625,1.2332905248865071,1186439168,1,5.859375,ml100k,0,,ml100k,als,none,0
retrieve_score,als,0.2309849999946891,0.3125,0.203125,0.109375,1.3529017036049311,1186439168,18,0.0173611111111111,ml100k,0,,ml100k,als,none,0
retrieve_select,als,0.3066432999985409,0.3125,0.234375,0.078125,1.0190993900779406,1186439168,42,0.0074404761904761,ml100k,0,,ml100k,als,none,0
train,als,4.756771599997592,5.515625,5.078125,0.4375,1.1595311828726005,1186439168,1,5.515625,ml100k,0,,ml100k,als,none,0
retrieve_score,als,0.2060630999985733,0.3125,0.1875,0.125,1.5165257632354536,1186439168,16,0.01953125,ml100k,0,,ml100k,als,none,0
retrieve_select,als,0.310809499998868,0.3125,0.203125,0.109375,1.00543902294215,1186439168,38,0.0082236842105263,ml100k,0,,ml100k,als,none,0
train,als,4.747557100003178,6.015625,5.5625,0.453125,1.2670990307827945,1186439168,1,6.015625,ml100k,0,,ml100k,als,none,0
retrieve_score,als,0.1919264000025577,0.3125,0.1875,0.125,1.628228320834629,1186439168,15,0.0208333333333333,ml100k,0,,ml100k,als,none,0
retrieve_select,als,0.321236099996895,0.3125,0.25,0.0625,0.9728047377085592,1186439168,29,0.0107758620689655,ml100k,0,,ml100k,als,none,0
train,als,4.749263300000166,5.671875,5.0,0.671875,1.1942641714557711,1186439168,1,5.671875,ml100k,0,,ml100k,als,none,0
retrieve_score,als,0.1532243999972706,0.359375,0.15625,0.203125,2.34541626533634,1186439168,12,0.0299479166666666,ml100k,0,,ml100k,als,none,0
retrieve_select,als,0.3128735999998753,0.3125,0.265625,0.046875,0.9988059075617904,1186439168,21,0.0148809523809523,ml100k,0,,ml100k,als,none,0
train,als,4.799587900000915,5.921875,5.3125,0.609375,1.233829887769921,1186439168,1,5.921875,ml100k,0,,ml100k,als,none,0
retrieve_score,als,0.2817253999965032,0.3125,0.265625,0.046875,1.1092361569240072,1186439168,22,0.0142045454545454,ml100k,0,,ml100k,als,none,0
retrieve_select,als,0.3083603000050061,0.3125,0.296875,0.015625,1.0134248799048602,1186439168,14,0.0223214285714285,ml100k,0,,ml100k,als,none,0
train,als,4.7698508000030415,5.84375,5.28125,0.5625,1.2251431428413386,1186439168,1,5.84375,ml100k,0,,ml100k,als,quota_mmr,0
rerank_setup,als,0.3578850999983842,0.359375,0.28125,0.078125,1.004163067983614,1186439168,4,0.08984375,ml100k,0,,ml100k,als,quota_mmr,0
retrieve_score,als,0.1911822999973083,0.3125,0.3125,0.0,1.6345655429629196,1186439168,15,0.0208333333333333,ml100k,0,,ml100k,als,quota_mmr,0
retrieve_select,als,0.3145019000003231,0.3125,0.234375,0.078125,0.9936346966415116,1186439168,43,0.0072674418604651,ml100k,0,,ml100k,als,quota_mmr,0
rerank,als,0.4163805999996839,0.40625,0.40625,0.0,0.9756698558970048,1186439168,3,0.1354166666666666,ml100k,0,,ml100k,als,quota_mmr,0
train,als,4.731781399997999,5.890625,5.046875,0.84375,1.2449064109348946,1186439168,1,5.890625,ml100k,0,,ml100k,als,quota_mmr,0
rerank_setup,als,0.3565381000007619,0.359375,0.328125,0.03125,1.0079567933952418,1186439168,4,0.08984375,ml100k,0,,ml100k,als,quota_mmr,0
retrieve_score,als,0.2044144000028609,0.3125,0.171875,0.140625,1.528757269525172,1186439168,16,0.01953125,ml100k,0,,ml100k,als,quota_mmr,0
retrieve_select,als,0.3054153000048245,0.3125,0.203125,0.109375,1.0231969387095654,1186439168,37,0.0084459459459459,ml100k,0,,ml100k,als,quota_mmr,0
rerank,als,0.6201843999951961,0.609375,0.609375,0.0,0.982570667699349,1186439168,2,0.3046875,ml100k,0,,ml100k,als,quota_mmr,0
train,als,4.907457400004205,5.8125,5.28125,0.53125,1.1844218963561497,1186439168,1,5.8125,ml100k,0,,ml100k,als,quota_mmr,0
rerank_setup,als,0.3773924999986775,0.375,0.296875,0.078125,0.9936604463557546,1186439168,4,0.09375,ml100k,0,,ml100k,als,quota_mmr,0
retrieve_score,als,0.2207852999999886,0.328125,0.203125,0.125,1.4861723131024434,1186439168,17,0.0193014705882352,ml100k,0,,ml100k,als,quota_mmr,0
retrieve_select,als,0.3020867000013822,0.3125,0.234375,0.078125,1.0344712296124592,1186439168,26,0.0120192307692307,ml100k,0,,ml100k,als,quota_mmr,0
rerank,als,0.7036669999943115,0.703125,0.671875,0.03125,0.9992297493071072,1186439168,1,0.703125,ml100k,0,,ml100k,als,quota_mmr,0
train,als,4.874209299996437,5.953125,5.140625,0.8125,1.2213519431765787,1186439168,1,5.953125,ml100k,0,,ml100k,als,quota_mmr,0
rerank_setup,als,0.3831781000044429,0.375,0.328125,0.046875,0.978657183162743,1186439168,4,0.09375,ml100k,0,,ml100k,als,quota_mmr,0
retrieve_score,als,0.2468986999956541,0.34375,0.25,0.09375,1.3922714052607428,1186439168,19,0.0180921052631578,ml100k,0,,ml100k,als,quota_mmr,0
retrieve_select,als,0.3111530000023776,0.3125,0.1875,0.125,1.004329059972464,1186439168,20,0.015625,ml100k,0,,ml100k,als,quota_mmr,0
rerank,als,1.612611399999878,1.609375,1.453125,0.15625,0.9979930688820146,1186439168,1,1.609375,ml100k,0,,ml100k,als,quota_mmr,0
train,als,4.7806636999957846,5.640625,5.046875,0.59375,1.1798832450826804,1186439168,1,5.640625,ml100k,0,,ml100k,als,quota_mmr,0
rerank_setup,als,0.3602788000061991,0.359375,0.3125,0.046875,0.9974913872085074,1186439168,4,0.08984375,ml100k,0,,ml100k,als,quota_mmr,0
retrieve_score,als,0.3074549000011757,0.3125,0.265625,0.046875,1.0164092359523462,1186439168,24,0.0130208333333333,ml100k,0,,ml100k,als,quota_mmr,0
retrieve_select,als,0.3120257999980822,0.3125,0.265625,0.046875,1.0015197461297134,1186439168,14,0.0223214285714285,ml100k,0,,ml100k,als,quota_mmr,0
rerank,als,3.995550300001924,4.0,3.359375,0.640625,1.001113663867046,1186439168,1,4.0,ml100k,0,,ml100k,als,quota_mmr,0
train,popularity,0.3098129999998491,0.3125,0.3125,0.0,1.0086729736975275,1186439168,1896,0.0001648206751054,ml100k,1,,ml100k,popularity,none,1
retrieve_score,popularity,0.3219253999995999,0.3125,0.296875,0.015625,0.9707217883409897,1186439168,28,0.0111607142857142,ml100k,1,,ml100k,popularity,none,1
retrieve_select,popularity,0.3067020000016782,0.3125,0.25,0.0625,1.0189043436243976,1186439168,42,0.0074404761904761,ml100k,1,,ml100k,popularity,none,1
train,popularity,0.3052182999963406,0.3125,0.3125,0.0,1.0238573506364024,1186439168,1928,0.0001620850622406,ml100k,1,,ml100k,popularity,none,1
retrieve_score,popularity,0.3150251000042772,0.3125,0.3125,0.0,0.9919844482098636,1186439168,27,0.011574074074074,ml100k,1,,ml100k,popularity,none,1
retrieve_select,popularity,0.3153702999989036,0.3125,0.21875,0.09375,0.9908986356707856,1186439168,39,0.0080128205128205,ml100k,1,,ml100k,popularity,none,1
train,popularity,0.2980946000025142,0.3125,0.3125,0.0,1.0483249277154445,1186439168,1890,0.0001653439153439,ml100k,1,,ml100k,popularity,none,1
retrieve_score,popularity,0.3225158000059309,0.3125,0.3125,0.0,0.96894477726131,1186439168,28,0.0111607142857142,ml100k,1,,ml100k,popularity,none,1
retrieve_select,popularity,0.3107356999971671,0.3125,0.25,0.0625,1.0056778155932806,1186439168,29,0.0107758620689655,ml100k,1,,ml100k,popularity,none,1
train,popularity,0.307959400000982,0.3125,0.3125,0.0,1.014744151336194,1186439168,1937,0.0001613319566339,ml100k,1,,ml100k,popularity,none,1
retrieve_score,popularity,0.3214472999970894,0.3125,0.296875,0.015625,0.972165577383383,1186439168,28,0.0111607142857142,ml100k,1,,ml100k,popularity,none,1
retrieve_select,popularity,0.3148539000030723,0.3125,0.25,0.0625,0.9925238340606568,1186439168,22,0.0142045454545454,ml100k,1,,ml100k,popularity,none,1
train,popularity,0.3278627999970922,0.3125,0.28125,0.03125,0.9531425950207572,1186439168,2046,0.0001527370478983,ml100k,1,,ml100k,popularity,none,1
retrieve_score,popularity,0.3221167000010609,0.3125,0.3125,0.0,0.9701452920602088,1186439168,28,0.0111607142857142,ml100k,1,,ml100k,popularity,none,1
retrieve_select,popularity,0.3098112000006949,0.3125,0.28125,0.03125,1.0086788340747497,1186439168,16,0.01953125,ml100k,1,,ml100k,popularity,none,1
train,popularity,0.3010712000032072,0.3125,0.3125,0.0,1.0379604558545323,1186439168,1909,0.0001636982713462,ml100k,1,,ml100k,popularity,quota_mmr,1
rerank_setup,popularity,0.3594685999996727,0.359375,0.28125,0.078125,0.9997396156446688,1186439168,4,0.08984375,ml100k,1,,ml100k,popularity,quota_mmr,1
retrieve_score,popularity,0.3165466999998898,0.3125,0.28125,0.03125,0.9872161042908006,1186439168,27,0.011574074074074,ml100k,1,,ml100k,popularity,quota_mmr,1
retrieve_select,popularity,0.3087321999992127,0.3125,0.234375,0.078125,1.0122041044011505,1186439168,42,0.0074404761904761,ml100k,1,,ml100k,popularity,quota_mmr,1
rerank,popularity,0.3274953000000096,0.328125,0.328125,0.0,1.0019227756856064,1186439168,3,0.109375,ml100k,1,,ml100k,popularity,quota_mmr,1
train,popularity,0.3047577000033925,0.3125,0.3125,0.0,1.0254047723700543,1186439168,1913,0.0001633559853633,ml100k,1,,ml100k,popularity,quota_mmr,1
rerank_setup,popularity,0.3662025999947218,0.359375,0.25,0.109375,0.9813556758067248,1186439168,4,0.08984375,ml100k,1,,ml100k,popularity,quota_mmr,1
retrieve_score,popularity,0.314235899997584,0.3125,0.3125,0.0,0.9944758062411156,1186439168,27,0.011574074074074,ml100k,1,,ml100k,popularity,quota_mmr,1
retrieve_select,popularity,0.308561899997585,0.3125,0.25,0.0625,1.012762755228192,1186439168,38,0.0082236842105263,ml100k,1,,ml100k,popularity,quota_mmr,1
rerank,popularity,0.454555899996194,0.453125,0.453125,0.0,0.9968520923472646,1186439168,2,0.2265625,ml100k,1,,ml100k,popularity,quota_mmr,1
train,popularity,0.3019685999970534,0.3125,0.3125,0.0,1.0348758116011048,1186439168,1814,0.0001722712238147,ml100k,1,,ml100k,popularity,quota_mmr,1
rerank_setup,popularity,0.364687999994203,0.359375,0.296875,0.0625,0.985431382457642,1186439168,4,0.08984375,ml100k,1,,ml100k,popularity,quota_mmr,1
retrieve_score,popularity,0.3095825999989756,0.3125,0.3125,0.0,1.009423656242418,1186439168,27,0.011574074074074,ml100k,1,,ml100k,popularity,quota_mmr,1
retrieve_select,popularity,0.314349599997513,0.3125,0.234375,0.078125,0.994116105134132,1186439168,29,0.0107758620689655,ml100k,1,,ml100k,popularity,quota_mmr,1
rerank,popularity,0.5063452999966103,0.5,0.5,0.0,0.9874684331094754,1186439168,1,0.5,ml100k,1,,ml100k,popularity,quota_mmr,1
train,popularity,0.2993165000007138,0.3125,0.296875,0.015625,1.0440453499865685,1186439168,1887,0.0001656067832538,ml100k,1,,ml100k,popularity,quota_mmr,1
rerank_setup,popularity,0.3591809000063222,0.34375,0.296875,0.046875,0.9570386398440156,1186439168,4,0.0859375,ml100k,1,,ml100k,popularity,quota_mmr,1
retrieve_score,popularity,0.2976629999975557,0.3125,0.28125,0.03125,1.0498449589050909,1186439168,26,0.0120192307692307,ml100k,1,,ml100k,popularity,quota_mmr,1
retrieve_select,popularity,0.3172746999989613,0.3125,0.1875,0.125,0.9849508958672818,1186439168,22,0.0142045454545454,ml100k,1,,ml100k,popularity,quota_mmr,1
rerank,popularity,1.3574759000039194,1.359375,1.1875,0.171875,1.001398993526202,1186439168,1,1.359375,ml100k,1,,ml100k,popularity,quota_mmr,1
train,popularity,0.312790900003165,0.3125,0.296875,0.015625,0.9990699857215728,1186439168,1977,0.0001580677794638,ml100k,1,,ml100k,popularity,quota_mmr,1
rerank_setup,popularity,0.3579532000003382,0.34375,0.3125,0.03125,0.9603210699043204,1186439168,4,0.0859375,ml100k,1,,ml100k,popularity,quota_mmr,1
retrieve_score,popularity,0.3060943000018596,0.3125,0.3125,0.0,1.0209272109872722,1186439168,26,0.0120192307692307,ml100k,1,,ml100k,popularity,quota_mmr,1
retrieve_select,popularity,0.3162547000029008,0.3125,0.265625,0.046875,0.9881276072644412,1186439168,16,0.01953125,ml100k,1,,ml100k,popularity,quota_mmr,1
rerank,popularity,3.016224399994826,3.015625,2.734375,0.28125,0.9998012747344572,1186439168,1,3.015625,ml100k,1,,ml100k,popularity,quota_mmr,1
train,itemknn,0.3842920000024605,0.390625,0.359375,0.03125,1.0164796560883362,1186439168,2,0.1953125,ml100k,1,,ml100k,itemknn,none,1
retrieve_score,itemknn,0.3036591000054613,0.3125,0.296875,0.015625,1.029114556403479,1186439168,11,0.0284090909090909,ml100k,1,,ml100k,itemknn,none,1
retrieve_select,itemknn,0.3141606999997748,0.3125,0.1875,0.125,0.9947138518606052,1186439168,45,0.0069444444444444,ml100k,1,,ml100k,itemknn,none,1
train,itemknn,0.3879977999968105,0.390625,0.359375,0.03125,1.0067711724221402,1186439168,2,0.1953125,ml100k,1,,ml100k,itemknn,none,1
retrieve_score,itemknn,0.3075584999969578,0.3125,0.3125,0.0,1.016066862086696,1186439168,11,0.0284090909090909,ml100k,1,,ml100k,itemknn,none,1
retrieve_select,itemknn,0.3129764999976032,0.3125,0.25,0.0625,0.9984775214829008,1186439168,40,0.0078125,ml100k,1,,ml100k,itemknn,none,1
train,itemknn,0.3893296999958693,0.390625,0.359375,0.03125,1.0033270002369314,1186439168,2,0.1953125,ml100k,1,,ml100k,itemknn,none,1
retrieve_score,itemknn,0.3246537000013632,0.328125,0.328125,0.0,1.0106923161467811,1186439168,12,0.02734375,ml100k,1,,ml100k,itemknn,none,1
retrieve_select,itemknn,0.3145539999968605,0.3125,0.234375,0.078125,0.9934701196078224,1186439168,30,0.0104166666666666,ml100k,1,,ml100k,itemknn,none,1
train,itemknn,0.3879611999946064,0.390625,0.375,0.015625,1.0068661505465768,1186439168,2,0.1953125,ml100k,1,,ml100k,itemknn,none,1
retrieve_score,itemknn,0.3283898000008776,0.328125,0.328125,0.0,0.999193641212739,1186439168,12,0.02734375,ml100k,1,,ml100k,itemknn,none,1
retrieve_select,itemknn,0.3172855000011623,0.3125,0.265625,0.046875,0.9849173693687712,1186439168,21,0.0148809523809523,ml100k,1,,ml100k,itemknn,none,1
train,itemknn,0.3876931999984663,0.390625,0.34375,0.046875,1.0075621651386852,1186439168,2,0.1953125,ml100k,1,,ml100k,itemknn,none,1
retrieve_score,itemknn,0.3215004000012413,0.328125,0.328125,0.0,1.0206052620734938,1186439168,12,0.02734375,ml100k,1,,ml100k,itemknn,none,1
retrieve_select,itemknn,0.3270647999961511,0.328125,0.25,0.078125,1.00324155948259,1186439168,18,0.0182291666666666,ml100k,1,,ml100k,itemknn,none,1
train,itemknn,0.3871548000024631,0.390625,0.328125,0.0625,1.0089633397222888,1186439168,2,0.1953125,ml100k,1,,ml100k,itemknn,quota_mmr,1
rerank_setup,itemknn,0.3590239999975892,0.359375,0.328125,0.03125,1.0009776505259065,1186439168,4,0.08984375,ml100k,1,,ml100k,itemknn,quota_mmr,1
retrieve_score,itemknn,0.3321450000003096,0.328125,0.328125,0.0,0.9878968522774514,1186439168,12,0.02734375,ml100k,1,,ml100k,itemknn,quota_mmr,1
retrieve_select,itemknn,0.3086431000047014,0.3125,0.265625,0.046875,1.0124963104480218,1186439168,44,0.0071022727272727,ml100k,1,,ml100k,itemknn,quota_mmr,1
rerank,itemknn,0.3179369999998016,0.3125,0.3125,0.0,0.9828991278152432,1186439168,3,0.1041666666666666,ml100k,1,,ml100k,itemknn,quota_mmr,1
train,itemknn,0.3867802999957348,0.375,0.3125,0.0625,0.9695426576899994,1186439168,2,0.1875,ml100k,1,,ml100k,itemknn,quota_mmr,1
rerank_setup,itemknn,0.3567909999983385,0.359375,0.28125,0.078125,1.0072423351532789,1186439168,4,0.08984375,ml100k,1,,ml100k,itemknn,quota_mmr,1
retrieve_score,itemknn,0.302769800000533,0.3125,0.3125,0.0,1.032137287138446,1186439168,11,0.0284090909090909,ml100k,1,,ml100k,itemknn,quota_mmr,1
retrieve_select,itemknn,0.312179799999285,0.3125,0.25,0.0625,1.001025690966282,1186439168,40,0.0078125,ml100k,1,,ml100k,itemknn,quota_mmr,1
rerank,itemknn,0.4541266999949584,0.453125,0.453125,0.0,0.997794227921482,1186439168,2,0.2265625,ml100k,1,,ml100k,itemknn,quota_mmr,1
train,itemknn,0.3855534999966039,0.390625,0.34375,0.046875,1.0131538165350351,1186439168,2,0.1953125,ml100k,1,,ml100k,itemknn,quota_mmr,1
rerank_setup,itemknn,0.3579707000026246,0.359375,0.265625,0.09375,1.0039229467589528,1186439168,4,0.08984375,ml100k,1,,ml100k,itemknn,quota_mmr,1
retrieve_score,itemknn,0.3088930000012624,0.3125,0.3125,0.0,1.0116771827096207,1186439168,11,0.0284090909090909,ml100k,1,,ml100k,itemknn,quota_mmr,1
retrieve_select,itemknn,0.3148997999960556,0.3125,0.203125,0.109375,0.9923791631621052,1186439168,30,0.0104166666666666,ml100k,1,,ml100k,itemknn,quota_mmr,1
rerank,itemknn,0.539689700002782,0.53125,0.53125,0.0,0.98436193982813,1186439168,1,0.53125,ml100k,1,,ml100k,itemknn,quota_mmr,1
train,itemknn,0.3856159999995725,0.390625,0.34375,0.046875,1.012989606241528,1186439168,2,0.1953125,ml100k,1,,ml100k,itemknn,quota_mmr,1
rerank_setup,itemknn,0.3579301999998279,0.359375,0.28125,0.078125,1.0040365412032088,1186439168,4,0.08984375,ml100k,1,,ml100k,itemknn,quota_mmr,1
retrieve_score,itemknn,0.3276485999958822,0.328125,0.328125,0.0,1.0014539967639835,1186439168,12,0.02734375,ml100k,1,,ml100k,itemknn,quota_mmr,1
retrieve_select,itemknn,0.3109497000041301,0.3125,0.234375,0.078125,1.0049856938143027,1186439168,21,0.0148809523809523,ml100k,1,,ml100k,itemknn,quota_mmr,1
rerank,itemknn,1.3677093999940553,1.359375,1.25,0.109375,0.99390630787937,1186439168,1,1.359375,ml100k,1,,ml100k,itemknn,quota_mmr,1
train,itemknn,0.38600420000148,0.390625,0.34375,0.046875,1.0119708541992607,1186439168,2,0.1953125,ml100k,1,,ml100k,itemknn,quota_mmr,1
rerank_setup,itemknn,0.3626996000020881,0.359375,0.28125,0.078125,0.9908337367836386,1186439168,4,0.08984375,ml100k,1,,ml100k,itemknn,quota_mmr,1
retrieve_score,itemknn,0.3225582000013673,0.328125,0.328125,0.0,1.017258280826868,1186439168,12,0.02734375,ml100k,1,,ml100k,itemknn,quota_mmr,1
retrieve_select,itemknn,0.3067507999949157,0.3125,0.21875,0.09375,1.0187422494258518,1186439168,17,0.0183823529411764,ml100k,1,,ml100k,itemknn,quota_mmr,1
rerank,itemknn,3.136698200003593,3.125,2.734375,0.390625,0.9962705369603044,1186439168,1,3.125,ml100k,1,,ml100k,itemknn,quota_mmr,1
train,als,4.763924500002759,5.875,5.265625,0.609375,1.2332269329618044,1186439168,1,5.875,ml100k,1,,ml100k,als,none,1
retrieve_score,als,0.3089257000028738,0.3125,0.296875,0.015625,1.0115700959715976,1186439168,24,0.0130208333333333,ml100k,1,,ml100k,als,none,1
retrieve_select,als,0.3134442000009585,0.3125,0.28125,0.03125,0.9969876615966872,1186439168,43,0.0072674418604651,ml100k,1,,ml100k,als,none,1
train,als,4.801213700004155,5.640625,5.109375,0.53125,1.1748331468759907,1186439168,1,5.640625,ml100k,1,,ml100k,als,none,1
retrieve_score,als,0.2049837000013212,0.3125,0.296875,0.015625,1.5245114611453774,1186439168,16,0.01953125,ml100k,1,,ml100k,als,none,1
retrieve_select,als,0.3067021999959252,0.3125,0.265625,0.046875,1.018903679217664,1186439168,38,0.0082236842105263,ml100k,1,,ml100k,als,none,1
train,als,4.7510210999971605,5.640625,5.15625,0.484375,1.1872447798649792,1186439168,1,5.640625,ml100k,1,,ml100k,als,none,1
retrieve_score,als,0.2028837999969255,0.3125,0.28125,0.03125,1.540290550574938,1186439168,16,0.01953125,ml100k,1,,ml100k,als,none,1
retrieve_select,als,0.3172483000016655,0.3125,0.1875,0.125,0.9850328591149564,1186439168,31,0.0100806451612903,ml100k,1,,ml100k,als,none,1
train,als,4.7866030000004685,5.625,5.0625,0.5625,1.1751549063081792,1186439168,1,5.625,ml100k,1,,ml100k,als,none,1
retrieve_score,als,0.2804837000003317,0.375,0.359375,0.015625,1.3369760880919517,1186439168,22,0.0170454545454545,ml100k,1,,ml100k,als,none,1
retrieve_select,als,0.3084563000011258,0.3125,0.234375,0.078125,1.0131094744988494,1186439168,23,0.0135869565217391,ml100k,1,,ml100k,als,none,1
train,als,4.733358799996495,5.734375,5.15625,0.578125,1.211481157947343,1186439168,1,5.734375,ml100k,1,,ml100k,als,none,1
retrieve_score,als,0.292643599997973,0.3125,0.28125,0.03125,1.0678518170298767,1186439168,23,0.0135869565217391,ml100k,1,,ml100k,als,none,1
retrieve_select,als,0.3230545000042184,0.3125,0.28125,0.03125,0.9673290419911172,1186439168,16,0.01953125,ml100k,1,,ml100k,als,none,1
train,als,4.738689500001783,6.0,5.203125,0.796875,1.2661728522195308,1186439168,1,6.0,ml100k,1,,ml100k,als,quota_mmr,1
rerank_setup,als,0.3592860999997356,0.359375,0.25,0.109375,1.000247435122774,1186439168,4,0.08984375,ml100k,1,,ml100k,als,quota_mmr,1
retrieve_score,als,0.1931915000022854,0.3125,0.296875,0.015625,1.6175659902030013,1186439168,15,0.0208333333333333,ml100k,1,,ml100k,als,quota_mmr,1
retrieve_select,als,0.310745599999791,0.3125,0.234375,0.078125,1.0056457758378885,1186439168,43,0.0072674418604651,ml100k,1,,ml100k,als,quota_mmr,1
rerank,als,0.4132450999968569,0.40625,0.40625,0.0,0.9830727575549956,1186439168,3,0.1354166666666666,ml100k,1,,ml100k,als,quota_mmr,1
train,als,4.792096500001208,5.78125,5.171875,0.609375,1.2064135185922369,1186439168,1,5.78125,ml100k,1,,ml100k,als,quota_mmr,1
rerank_setup,als,0.3715264999991632,0.375,0.3125,0.0625,1.0093492658016174,1186439168,4,0.09375,ml100k,1,,ml100k,als,quota_mmr,1
retrieve_score,als,0.2049890999987837,0.3125,0.1875,0.125,1.5244713011660331,1186439168,16,0.01953125,ml100k,1,,ml100k,als,quota_mmr,1
retrieve_select,als,0.3087532999998075,0.3125,0.234375,0.078125,1.012134931028089,1186439168,34,0.0091911764705882,ml100k,1,,ml100k,als,quota_mmr,1
rerank,als,0.6095283000031486,0.609375,0.609375,0.0,0.9997484940352273,1186439168,2,0.3046875,ml100k,1,,ml100k,als,quota_mmr,1
train,als,4.805513899998914,5.78125,5.28125,0.5,1.2030451103265576,1186439168,1,5.78125,ml100k,1,,ml100k,als,quota_mmr,1
rerank_setup,als,0.3643380000066827,0.359375,0.3125,0.046875,0.9863780335661072,1186439168,4,0.08984375,ml100k,1,,ml100k,als,quota_mmr,1
retrieve_score,als,0.3084594999963883,0.3125,0.28125,0.03125,1.0130989643815769,1186439168,23,0.0135869565217391,ml100k,1,,ml100k,als,quota_mmr,1
retrieve_select,als,0.3123586000001523,0.3125,0.265625,0.046875,1.0004526848303443,1186439168,31,0.0100806451612903,ml100k,1,,ml100k,als,quota_mmr,1
rerank,als,0.6359245999992709,0.640625,0.609375,0.03125,1.0073914423199457,1186439168,1,0.640625,ml100k,1,,ml100k,als,quota_mmr,1
train,als,4.743748499997309,5.734375,5.03125,0.703125,1.2088277867182993,1186439168,1,5.734375,ml100k,1,,ml100k,als,quota_mmr,1
rerank_setup,als,0.3567640999972354,0.34375,0.296875,0.046875,0.9635218341830462,1186439168,4,0.0859375,ml100k,1,,ml100k,als,quota_mmr,1
retrieve_score,als,0.2322208999976283,0.3125,0.25,0.0625,1.345701442045878,1186439168,18,0.0173611111111111,ml100k,1,,ml100k,als,quota_mmr,1
retrieve_select,als,0.3071071000013035,0.3125,0.25,0.0625,1.017560323413798,1186439168,23,0.0135869565217391,ml100k,1,,ml100k,als,quota_mmr,1
rerank,als,1.5549602000028244,1.5625,1.46875,0.09375,1.0048488700850104,1186439168,1,1.5625,ml100k,1,,ml100k,als,quota_mmr,1
train,als,4.775354500001413,5.859375,5.3125,0.546875,1.227003147095837,1186439168,1,5.859375,ml100k,1,,ml100k,als,quota_mmr,1
rerank_setup,als,0.3594449000011082,0.359375,0.296875,0.0625,0.9998055334736756,1186439168,4,0.08984375,ml100k,1,,ml100k,als,quota_mmr,1
retrieve_score,als,0.2663108999986434,0.375,0.21875,0.15625,1.4081286196017897,1186439168,21,0.0178571428571428,ml100k,1,,ml100k,als,quota_mmr,1
retrieve_select,als,0.3090069000027142,0.3125,0.25,0.0625,1.0113042783098212,1186439168,15,0.0208333333333333,ml100k,1,,ml100k,als,quota_mmr,1
rerank,als,3.2894698999953107,3.296875,2.859375,0.4375,1.002251152991155,1186439168,1,3.296875,ml100k,1,,ml100k,als,quota_mmr,1
train,popularity,0.3057499999995343,0.3125,0.3125,0.0,1.022076860181442,1186439168,1904,0.0001641281512605,ml100k,2,,ml100k,popularity,none,2
retrieve_score,popularity,0.3180973999988055,0.3125,0.3125,0.0,0.982403502830182,1186439168,27,0.011574074074074,ml100k,2,,ml100k,popularity,none,2
retrieve_select,popularity,0.3172210999982781,0.3125,0.25,0.0625,0.98511732038536,1186439168,40,0.0078125,ml100k,2,,ml100k,popularity,none,2
train,popularity,0.3082992000054219,0.3125,0.3125,0.0,1.013625724602932,1186439168,1920,0.0001627604166666,ml100k,2,,ml100k,popularity,none,2
retrieve_score,popularity,0.3128395000021555,0.3125,0.3125,0.0,0.9989147789772288,1186439168,26,0.0120192307692307,ml100k,2,,ml100k,popularity,none,2
retrieve_select,popularity,0.3345169000021997,0.3125,0.265625,0.046875,0.9341829964284168,1186439168,41,0.0076219512195121,ml100k,2,,ml100k,popularity,none,2
train,popularity,0.2981440000003204,0.3125,0.296875,0.015625,1.0481512289352266,1186439168,1883,0.0001659585767392,ml100k,2,,ml100k,popularity,none,2
retrieve_score,popularity,0.3131807000027038,0.3125,0.3125,0.0,0.9978264944081868,1186439168,27,0.011574074074074,ml100k,2,,ml100k,popularity,none,2
retrieve_select,popularity,0.3115235999939614,0.3125,0.234375,0.078125,1.0031342729926642,1186439168,30,0.0104166666666666,ml100k,2,,ml100k,popularity,none,2
train,popularity,0.3020717000035802,0.3125,0.3125,0.0,1.0345225984304265,1186439168,1851,0.0001688276607239,ml100k,2,,ml100k,popularity,none,2
retrieve_score,popularity,0.3175791000030585,0.3125,0.28125,0.03125,0.984006819079059,1186439168,27,0.011574074074074,ml100k,2,,ml100k,popularity,none,2
retrieve_select,popularity,0.3193820000014966,0.3125,0.234375,0.078125,0.9784521356824606,1186439168,24,0.0130208333333333,ml100k,2,,ml100k,popularity,none,2
train,popularity,0.3082570000042324,0.3125,0.3125,0.0,1.0137644887081538,1186439168,1946,0.0001605858170606,ml100k,2,,ml100k,popularity,none,2
retrieve_score,popularity,0.3218372999981511,0.3125,0.265625,0.046875,0.9709875145043636,1186439168,28,0.0111607142857142,ml100k,2,,ml100k,popularity,none,2
retrieve_select,popularity,0.3159076000010827,0.3125,0.234375,0.078125,0.9892133016075868,1186439168,15,0.0208333333333333,ml100k,2,,ml100k,popularity,none,2
train,popularity,0.3098539000056917,0.3125,0.3125,0.0,1.008539831172884,1186439168,1902,0.0001643007360672,ml100k,2,,ml100k,popularity,quota_mmr,2
rerank_setup,popularity,0.3596328000057838,0.359375,0.3125,0.046875,0.999283157693682,1186439168,4,0.08984375,ml100k,2,,ml100k,popularity,quota_mmr,2
retrieve_score,popularity,0.3153679999959422,0.3125,0.3125,0.0,0.9909058623703764,1186439168,27,0.011574074074074,ml100k,2,,ml100k,popularity,quota_mmr,2
retrieve_select,popularity,0.3158480999991297,0.3125,0.25,0.0625,0.9893996512907977,1186439168,42,0.0074404761904761,ml100k,2,,ml100k,popularity,quota_mmr,2
rerank,popularity,0.337352100003045,0.34375,0.34375,0.0,1.0189650516386208,1186439168,3,0.1145833333333333,ml100k,2,,ml100k,popularity,quota_mmr,2
train,popularity,0.3049381999953766,0.3125,0.3125,0.0,1.0247978115065215,1186439168,1890,0.0001653439153439,ml100k,2,,ml100k,popularity,quota_mmr,2
rerank_setup,popularity,0.3574255999992601,0.34375,0.25,0.09375,0.9617386107786112,1186439168,4,0.0859375,ml100k,2,,ml100k,popularity,quota_mmr,2
retrieve_score,popularity,0.3013977000009618,0.3125,0.296875,0.015625,1.0368360475179563,1186439168,26,0.0120192307692307,ml100k,2,,ml100k,popularity,quota_mmr,2
retrieve_select,popularity,0.3141408000010415,0.3125,0.21875,0.09375,0.9947768643836266,1186439168,38,0.0082236842105263,ml100k,2,,ml100k,popularity,quota_mmr,2
rerank,popularity,0.44905380000273,0.453125,0.4375,0.015625,1.0090661742473737,1186439168,2,0.2265625,ml100k,2,,ml100k,popularity,quota_mmr,2
train,popularity,0.301794000006339,0.3125,0.3125,0.0,1.0354745289615963,1186439168,1931,0.0001618332470222,ml100k,2,,ml100k,popularity,quota_mmr,2
rerank_setup,popularity,0.3736324999990756,0.359375,0.3125,0.046875,0.961840846288503,1186439168,4,0.08984375,ml100k,2,,ml100k,popularity,quota_mmr,2
retrieve_score,popularity,0.3152608000018517,0.3125,0.296875,0.015625,0.9912428059503892,1186439168,25,0.0125,ml100k,2,,ml100k,popularity,quota_mmr,2
retrieve_select,popularity,0.3240117999957874,0.3125,0.234375,0.078125,0.9644710470546533,1186439168,31,0.0100806451612903,ml100k,2,,ml100k,popularity,quota_mmr,2
rerank,popularity,0.52511190000223,0.53125,0.5,0.03125,1.01168912758927,1186439168,1,0.53125,ml100k,2,,ml100k,popularity,quota_mmr,2
train,popularity,0.3116298000022652,0.3125,0.3125,0.0,1.0027924158656472,1186439168,1926,0.0001622533748701,ml100k,2,,ml100k,popularity,quota_mmr,2
rerank_setup,popularity,0.3574436999988393,0.34375,0.28125,0.0625,0.9616899108897884,1186439168,4,0.0859375,ml100k,2,,ml100k,popularity,quota_mmr,2
retrieve_score,popularity,0.3042596000013873,0.3125,0.296875,0.015625,1.027083451100886,1186439168,26,0.0120192307692307,ml100k,2,,ml100k,popularity,quota_mmr,2
retrieve_select,popularity,0.3136540000050445,0.3125,0.28125,0.03125,0.9963207865832224,1186439168,23,0.0135869565217391,ml100k,2,,ml100k,popularity,quota_mmr,2
rerank,popularity,1.3457144999993034,1.34375,1.15625,0.1875,0.9985401807000636,1186439168,1,1.34375,ml100k,2,,ml100k,popularity,quota_mmr,2
train,popularity,0.3003944999945815,0.3125,0.3125,0.0,1.040298673929239,1186439168,1868,0.0001672912205567,ml100k,2,,ml100k,popularity,quota_mmr,2
rerank_setup,popularity,0.3591611999945598,0.34375,0.296875,0.046875,0.9570911334665512,1186439168,4,0.0859375,ml100k,2,,ml100k,popularity,quota_mmr,2
retrieve_score,popularity,0.3003215999997337,0.3125,0.28125,0.03125,1.040551195785708,1186439168,26,0.0120192307692307,ml100k,2,,ml100k,popularity,quota_mmr,2
retrieve_select,popularity,0.3110360000064247,0.3125,0.265625,0.046875,1.0047068506331904,1186439168,14,0.0223214285714285,ml100k,2,,ml100k,popularity,quota_mmr,2
rerank,popularity,3.4570945000014035,3.4375,2.859375,0.578125,0.9943320901406092,1186439168,1,3.4375,ml100k,2,,ml100k,popularity,quota_mmr,2
train,itemknn,0.3913811000020359,0.390625,0.34375,0.046875,0.9980681233661206,1186439168,2,0.1953125,ml100k,2,,ml100k,itemknn,none,2
retrieve_score,itemknn,0.3220912999968277,0.328125,0.3125,0.015625,1.0187328872379715,1186439168,12,0.02734375,ml100k,2,,ml100k,itemknn,none,2
retrieve_select,itemknn,0.3172739000001456,0.3125,0.21875,0.09375,0.9849533793982316,1186439168,45,0.0069444444444444,ml100k,2,,ml100k,itemknn,none,2
train,itemknn,0.3932790999970166,0.390625,0.359375,0.03125,0.9932513576311665,1186439168,2,0.1953125,ml100k,2,,ml100k,itemknn,none,2
retrieve_score,itemknn,0.3188171000001603,0.328125,0.328125,0.0,1.0291951090447629,1186439168,12,0.02734375,ml100k,2,,ml100k,itemknn,none,2
retrieve_select,itemknn,0.3202833999966969,0.3125,0.296875,0.015625,0.9756983971171242,1186439168,40,0.0078125,ml100k,2,,ml100k,itemknn,none,2
train,itemknn,0.3846376000001328,0.390625,0.359375,0.03125,1.0155663408877995,1186439168,2,0.1953125,ml100k,2,,ml100k,itemknn,none,2
retrieve_score,itemknn,0.3177828999978374,0.3125,0.296875,0.015625,0.9833757574813708,1186439168,12,0.0260416666666666,ml100k,2,,ml100k,itemknn,none,2
retrieve_select,itemknn,0.3097981000028085,0.3125,0.203125,0.109375,1.008721486662336,1186439168,30,0.0104166666666666,ml100k,2,,ml100k,itemknn,none,2
train,itemknn,0.3845645999972475,0.375,0.359375,0.015625,0.9751287560079216,1186439168,2,0.1875,ml100k,2,,ml100k,itemknn,none,2
retrieve_score,itemknn,0.313724400002684,0.3125,0.3125,0.0,0.996097211429288,1186439168,11,0.0284090909090909,ml100k,2,,ml100k,itemknn,none,2
retrieve_select,itemknn,0.2992371000000275,0.3125,0.296875,0.015625,1.0443223784750326,1186439168,21,0.0148809523809523,ml100k,2,,ml100k,itemknn,none,2
train,itemknn,0.3914513000054285,0.390625,0.328125,0.0625,0.997889137153416,1186439168,2,0.1953125,ml100k,2,,ml100k,itemknn,none,2
retrieve_score,itemknn,0.313683200001833,0.3125,0.296875,0.015625,0.996228041534178,1186439168,11,0.0284090909090909,ml100k,2,,ml100k,itemknn,none,2
retrieve_select,itemknn,0.3024814000018523,0.3125,0.265625,0.046875,1.03312137539064,1186439168,16,0.01953125,ml100k,2,,ml100k,itemknn,none,2
train,itemknn,0.3941250999996555,0.390625,0.34375,0.046875,0.991119317192286,1186439168,2,0.1953125,ml100k,2,,ml100k,itemknn,quota_mmr,2
rerank_setup,itemknn,0.356982400000561,0.359375,0.25,0.109375,1.0067022912038106,1186439168,4,0.08984375,ml100k,2,,ml100k,itemknn,quota_mmr,2
retrieve_score,itemknn,0.2998024999978952,0.3125,0.3125,0.0,1.042352882321508,1186439168,11,0.0284090909090909,ml100k,2,,ml100k,itemknn,quota_mmr,2
retrieve_select,itemknn,0.3141226000007009,0.3125,0.25,0.0625,0.9948345009219416,1186439168,43,0.0072674418604651,ml100k,2,,ml100k,itemknn,quota_mmr,2
rerank,itemknn,0.3159846999988076,0.3125,0.3125,0.0,0.9889719344043532,1186439168,3,0.1041666666666666,ml100k,2,,ml100k,itemknn,quota_mmr,2
train,itemknn,0.3883974999989732,0.375,0.328125,0.046875,0.965505699704533,1186439168,2,0.1875,ml100k,2,,ml100k,itemknn,quota_mmr,2
rerank_setup,itemknn,0.3635219999996479,0.375,0.296875,0.078125,1.0315744301592835,1186439168,4,0.09375,ml100k,2,,ml100k,itemknn,quota_mmr,2
retrieve_score,itemknn,0.319259099996998,0.3125,0.3125,0.0,0.9788287945525702,1186439168,12,0.0260416666666666,ml100k,2,,ml100k,itemknn,quota_mmr,2
retrieve_select,itemknn,0.3090971000056015,0.3125,0.203125,0.109375,1.0110091618275836,1186439168,39,0.0080128205128205,ml100k,2,,ml100k,itemknn,quota_mmr,2
rerank,itemknn,0.4551970000029541,0.453125,0.453125,0.0,0.9954481246516548,1186439168,2,0.2265625,ml100k,2,,ml100k,itemknn,quota_mmr,2
train,itemknn,0.3869697000045562,0.390625,0.34375,0.046875,1.0094459591937062,1186439168,2,0.1953125,ml100k,2,,ml100k,itemknn,quota_mmr,2
rerank_setup,itemknn,0.3585623999970266,0.359375,0.296875,0.0625,1.0022662722108622,1186439168,4,0.08984375,ml100k,2,,ml100k,itemknn,quota_mmr,2
retrieve_score,itemknn,0.3159897000005003,0.3125,0.3125,0.0,0.9889562855988826,1186439168,11,0.0284090909090909,ml100k,2,,ml100k,itemknn,quota_mmr,2
retrieve_select,itemknn,0.3086922000002232,0.3125,0.234375,0.078125,1.0123352647063126,1186439168,30,0.0104166666666666,ml100k,2,,ml100k,itemknn,quota_mmr,2
rerank,itemknn,0.5332902000009199,0.53125,0.53125,0.0,0.9961743155960556,1186439168,1,0.53125,ml100k,2,,ml100k,itemknn,quota_mmr,2
train,itemknn,0.3855236000017612,0.375,0.328125,0.046875,0.9727030978085048,1186439168,2,0.1875,ml100k,2,,ml100k,itemknn,quota_mmr,2
rerank_setup,itemknn,0.3592598999966867,0.359375,0.328125,0.03125,1.0003203808811234,1186439168,4,0.08984375,ml100k,2,,ml100k,itemknn,quota_mmr,2
retrieve_score,itemknn,0.3231916000004275,0.328125,0.328125,0.0,1.0152646294011536,1186439168,12,0.02734375,ml100k,2,,ml100k,itemknn,quota_mmr,2
retrieve_select,itemknn,0.3093050000024959,0.3125,0.265625,0.046875,1.0103296099237913,1186439168,21,0.0148809523809523,ml100k,2,,ml100k,itemknn,quota_mmr,2
rerank,itemknn,1.3802450000002864,1.375,1.296875,0.078125,0.9961999500086686,1186439168,1,1.375,ml100k,2,,ml100k,itemknn,quota_mmr,2
train,itemknn,0.3866591000041808,0.390625,0.359375,0.03125,1.0102568386358328,1186439168,2,0.1953125,ml100k,2,,ml100k,itemknn,quota_mmr,2
rerank_setup,itemknn,0.3613983000032021,0.359375,0.265625,0.09375,0.9944014678453544,1186439168,4,0.08984375,ml100k,2,,ml100k,itemknn,quota_mmr,2
retrieve_score,itemknn,0.3260024000046542,0.328125,0.28125,0.046875,1.0065109949967102,1186439168,12,0.02734375,ml100k,2,,ml100k,itemknn,quota_mmr,2
retrieve_select,itemknn,0.3153411000021151,0.3125,0.234375,0.078125,0.9909903910334046,1186439168,17,0.0183823529411764,ml100k,2,,ml100k,itemknn,quota_mmr,2
rerank,itemknn,3.6023366000008537,3.59375,3.03125,0.5625,0.997616380434618,1191579648,1,3.59375,ml100k,2,,ml100k,itemknn,quota_mmr,2
train,als,4.7438197000010405,5.578125,5.015625,0.5625,1.1758720509547984,1191579648,1,5.578125,ml100k,2,,ml100k,als,none,2
retrieve_score,als,0.2058369000005768,0.3125,0.265625,0.046875,1.5181923163394135,1191579648,16,0.01953125,ml100k,2,,ml100k,als,none,2
retrieve_select,als,0.3098623999976553,0.3125,0.171875,0.140625,1.008512165407499,1191579648,43,0.0072674418604651,ml100k,2,,ml100k,als,none,2
train,als,4.752198700000008,5.78125,5.078125,0.703125,1.2165421450075289,1191579648,1,5.78125,ml100k,2,,ml100k,als,none,2
retrieve_score,als,0.0882289000001037,0.3125,0.078125,0.234375,3.5419233380403985,1191579648,7,0.0446428571428571,ml100k,2,,ml100k,als,none,2
retrieve_select,als,0.3064034999988507,0.3125,0.234375,0.078125,1.0198969659327397,1191579648,37,0.0084459459459459,ml100k,2,,ml100k,als,none,2
train,als,4.738123600000108,5.96875,5.453125,0.515625,1.2597286402574774,1191579648,1,5.96875,ml100k,2,,ml100k,als,none,2
retrieve_score,als,0.1657147000005352,0.375,0.328125,0.046875,2.262925377162007,1191579648,13,0.0288461538461538,ml100k,2,,ml100k,als,none,2
retrieve_select,als,0.308596300004865,0.3125,0.265625,0.046875,1.0126498600115212,1191579648,31,0.0100806451612903,ml100k,2,,ml100k,als,none,2
train,als,4.7365502000029664,6.046875,5.5,0.546875,1.2766411723021984,1191579648,1,6.046875,ml100k,2,,ml100k,als,none,2
retrieve_score,als,0.2035677000021678,0.3125,0.3125,0.0,1.5351158361403705,1191579648,16,0.01953125,ml100k,2,,ml100k,als,none,2
retrieve_select,als,0.3145154000012553,0.3125,0.234375,0.078125,0.9935920466811886,1191579648,23,0.0135869565217391,ml100k,2,,ml100k,als,none,2
train,als,4.75280180000118,5.9375,5.25,0.6875,1.2492631188614949,1191579648,1,5.9375,ml100k,2,,ml100k,als,none,2
retrieve_score,als,0.291966600001615,0.3125,0.296875,0.015625,1.0703279073643062,1191579648,23,0.0135869565217391,ml100k,2,,ml100k,als,none,2
retrieve_select,als,0.3119499000022188,0.3125,0.21875,0.09375,1.0017634241837463,1191579648,14,0.0223214285714285,ml100k,2,,ml100k,als,none,2
train,als,4.743057699997735,5.875,5.09375,0.78125,1.238652441441479,1191579648,1,5.875,ml100k,2,,ml100k,als,quota_mmr,2
rerank_setup,als,0.3557680000012624,0.34375,0.25,0.09375,0.9662195588101804,1191579648,4,0.0859375,ml100k,2,,ml100k,als,quota_mmr,2
retrieve_score,als,0.2027178999996977,0.3125,0.1875,0.125,1.5415510914451365,1191579648,16,0.01953125,ml100k,2,,ml100k,als,quota_mmr,2
retrieve_select,als,0.3099513999986811,0.3125,0.25,0.0625,1.0082225794151267,1191579648,41,0.0076219512195121,ml100k,2,,ml100k,als,quota_mmr,2
rerank,als,0.4045760000008158,0.40625,0.40625,0.0,1.0041376651091038,1191579648,3,0.1354166666666666,ml100k,2,,ml100k,als,quota_mmr,2
train,als,4.754734299996926,6.078125,5.421875,0.65625,1.2783311572223772,1191579648,1,6.078125,ml100k,2,,ml100k,als,quota_mmr,2
rerank_setup,als,0.3585088999971049,0.359375,0.296875,0.0625,1.002415839614866,1191579648,4,0.08984375,ml100k,2,,ml100k,als,quota_mmr,2
retrieve_score,als,0.3008800999959931,0.3125,0.28125,0.03125,1.038619702679445,1191579648,23,0.0135869565217391,ml100k,2,,ml100k,als,quota_mmr,2
retrieve_select,als,0.3048774999988382,0.3125,0.21875,0.09375,1.0250018450072271,1191579648,38,0.0082236842105263,ml100k,2,,ml100k,als,quota_mmr,2
rerank,als,0.5773053999946569,0.59375,0.59375,0.0,1.0284850964593355,1191579648,2,0.296875,ml100k,2,,ml100k,als,quota_mmr,2
train,als,4.74504899999738,5.90625,5.046875,0.859375,1.2447184423181428,1191579648,1,5.90625,ml100k,2,,ml100k,als,quota_mmr,2
rerank_setup,als,0.357057099994563,0.359375,0.296875,0.0625,1.0064916787972351,1191579648,4,0.08984375,ml100k,2,,ml100k,als,quota_mmr,2
retrieve_score,als,0.3088152000054833,0.3125,0.28125,0.03125,1.011932055139939,1191579648,24,0.0130208333333333,ml100k,2,,ml100k,als,quota_mmr,2
retrieve_select,als,0.3089423999990686,0.3125,0.25,0.0625,1.0115154151742918,1191579648,31,0.0100806451612903,ml100k,2,,ml100k,als,quota_mmr,2
rerank,als,0.6514346999974805,0.65625,0.625,0.03125,1.007391838356996,1191579648,1,0.65625,ml100k,2,,ml100k,als,quota_mmr,2
train,als,4.777776499999163,5.875,5.234375,0.640625,1.2296514916511956,1191579648,1,5.875,ml100k,2,,ml100k,als,quota_mmr,2
rerank_setup,als,0.3725303999963216,0.375,0.3125,0.0625,1.0066292576490474,1191579648,4,0.09375,ml100k,2,,ml100k,als,quota_mmr,2
retrieve_score,als,0.2919602999972994,0.3125,0.3125,0.0,1.0703510032113632,1191579648,22,0.0142045454545454,ml100k,2,,ml100k,als,quota_mmr,2
retrieve_select,als,0.315838900001836,0.3125,0.203125,0.109375,0.9894284712813508,1191579648,23,0.0135869565217391,ml100k,2,,ml100k,als,quota_mmr,2
rerank,als,1.5438295999992988,1.546875,1.453125,0.09375,1.0019726270313138,1191579648,1,1.546875,ml100k,2,,ml100k,als,quota_mmr,2
train,als,4.768509699999413,5.8125,5.234375,0.578125,1.2189342930351417,1191579648,1,5.8125,ml100k,2,null,ml100k,als,quota_mmr,2
rerank_setup,als,0.35738300000230083,0.359375,0.28125,0.078125,1.005573852135346,1191579648,4,0.08984375,ml100k,2,null,ml100k,als,quota_mmr,2
retrieve_score,als,0.24027149999892572,0.328125,0.234375,0.09375,1.3656426167958626,1191579648,19,0.017269736842105265,ml100k,2,null,ml100k,als,quota_mmr,2
retrieve_select,als,0.3121778000058839,0.3125,0.25,0.0625,1.0010321041217858,1191579648,14,0.022321428571428572,ml100k,2,null,ml100k,als,quota_mmr,2
rerank,als,3.850762100002612,3.859375,3.328125,0.53125,1.0022366741371487,1191579648,1,3.859375,ml100k,2,null,ml100k,als,quota_mmr,2
