dataset,family,reranker,n_users,n_candidates,k,cpu_train,wall_train,cpu_rerank_setup,wall_rerank_setup,cpu_retrieve_score,wall_retrieve_score,cpu_retrieve_select,wall_retrieve_select,cpu_rerank,wall_rerank,cpu_once,cpu_per_request,ndcg,ndcg_vs_retrieval,recall,exposure_parity,catalogue_coverage,gini,candidate_hit_rate,note.seed,note.lam,note.mu,repeat,n_candidates_requested,status,error,below_quantum,n_items,n_train_users,density,trustworthy,busy_pct_at_start,intra_list_similarity,note.n_candidates_requested,note.n_candidates_capped_by,note.n_candidates_kept_fraction
ml100k,popularity,none,200,50,10,0.0001731301939058,0.3037845999970159,0.0,0.0,0.011574074074074,0.3246872999989136,0.0076219512195121,0.3054955000006885,0.0,0.0,0.0001731301939058,9.598012646793134e-05,0.0527225807997784,1.0,0.11,1.2005,0.0385470719051149,0.98322090437361,0.225,0,0.3,1.0,0,50,ok,,,1349,943,0.0773079623019132,True,4.2,,,,
ml100k,popularity,none,200,100,10,0.0001619170984455,0.3041947000019718,0.0,0.0,0.011574074074074,0.3147706000017933,0.0089285714285714,0.3106780000016442,0.0,0.0,0.0001619170984455,0.0001025132275132,0.0527225807997784,1.0,0.11,1.2005,0.0385470719051149,0.98322090437361,0.365,0,0.3,1.0,0,100,ok,,,1349,943,0.0773079623019132,True,4.2,,,,
ml100k,popularity,none,200,200,10,0.000166135034556,0.3084975000019767,0.0,0.0,0.011574074074074,0.3192713999997068,0.0107758620689655,0.3123954999973648,0.0,0.0,0.000166135034556,0.0001117496807151,0.0527225807997784,1.0,0.11,1.2005,0.0385470719051149,0.98322090437361,0.5,0,0.3,1.0,0,200,ok,,,1349,943,0.0773079623019132,True,4.2,,,,
ml100k,popularity,none,200,400,10,0.000162422037422,0.3101027000011527,0.0,0.0,0.0111607142857142,0.3223593000002438,0.0142045454545454,0.3118432999981451,0.0,0.0,0.000162422037422,0.0001268262987012,0.0527225807997784,1.0,0.11,1.2005,0.0385470719051149,0.98322090437361,0.715,0,0.3,1.0,0,400,ok,,,1349,943,0.0773079623019132,True,4.2,,,,
ml100k,popularity,none,200,800,10,0.0001965408805031,0.299776900003053,0.0,0.0,0.015625,0.3340934000007109,0.0223214285714285,0.3129838000022573,0.0,0.0,0.0001965408805031,0.0001897321428571,0.0527225807997784,1.0,0.11,1.2005,0.0385470719051149,0.98322090437361,0.92,0,0.3,1.0,0,800,ok,,,1349,943,0.0773079623019132,True,4.2,,,,
ml100k,popularity,quota_mmr,200,50,10,0.0001767533936651,0.3112954999996873,0.09375,0.3850300999984029,0.0130208333333333,0.3032934000002569,0.0080128205128205,0.31950439999855,0.1197916666666666,0.3691312999981164,0.0939267533936651,0.0007041266025641,0.0582760801620849,0.9141206939082096,0.12,0.2385,0.0400296515937731,0.9853269088213492,0.225,0,0.3,1.0,0,50,ok,,,1349,943,0.0773079623019132,True,4.2,0.3641412665194039,,,
ml100k,popularity,quota_mmr,200,100,10,0.0001676502145922,0.3002726000013354,0.09375,0.3797314000003098,0.0125,0.3159329000009165,0.0086805555555555,0.3070197999986703,0.234375,0.4816685000005236,0.0939176502145922,0.0012777777777777,0.0551214313942276,0.9130084025392536,0.115,0.2395,0.0415122312824314,0.9852416604892512,0.365,0,0.3,1.0,0,100,ok,,,1349,943,0.0773079623019132,True,4.2,0.3617810200099312,,,
ml100k,popularity,quota_mmr,200,200,10,0.0001667556029882,0.3004655000004277,0.08984375,0.3633464999984426,0.0120192307692307,0.312092299998767,0.0107758620689655,0.3150607999996282,0.515625,0.5145370999998704,0.0900105056029882,0.0026921004641909,0.0551214313942276,0.9122173993334148,0.115,0.246,0.0415122312824314,0.9850926612305412,0.5,0,0.3,1.0,0,200,ok,,,1349,943,0.0773079623019132,True,4.2,0.3604117860291841,,,
ml100k,popularity,quota_mmr,200,400,10,0.0001610824742268,0.3053527000010945,0.08984375,0.371715099998255,0.0125,0.3051952999994682,0.0142045454545454,0.3147219000020413,1.34375,1.3385414000003948,0.0900048324742268,0.0068522727272727,0.0551214313942276,0.911511999542436,0.115,0.2475,0.0407709414381022,0.9850229799851742,0.715,0,0.3,1.0,0,400,ok,,,1349,943,0.0773079623019132,True,4.2,0.3589727243624847,,,
ml100k,popularity,quota_mmr,200,800,10,0.0001653439153439,0.3004763999997522,0.09375,0.3820484999996552,0.0125,0.3088873000015155,0.0208333333333333,0.3096955000000889,3.46875,3.4789673000013863,0.0939153439153439,0.0175104166666666,0.0551214313942276,0.9104631754270384,0.115,0.2495,0.0407709414381022,0.9848346923647148,0.92,0,0.3,1.0,0,800,ok,,,1349,943,0.0773079623019132,True,4.2,0.3567619564642927,,,
ml100k,itemknn,none,200,50,10,0.1953125,0.3876734999976179,0.0,0.0,0.0298295454545454,0.3191334000002825,0.0076219512195121,0.3181275999995705,0.0,0.0,0.1953125,0.0001872574833702,0.0471215195017992,1.0,0.1,1.1535000000000002,0.1022979985174203,0.9595700518902892,0.315,0,0.3,1.0,0,50,ok,,,1349,943,0.0773079623019132,True,4.2,,,,
ml100k,itemknn,none,200,100,10,0.1953125,0.3983107999993081,0.0,0.0,0.02734375,0.3289087999983167,0.0089285714285714,0.315333800001099,0.0,0.0,0.1953125,0.0001813616071428,0.0471215195017992,1.0,0.1,1.1535000000000002,0.1022979985174203,0.9595700518902892,0.415,0,0.3,1.0,0,100,ok,,,1349,943,0.0773079623019132,True,4.2,,,,
ml100k,itemknn,none,200,200,10,0.1953125,0.3894985000006272,0.0,0.0,0.0298295454545454,0.3251141000000643,0.011574074074074,0.3097017000000051,0.0,0.0,0.1953125,0.000207018097643,0.0471215195017992,1.0,0.1,1.1535000000000002,0.1022979985174203,0.9595700518902892,0.665,0,0.3,1.0,0,200,ok,,,1349,943,0.0773079623019132,True,4.2,,,,
ml100k,itemknn,none,200,400,10,0.1953125,0.3911258000007365,0.0,0.0,0.02734375,0.3305662999991909,0.0164473684210526,0.3100131999999576,0.0,0.0,0.1953125,0.0002189555921052,0.0471215195017992,1.0,0.1,1.1535000000000002,0.1022979985174203,0.9595700518902892,0.815,0,0.3,1.0,0,400,ok,,,1349,943,0.0773079623019132,True,4.2,,,,
ml100k,itemknn,none,200,800,10,0.203125,0.4031260999981896,0.0,0.0,0.0298295454545454,0.3285397999970882,0.0205078125,0.3242396999994525,0.0,0.0,0.203125,0.0002516867897727,0.0471215195017992,1.0,0.1,1.1535000000000002,0.1022979985174203,0.9595700518902892,0.905,0,0.3,1.0,0,800,ok,,,1349,943,0.0773079623019132,True,4.2,,,,
ml100k,itemknn,quota_mmr,200,50,10,0.203125,0.4317523999998229,0.109375,0.3384115999979258,0.03125,0.3120235999995202,0.0076219512195121,0.3138488000004145,0.1197916666666666,0.3615561000005982,0.3125,0.0007933180894308,0.0615142137243988,0.9192453470132104,0.14,0.2475,0.1015567086730911,0.9592965159377316,0.315,0,0.3,1.0,0,50,ok,,,1349,943,0.0773079623019132,True,4.2,0.4012230163672549,,,
ml100k,itemknn,quota_mmr,200,100,10,0.203125,0.4087864000030095,0.09765625,0.3888150000020687,0.0284090909090909,0.3317341000001761,0.0084459459459459,0.3095861000001605,0.25,0.5041517999998177,0.30078125,0.0014342751842751,0.0629470570933468,0.9165410501700888,0.145,0.2465,0.1074870274277242,0.9580726464047442,0.415,0,0.3,1.0,0,100,ok,,,1349,943,0.0773079623019132,True,4.2,0.396423394103337,,,
ml100k,itemknn,quota_mmr,200,200,10,0.1953125,0.4018183000007411,0.09375,0.3709755999989284,0.02734375,0.3337221999972826,0.0125,0.3005948999998509,0.5625,0.5642254000013054,0.2890625,0.0030117187499999,0.0634420618047613,0.914494187972906,0.145,0.2455,0.1104521868050407,0.957130467012602,0.665,0,0.3,1.0,0,200,ok,,,1349,943,0.0773079623019132,True,4.2,0.3921572959825227,,,
ml100k,itemknn,quota_mmr,200,400,10,0.1953125,0.3951923999993596,0.09375,0.3712556000027689,0.02734375,0.3338231000016094,0.0164473684210526,0.3122906000025978,1.609375,1.607250799999747,0.2890625,0.0082658305921052,0.0619369118264414,0.9127127103581444,0.14,0.245,0.1126760563380281,0.956432171979244,0.815,0,0.3,1.0,0,400,ok,,,1349,943,0.0773079623019132,True,4.2,0.3876646208953359,,,
ml100k,itemknn,quota_mmr,200,800,10,0.203125,0.4049113000000943,0.09765625,0.3844325999998546,0.0284090909090909,0.3142471999999543,0.01953125,0.3138187000004109,3.6875,3.68300839999938,0.30078125,0.0186772017045454,0.0619369118264414,0.9119580405525344,0.14,0.2445,0.1126760563380281,0.9563884358784284,0.905,0,0.3,1.0,0,800,ok,,,1349,943,0.0773079623019132,True,4.2,0.3855659732596743,,,
ml100k,als,none,200,50,10,4.03125,4.278476999999839,0.0,0.0,0.0142045454545454,0.3098744000017177,0.0076219512195121,0.3120669000018097,0.0,0.0,4.03125,0.0001091324833702,0.0702686881516989,1.0,0.165,0.8225,0.4225352112676056,0.776581171237954,0.4,0,0.3,1.0,0,50,ok,,,1349,943,0.0773079623019132,True,4.2,,,,
ml100k,als,none,200,100,10,3.96875,4.044551599999977,0.0,0.0,0.0135869565217391,0.3059642000007443,0.0082236842105263,0.3129074999997101,0.0,0.0,3.96875,0.0001090532036613,0.0702686881516989,1.0,0.165,0.8225,0.4225352112676056,0.776581171237954,0.525,0,0.3,1.0,0,100,ok,,,1349,943,0.0773079623019132,True,4.2,,,,
ml100k,als,none,200,200,10,3.71875,3.7841487000005145,0.0,0.0,0.0148809523809523,0.3043371999992814,0.0130208333333333,0.3157405000019935,0.0,0.0,3.71875,0.0001395089285714,0.0702686881516989,1.0,0.165,0.8225,0.4225352112676056,0.776581171237954,0.66,0,0.3,1.0,0,200,ok,,,1349,943,0.0773079623019132,True,4.2,,,,
ml100k,als,none,200,400,10,3.90625,3.9671913999991375,0.0,0.0,0.01953125,0.3160797000018647,0.0173611111111111,0.3136978000002273,0.0,0.0,3.90625,0.0001844618055555,0.0702686881516989,1.0,0.165,0.8225,0.4225352112676056,0.776581171237954,0.84,0,0.3,1.0,0,400,ok,,,1349,943,0.0773079623019132,True,4.2,,,,
ml100k,als,none,200,800,10,3.921875,3.920477600000595,0.0,0.0,0.015625,0.3133631000018795,0.0252403846153846,0.3247031000028073,0.0,0.0,3.921875,0.0002043269230769,0.0702686881516989,1.0,0.165,0.8225,0.4225352112676056,0.776581171237954,0.93,0,0.3,1.0,0,800,ok,,,1349,943,0.0773079623019132,True,4.2,,,,
ml100k,als,quota_mmr,200,50,10,4.09375,4.093152199999167,0.09765625,0.4034833000005164,0.0148809523809523,0.3202988999983063,0.0120192307692307,0.3045179000000644,0.15625,0.3225435999993351,4.19140625,0.0009157509157509,0.0596106820717359,0.9704459396309644,0.135,0.2679999999999999,0.4403261675315048,0.7720326167531505,0.4,0,0.3,1.0,0,50,ok,,,1349,943,0.0773079623019132,True,4.2,0.1770866692384824,,,
ml100k,als,quota_mmr,200,100,10,3.953125,3.9513842000014847,0.1015625,0.4159841000000597,0.0142045454545454,0.3058163999994576,0.0082236842105263,0.3148835000029066,0.3125,0.3060353000000759,4.0546875,0.0016746411483253,0.0494588050540856,0.967150826611076,0.11,0.2579999999999999,0.4366197183098591,0.7719962935507784,0.525,0,0.3,1.0,0,100,ok,,,1349,943,0.0773079623019132,True,4.2,0.1705541031721424,,,
ml100k,als,quota_mmr,200,200,10,4.0,4.059428199998365,0.109375,0.3429283000004943,0.015625,0.3090340999988257,0.0130208333333333,0.303502999999182,0.765625,0.8348652000022412,4.109375,0.0039713541666666,0.0517396862998914,0.964975935286848,0.115,0.259,0.4425500370644922,0.7655626389918458,0.66,0,0.3,1.0,0,200,ok,,,1349,943,0.0773079623019132,True,4.2,0.1629444513781293,,,
ml100k,als,quota_mmr,200,400,10,4.03125,4.179058999998233,0.09765625,0.3812025999977777,0.0142045454545454,0.3128242999991926,0.0142045454545454,0.3082036999985575,1.609375,1.6188514999994368,4.12890625,0.0081889204545454,0.0515864581992588,0.9627678545453788,0.115,0.256,0.4536693847294292,0.7588450704225352,0.84,0,0.3,1.0,0,400,ok,,,1349,943,0.0773079623019132,True,4.2,0.1563236592623882,,,
ml100k,als,quota_mmr,200,800,10,3.703125,3.804019999999582,0.09765625,0.3814396000016131,0.0142045454545454,0.3119187999982387,0.0223214285714285,0.3121074000009685,4.140625,4.1825050999977975,3.80078125,0.0208857548701298,0.051805576953453,0.9600978906882148,0.115,0.2535,0.4603409933283914,0.7523498888065233,0.93,0,0.3,1.0,0,800,ok,,,1349,943,0.0773079623019132,True,4.2,0.1504927658377796,,,
ml100k,popularity,none,200,50,10,0.0002136021872863,0.302830399999948,0.0,0.0,0.0125,0.3169086999987485,0.0074404761904761,0.3116035000020929,0.0,0.0,0.0002136021872863,9.970238095238094e-05,0.0425863760254837,1.0,0.1,1.1855000000000002,0.0496664195700518,0.9822001482579688,0.19,1,0.3,1.0,1,50,ok,,,1349,943,0.0773079623019132,True,4.2,,,,
ml100k,popularity,none,200,100,10,0.0001676502145922,0.3001538999997137,0.0,0.0,0.0125,0.3273116999989724,0.0094696969696969,0.3070446999990963,0.0,0.0,0.0001676502145922,0.0001098484848484,0.0425863760254837,1.0,0.1,1.1855000000000002,0.0496664195700518,0.9822001482579688,0.305,1,0.3,1.0,1,100,ok,,,1349,943,0.0773079623019132,True,4.2,,,,
ml100k,popularity,none,200,200,10,0.0001780626780626,0.3040005000002566,0.0,0.0,0.011574074074074,0.3161241000016161,0.0107758620689655,0.3102666000013414,0.0,0.0,0.0001780626780626,0.0001117496807151,0.0425863760254837,1.0,0.1,1.1855000000000002,0.0496664195700518,0.9822001482579688,0.45,1,0.3,1.0,1,200,ok,,,1349,943,0.0773079623019132,True,4.2,,,,
ml100k,popularity,none,200,400,10,0.000166135034556,0.299195999999938,0.0,0.0,0.0120192307692307,0.3243653999998059,0.0135869565217391,0.3099089999996067,0.0,0.0,0.000166135034556,0.0001280309364548,0.0425863760254837,1.0,0.1,1.1855000000000002,0.0496664195700518,0.9822001482579688,0.665,1,0.3,1.0,1,400,ok,,,1349,943,0.0773079623019132,True,4.2,,,,
ml100k,popularity,none,200,729,10,0.0001656945917285,0.300298300000577,0.0,0.0,0.0120192307692307,0.3216738000010082,0.0205078125,0.3202054999965185,0.0,0.0,0.0001656945917285,0.0001626352163461,0.0425863760254837,1.0,0.1,1.1855000000000002,0.0496664195700518,0.9822001482579688,0.835,1,0.3,1.0,1,800,ok,,,1349,943,0.0773079623019132,True,4.2,,800.0,user history in a small catalogue,0.91125
ml100k,popularity,quota_mmr,200,50,10,0.0001793915040183,0.3022729999975126,0.10546875,0.4388355999981286,0.0130208333333333,0.3201609999996435,0.0080128205128205,0.303153699998802,0.109375,0.3335325000007287,0.1056481415040183,0.0006520432692307,0.0298442383357634,0.9152713063889508,0.06,0.2379999999999999,0.0533728687916975,0.984759080800593,0.19,1,0.3,1.0,1,50,ok,,,1349,943,0.0773079623019132,True,4.2,0.3633413730385945,,,
ml100k,popularity,quota_mmr,200,100,10,0.0001590330788804,0.3095981000005849,0.0859375,0.3573995999977342,0.0120192307692307,0.3051785999996355,0.0082236842105263,0.3115615999995498,0.21875,0.4370751999995264,0.0860965330788804,0.0011949645748987,0.0298442383357634,0.9142885547768888,0.06,0.24,0.0541141586360266,0.9846730911786508,0.305,1,0.3,1.0,1,100,ok,,,1349,943,0.0773079623019132,True,4.2,0.3612287755702256,,,
ml100k,popularity,quota_mmr,200,200,10,0.0001605033384694,0.3055071999988286,0.0859375,0.3580273999978089,0.0120192307692307,0.3014204999999492,0.0100806451612903,0.3132851000009395,0.625,0.6271525000011025,0.0860980033384694,0.0032354993796526,0.0298442383357634,0.9135804758595194,0.06,0.2504999999999999,0.0555967383246849,0.984459599703484,0.45,1,0.3,1.0,1,200,ok,,,1349,943,0.0773079623019132,True,4.2,0.3601683719370153,,,
ml100k,popularity,quota_mmr,200,400,10,0.0001790830945558,0.3003982000009273,0.08984375,0.3637430999988282,0.0120192307692307,0.3116665000015928,0.0142045454545454,0.3152823000018543,1.40625,1.4115397999994457,0.0900228330945558,0.0071623688811188,0.0298442383357634,0.9128804141766425,0.06,0.2525,0.056338028169014,0.9843832468495182,0.665,1,0.3,1.0,1,400,ok,,,1349,943,0.0773079623019132,True,4.2,0.3588895532873269,,,
ml100k,popularity,quota_mmr,200,729,10,0.0001577486118122,0.3120619999972405,0.08984375,0.366004100000282,0.0125,0.3081168999997317,0.01953125,0.316935700000613,3.109375,3.128945299999032,0.0900014986118122,0.01570703125,0.0312895624673529,0.9122603536823682,0.065,0.254,0.0555967383246849,0.9843239436619718,0.835,1,0.3,1.0,1,800,ok,,,1349,943,0.0773079623019132,True,4.2,0.3576227654686578,800.0,user history in a small catalogue,0.91125
ml100k,itemknn,none,200,50,10,0.203125,0.4010233999979391,0.0,0.0,0.02734375,0.3361838999990141,0.0074404761904761,0.3029478999997081,0.0,0.0,0.203125,0.0001739211309523,0.0371478685516871,1.0,0.065,1.1425,0.0971089696071163,0.9589933283914012,0.245,1,0.3,1.0,1,50,ok,,,1349,943,0.0773079623019132,True,4.2,,,,
ml100k,itemknn,none,200,100,10,0.2109375,0.4122419999985141,0.0,0.0,0.0328125,0.3681686000018089,0.0082236842105263,0.305486799999926,0.0,0.0,0.2109375,0.0002051809210526,0.0371478685516871,1.0,0.065,1.1425,0.0971089696071163,0.9589933283914012,0.355,1,0.3,1.0,1,100,ok,,,1349,943,0.0773079623019132,True,4.2,,,,
ml100k,itemknn,none,200,200,10,0.234375,0.4682551999976567,0.0,0.0,0.0328125,0.3416776999983995,0.0111607142857142,0.3012621000016224,0.0,0.0,0.234375,0.0002198660714285,0.0371478685516871,1.0,0.065,1.1425,0.0971089696071163,0.9589933283914012,0.57,1,0.3,1.0,1,200,ok,,,1349,943,0.0773079623019132,True,4.2,,,,
ml100k,itemknn,none,200,400,10,0.2265625,0.4534160999974119,0.0,0.0,0.0347222222222222,0.3151792999997269,0.015625,0.3158995999983744,0.0,0.0,0.2265625,0.0002517361111111,0.0371478685516871,1.0,0.065,1.1425,0.0971089696071163,0.9589933283914012,0.78,1,0.3,1.0,1,400,ok,,,1349,943,0.0773079623019132,True,4.2,,,,
ml100k,itemknn,none,200,729,10,0.21875,0.4460580999984813,0.0,0.0,0.0347222222222222,0.3123589999995602,0.01953125,0.3141842000004544,0.0,0.0,0.21875,0.0002712673611111,0.0371478685516871,1.0,0.065,1.1425,0.0971089696071163,0.9589933283914012,0.88,1,0.3,1.0,1,800,ok,,,1349,943,0.0773079623019132,True,4.2,,800.0,user history in a small catalogue,0.91125
ml100k,itemknn,quota_mmr,200,50,10,0.2109375,0.424052100002882,0.1145833333333333,0.341931700000714,0.0390625,0.3042682000013883,0.0094696969696969,0.3100006999993638,0.1458333333333333,0.4442630999983521,0.3255208333333333,0.0009718276515151,0.0467939063595766,0.9222273781308796,0.09,0.247,0.0993328391401037,0.9597813194959228,0.245,1,0.3,1.0,1,50,ok,,,1349,943,0.0773079623019132,True,4.2,0.4053258243529747,,,
ml100k,itemknn,quota_mmr,200,100,10,0.234375,0.4661577999977453,0.1015625,0.412637999997969,0.0364583333333333,0.3169251999970583,0.0091911764705882,0.3098801000014646,0.265625,0.5376939999987371,0.3359375,0.0015563725490196,0.0464858748013523,0.9192262231997068,0.09,0.241,0.100815418828762,0.958910303928836,0.355,1,0.3,1.0,1,100,ok,,,1349,943,0.0773079623019132,True,4.2,0.4012897043524375,,,
ml100k,itemknn,quota_mmr,200,200,10,0.203125,0.4090904000004229,0.1197916666666666,0.3496343999977398,0.0513392857142857,0.4062631999986479,0.0125,0.3202242000006663,0.734375,0.7650366999987455,0.3229166666666667,0.0039910714285714,0.0467049935555466,0.9174856400124312,0.09,0.2404999999999999,0.1060044477390659,0.9577931801334322,0.57,1,0.3,1.0,1,200,ok,,,1349,943,0.0773079623019132,True,4.2,0.397124582867766,,,
ml100k,itemknn,quota_mmr,200,400,10,0.21875,0.437683799998922,0.109375,0.3266175999997358,0.0364583333333333,0.3214845000002242,0.0164473684210526,0.3287062999988848,1.671875,1.6981946000014432,0.328125,0.0086239035087719,0.0467771679611553,0.9159123842204931,0.09,0.2405,0.1074870274277242,0.9571008154188289,0.78,1,0.3,1.0,1,400,ok,,,1349,943,0.0773079623019132,True,4.2,0.3928283505217105,,,
ml100k,itemknn,quota_mmr,200,729,10,0.2265625,0.447099299999536,0.109375,0.329780899999605,0.0284090909090909,0.3141204000021389,0.0183823529411764,0.3152738999997382,3.65625,3.692327499997191,0.3359375,0.0185152072192513,0.0451998435772267,0.9153076467613794,0.085,0.24,0.1067457375833951,0.9571022979985174,0.88,1,0.3,1.0,1,800,ok,,,1349,943,0.0773079623019132,True,4.2,0.3912832693881171,800.0,user history in a small catalogue,0.91125
ml100k,als,none,200,50,10,3.65625,3.6505250000009255,0.0,0.0,0.0135869565217391,0.3140611000017088,0.0107758620689655,0.3144969999993918,0.0,0.0,3.65625,0.0001218140929535,0.0473213788017443,1.0,0.105,0.8305000000000001,0.4277242401779095,0.7726167531504818,0.3,1,0.3,1.0,1,50,ok,,,1349,943,0.0773079623019132,True,4.2,,,,
ml100k,als,none,200,100,10,3.84375,3.900579699999071,0.0,0.0,0.0135869565217391,0.3079183000008925,0.0084459459459459,0.3062222999978985,0.0,0.0,3.84375,0.0001101645123384,0.0473213788017443,1.0,0.105,0.8305000000000001,0.4277242401779095,0.7726167531504818,0.475,1,0.3,1.0,1,100,ok,,,1349,943,0.0773079623019132,True,4.2,,,,
ml100k,als,none,200,200,10,3.84375,3.894749300001422,0.0,0.0,0.0164473684210526,0.3164924999982759,0.0130208333333333,0.313495000002149,0.0,0.0,3.84375,0.0001473410087719,0.0473213788017443,1.0,0.105,0.8305000000000001,0.4277242401779095,0.7726167531504818,0.63,1,0.3,1.0,1,200,ok,,,1349,943,0.0773079623019132,True,4.2,,,,
ml100k,als,none,200,400,10,4.015625,4.193735100001504,0.0,0.0,0.0130208333333333,0.3214504999996279,0.0135869565217391,0.3126183999993372,0.0,0.0,4.015625,0.0001330389492753,0.0473213788017443,1.0,0.105,0.8305000000000001,0.4277242401779095,0.7726167531504818,0.825,1,0.3,1.0,1,400,ok,,,1349,943,0.0773079623019132,True,4.2,,,,
ml100k,als,none,200,729,10,3.703125,3.7313255999979447,0.0,0.0,0.0135869565217391,0.3104359999997541,0.0208333333333333,0.3095393999974476,0.0,0.0,3.703125,0.0001721014492753,0.0473213788017443,1.0,0.105,0.8305000000000001,0.4277242401779095,0.7726167531504818,0.925,1,0.3,1.0,1,800,ok,,,1349,943,0.0773079623019132,True,4.2,,800.0,user history in a small catalogue,0.91125
ml100k,als,quota_mmr,200,50,10,3.8125,3.8110142000005,0.09375,0.3835634999995818,0.0148809523809523,0.3076553999999305,0.0074404761904761,0.3105673999998544,0.140625,0.4242233000004489,3.90625,0.0008147321428571,0.0560574771430425,0.97106544597192,0.13,0.2734999999999999,0.4321719792438843,0.7720874722016309,0.3,1,0.3,1.0,1,50,ok,,,1349,943,0.0773079623019132,True,4.2,0.1826897959285543,,,
ml100k,als,quota_mmr,200,100,10,3.703125,3.7191296000019065,0.08984375,0.3582977000005485,0.0135869565217391,0.3046787999992375,0.0084459459459459,0.3104392999994161,0.2890625,0.5935773000019253,3.79296875,0.0015554770123384,0.0471125824901611,0.9676473543370174,0.105,0.259,0.4292068198665678,0.772074128984433,0.475,1,0.3,1.0,1,100,ok,,,1349,943,0.0773079623019132,True,4.2,0.1766763690775855,,,
ml100k,als,quota_mmr,200,200,10,3.546875,3.5445557000020926,0.08984375,0.3598536999998032,0.0142045454545454,0.3073929999991378,0.0100806451612903,0.3168311999979778,0.625,0.6263918000004196,3.63671875,0.0032464259530791,0.0474591996997941,0.9654606064092272,0.105,0.259,0.4373610081541882,0.7641927353595256,0.63,1,0.3,1.0,1,200,ok,,,1349,943,0.0773079623019132,True,4.2,0.1688919033754753,,,
ml100k,als,quota_mmr,200,400,10,3.5,3.4990536000004795,0.109375,0.3224894999984826,0.0135869565217391,0.3159458999980415,0.0142045454545454,0.3113321000018914,1.59375,1.6625005999994755,3.609375,0.0081077075098814,0.0474591996997941,0.9634907099100762,0.105,0.256,0.4447739065974796,0.7590667160859896,0.825,1,0.3,1.0,1,400,ok,,,1349,943,0.0773079623019132,True,4.2,0.1634830721919888,,,
ml100k,als,quota_mmr,200,729,10,3.796875,3.789397499996994,0.08984375,0.3631781999974919,0.0142045454545454,0.3199664000021585,0.021875,0.3266412999983004,3.78125,3.8299119000002975,3.88671875,0.0190866477272727,0.0476805422348714,0.9606528138381336,0.105,0.2549999999999999,0.4507042253521127,0.7549355077835433,0.925,1,0.3,1.0,1,800,ok,,,1349,943,0.0773079623019132,True,4.2,0.1572414696365791,800.0,user history in a small catalogue,0.91125
ml100k,popularity,none,200,50,10,0.0002222617354196,0.3124225999999908,0.0,0.0,0.0120192307692307,0.3190716999997676,0.0076219512195121,0.3127985999999509,0.0,0.0,0.0002222617354196,9.820590994371482e-05,0.065523955616762,1.0,0.105,1.1845,0.0555967383246849,0.9817709414381024,0.26,2,0.3,1.0,2,50,ok,,,1349,943,0.0773079623019132,True,4.2,,,,
ml100k,popularity,none,200,100,10,0.0001579878665318,0.3107562000004691,0.0,0.0,0.011574074074074,0.3124802999991516,0.0082236842105263,0.3134006000000227,0.0,0.0,0.0001579878665318,9.898879142300196e-05,0.065523955616762,1.0,0.105,1.1845,0.0555967383246849,0.9817709414381024,0.37,2,0.3,1.0,2,100,ok,,,1349,943,0.0773079623019132,True,4.2,,,,
ml100k,popularity,none,200,200,10,0.0001583080040526,0.3098009999994247,0.0,0.0,0.011574074074074,0.3154126000008546,0.0104166666666666,0.3146573000012722,0.0,0.0,0.0001583080040526,0.0001099537037037,0.065523955616762,1.0,0.105,1.1845,0.0555967383246849,0.9817709414381024,0.515,2,0.3,1.0,2,200,ok,,,1349,943,0.0773079623019132,True,4.2,,,,
ml100k,popularity,none,200,400,10,0.0001621691748832,0.3071950000012293,0.0,0.0,0.011574074074074,0.3184117999990121,0.0135869565217391,0.3139805000027991,0.0,0.0,0.0001621691748832,0.000125805152979,0.065523955616762,1.0,0.105,1.1845,0.0555967383246849,0.9817709414381024,0.765,2,0.3,1.0,2,400,ok,,,1349,943,0.0773079623019132,True,4.2,,,,
ml100k,popularity,none,200,800,10,0.0001639559286463,0.3113950999977533,0.0,0.0,0.011574074074074,0.3163961999998719,0.0205078125,0.3252614000011817,0.0,0.0,0.0001639559286463,0.0001604094328703,0.065523955616762,1.0,0.105,1.1845,0.0555967383246849,0.9817709414381024,0.925,2,0.3,1.0,2,800,ok,,,1349,943,0.0773079623019132,True,4.2,,,,
ml100k,popularity,quota_mmr,200,50,10,0.0002492025518341,0.3191772999998647,0.09375,0.3876013000008242,0.0125,0.3110345999994024,0.0089285714285714,0.3067716999976255,0.1796875,0.4115722999995341,0.0939992025518341,0.0010055803571428,0.0709658600592294,0.9144322957055352,0.12,0.2375,0.0548554484803558,0.9837353595255744,0.26,2,0.3,1.0,2,50,ok,,,1349,943,0.0773079623019132,True,4.2,0.3609857459090688,,,
ml100k,popularity,quota_mmr,200,100,10,0.000248805732484,0.3017867999988084,0.1041666666666666,0.313113299998804,0.011574074074074,0.3173210999993898,0.0094696969696969,0.3122008999998797,0.2734375,0.5684605999995256,0.1044154723991507,0.0014724063552188,0.0724111841908188,0.9135624692340544,0.125,0.2395,0.0570793180133432,0.9836515937731654,0.37,2,0.3,1.0,2,100,ok,,,1349,943,0.0773079623019132,True,4.2,0.3589296929588786,,,
ml100k,popularity,quota_mmr,200,200,10,0.0001617494824016,0.3119004999971366,0.08984375,0.3741564999982074,0.0120192307692307,0.3047206000010192,0.0100806451612903,0.3076550000005227,0.578125,0.6091859000007389,0.0900054994824016,0.0030011243796526,0.0724111841908188,0.91276953537174,0.125,0.2504999999999999,0.0578206078576723,0.9834418087472202,0.515,2,0.3,1.0,2,200,ok,,,1349,943,0.0773079623019132,True,4.2,0.3577946435369597,,,
ml100k,popularity,quota_mmr,200,400,10,0.0001568775100401,0.3111457000013615,0.08984375,0.3591190999977698,0.0120192307692307,0.3166358000016771,0.0130208333333333,0.3125680000011925,1.390625,1.3901977999994417,0.0900006275100401,0.0070783253205128,0.0724111841908188,0.9118569887326028,0.125,0.2504999999999999,0.0570793180133432,0.9833854707190512,0.765,2,0.3,1.0,2,400,ok,,,1349,943,0.0773079623019132,True,4.2,0.3562506783671273,,,
ml100k,popularity,quota_mmr,200,800,10,0.0001684636118598,0.2992560000020603,0.08984375,0.3676111000022501,0.0120192307692307,0.3079972000014095,0.021875,0.3255918999966525,3.453125,3.4625611000010394,0.0900122136118598,0.0174350961538461,0.0724111841908188,0.9108018467501612,0.125,0.2529999999999999,0.0578206078576723,0.9832624166048926,0.925,2,0.3,1.0,2,800,ok,,,1349,943,0.0773079623019132,True,4.2,0.3544515323205361,,,
ml100k,itemknn,none,200,50,10,0.203125,0.3953799000009894,0.0,0.0,0.02734375,0.3341035999983432,0.0071022727272727,0.3062566000007791,0.0,0.0,0.203125,0.0001722301136363,0.044833651844888,1.0,0.1,1.1585,0.0941438102297998,0.9594002965159376,0.315,2,0.3,1.0,2,50,ok,,,1349,943,0.0773079623019132,True,4.2,,,,
ml100k,itemknn,none,200,100,10,0.1953125,0.3950589999985823,0.0,0.0,0.02734375,0.3212515000013809,0.0082236842105263,0.3106129999978293,0.0,0.0,0.1953125,0.0001778371710526,0.044833651844888,1.0,0.1,1.1585,0.0941438102297998,0.9594002965159376,0.435,2,0.3,1.0,2,100,ok,,,1349,943,0.0773079623019132,True,4.2,,,,
ml100k,itemknn,none,200,200,10,0.203125,0.3931975000014063,0.0,0.0,0.02734375,0.3296396000005188,0.009765625,0.3185825000000477,0.0,0.0,0.203125,0.000185546875,0.044833651844888,1.0,0.1,1.1585,0.0941438102297998,0.9594002965159376,0.675,2,0.3,1.0,2,200,ok,,,1349,943,0.0773079623019132,True,4.2,,,,
ml100k,itemknn,none,200,400,10,0.2109375,0.4130576999996265,0.0,0.0,0.0284090909090909,0.3121604999978444,0.0142045454545454,0.3161335000004328,0.0,0.0,0.2109375,0.0002130681818181,0.044833651844888,1.0,0.1,1.1585,0.0941438102297998,0.9594002965159376,0.83,2,0.3,1.0,2,400,ok,,,1349,943,0.0773079623019132,True,4.2,,,,
ml100k,itemknn,none,200,800,10,0.203125,0.3953975000003993,0.0,0.0,0.0260416666666666,0.3213835999995353,0.0183823529411764,0.3164042999997036,0.0,0.0,0.203125,0.0002221200980392,0.044833651844888,1.0,0.1,1.1585,0.0941438102297998,0.9594002965159376,0.905,2,0.3,1.0,2,800,ok,,,1349,943,0.0773079623019132,True,4.2,,,,
ml100k,itemknn,quota_mmr,200,50,10,0.1875,0.394348900001205,0.09375,0.3647524999978486,0.0252403846153846,0.3541675999986182,0.0072674418604651,0.3041716000007,0.1041666666666666,0.3152527999991434,0.28125,0.0006833724657125,0.0565142714466217,0.917920774884621,0.125,0.256,0.1000741289844329,0.9596597479614528,0.315,2,0.3,1.0,2,50,ok,,,1349,943,0.0773079623019132,True,4.2,0.4037788820431507,,,
ml100k,itemknn,quota_mmr,200,100,10,0.203125,0.4081833000018378,0.09375,0.3685576999996556,0.0284090909090909,0.3129838999993808,0.0086805555555555,0.3473998999979812,0.234375,0.4634799999985262,0.296875,0.0013573232323232,0.0559594408884768,0.9153400052726732,0.125,0.2505,0.1000741289844329,0.9586011860637508,0.435,2,0.3,1.0,2,100,ok,,,1349,943,0.0773079623019132,True,4.2,0.3985594733065898,,,
ml100k,itemknn,quota_mmr,200,200,10,0.1953125,0.3905892000002495,0.09375,0.37076000000161,0.0284090909090909,0.3132447000025422,0.0100806451612903,0.3097195000009378,0.5625,0.5605644999996002,0.2890625,0.0030049486803519,0.05286461796735,0.9130152151378188,0.12,0.2515,0.1052631578947368,0.9571719792438844,0.675,2,0.3,1.0,2,200,ok,,,1349,943,0.0773079623019132,True,4.2,0.3931850457599202,,,
ml100k,itemknn,quota_mmr,200,400,10,0.2109375,0.4111512999988918,0.09765625,0.3917370999988634,0.02734375,0.3375605000001087,0.0148809523809523,0.3049099000018032,1.453125,1.4614789000006567,0.30859375,0.0074767485119047,0.0528047921206195,0.9106604769490756,0.12,0.25,0.1074870274277242,0.9564106745737584,0.83,2,0.3,1.0,2,400,ok,,,1349,943,0.0773079623019132,True,4.2,0.3872791847090682,,,
ml100k,itemknn,quota_mmr,200,800,10,0.2109375,0.4163368000008631,0.1015625,0.39788789999875,0.03125,0.3618046999981743,0.021875,0.3303485000033106,4.0,4.086103399997228,0.3125,0.020265625,0.0528047921206195,0.910218771199078,0.12,0.2495,0.1082283172720533,0.9563721275018532,0.905,2,0.3,1.0,2,800,ok,,,1349,943,0.0773079623019132,True,4.2,0.3858843983375126,,,
ml100k,als,none,200,50,10,3.921875,3.956271799997921,0.0,0.0,0.0148809523809523,0.3135919999986072,0.0086805555555555,0.3100704999997106,0.0,0.0,3.921875,0.0001178075396825,0.0525673064972207,1.0,0.115,0.8280000000000001,0.4114158636026686,0.7842920681986657,0.375,2,0.3,1.0,2,50,ok,,,1349,943,0.0773079623019132,True,4.2,,,,
ml100k,als,none,200,100,10,4.234375,4.291566600000806,0.0,0.0,0.0240384615384615,0.3114922000022488,0.0125,0.308748999999807,0.0,0.0,4.234375,0.0001826923076923,0.0525673064972207,1.0,0.115,0.8280000000000001,0.4114158636026686,0.7842920681986657,0.535,2,0.3,1.0,2,100,ok,,,1349,943,0.0773079623019132,True,4.2,,,,
ml100k,als,none,200,200,10,4.453125,4.648602500001289,0.0,0.0,0.0148809523809523,0.3142084999999497,0.0111607142857142,0.3159087999993062,0.0,0.0,4.453125,0.0001302083333333,0.0525673064972207,1.0,0.115,0.8280000000000001,0.4114158636026686,0.7842920681986657,0.72,2,0.3,1.0,2,200,ok,,,1349,943,0.0773079623019132,True,4.2,,,,
ml100k,als,none,200,400,10,4.125,4.128257800002757,0.0,0.0,0.015625,0.3095670000002428,0.0148809523809523,0.3206180000015592,0.0,0.0,4.125,0.0001525297619047,0.0525673064972207,1.0,0.115,0.8280000000000001,0.4114158636026686,0.7842920681986657,0.84,2,0.3,1.0,2,400,ok,,,1349,943,0.0773079623019132,True,4.2,,,,
ml100k,als,none,200,800,10,4.234375,4.242895299998054,0.0,0.0,0.0173611111111111,0.3011350000015227,0.0240384615384615,0.3189840999984881,0.0,0.0,4.234375,0.0002069978632478,0.0525673064972207,1.0,0.115,0.8280000000000001,0.4114158636026686,0.7842920681986657,0.955,2,0.3,1.0,2,800,ok,,,1349,943,0.0773079623019132,True,4.2,,,,
ml100k,als,quota_mmr,200,50,10,4.15625,4.188175700001011,0.1041666666666666,0.3220940999999584,0.0142045454545454,0.321427599999879,0.0076219512195121,0.3023850999998103,0.1354166666666666,0.4100359000003664,4.260416666666667,0.0007862158167036,0.054837282337344,0.9697145565923548,0.12,0.2625,0.4321719792438843,0.77212157153447,0.375,2,0.3,1.0,2,50,ok,,,1349,943,0.0773079623019132,True,4.2,0.1814241605846714,,,
ml100k,als,quota_mmr,200,100,10,3.8125,3.806479699997,0.1041666666666666,0.3211693999983254,0.015625,0.3039951999999175,0.0100806451612903,0.3132445000010193,0.375,0.3858922999970673,3.9166666666666665,0.0020035282258064,0.046903976104564,0.9664275307352176,0.1,0.2505,0.4329132690882135,0.768991104521868,0.535,2,0.3,1.0,2,100,ok,,,1349,943,0.0773079623019132,True,4.2,0.172756587691325,,,
ml100k,als,quota_mmr,200,200,10,4.328125,4.393322600000829,0.109375,0.3302839000025415,0.0148809523809523,0.3005058000017016,0.0111607142857142,0.3204269999987446,0.671875,0.6694603999967512,4.4375,0.0034895833333333,0.0467896068356905,0.9645769039798254,0.1,0.25,0.4343958487768717,0.7650874722016309,0.72,2,0.3,1.0,2,200,ok,,,1349,943,0.0773079623019132,True,4.2,0.1654292378094277,,,
ml100k,als,quota_mmr,200,400,10,3.4375,3.4411737999980687,0.08984375,0.3598471000004792,0.0148809523809523,0.3017734000022756,0.0135869565217391,0.3127436000031593,1.609375,1.6066586999986612,3.52734375,0.0081892145445134,0.0467896068356905,0.9622224598264616,0.1,0.249,0.4440326167531505,0.759004447739066,0.84,2,0.3,1.0,2,400,ok,,,1349,943,0.0773079623019132,True,4.2,0.1588456238939502,,,
ml100k,als,quota_mmr,200,800,10,3.640625,3.6516952000019955,0.1015625,0.4054565000005823,0.015625,0.37232439999934286,0.026041666666666668,0.29784790000121575,4.15625,4.20827079999799,3.7421875,0.020989583333333336,0.046942834936323174,0.9592223013870506,0.1,0.247,0.4551519644180875,0.7508005930318755,0.955,2,0.3,1.0,2,800,ok,,,1349,943,0.07730796230191328,True,4.2,0.1521157463820071,,,
