dataset,family,reranker,n_users,n_candidates,k,cpu_train,wall_train,cpu_rerank_setup,wall_rerank_setup,cpu_retrieve_score,wall_retrieve_score,cpu_retrieve_select,wall_retrieve_select,cpu_rerank,wall_rerank,cpu_once,cpu_per_request,ndcg,ndcg_vs_retrieval,recall,exposure_parity,catalogue_coverage,gini,candidate_hit_rate,note.seed,note.lam,note.mu,note.n_candidates_requested,note.n_candidates_capped_by,note.n_candidates_kept_fraction,repeat,n_candidates_requested,status,error,below_quantum,n_items,n_train_users,density,trustworthy,busy_pct_at_start,intra_list_similarity
gift_cards,popularity,none,200,126,10,8.039619243632621e-05,0.3035771000013483,0.0,0.0,0.009765625,0.3176206999996793,0.003125,0.3091399000004458,0.0,0.0,8.039619243632621e-05,6.4453125e-05,0.0582075728513028,1.0,0.12,1.5,0.1224489795918367,0.9208979591836736,0.895,0,0.3,1.0,200.0,user history in a small catalogue,0.63,0,200,ok,,,147,456,0.037265783506385,True,1.9,
gift_cards,popularity,quota_mmr,200,126,10,7.901390644753477e-05,0.307162099999914,0.0004785604900459,0.3128596999995352,0.0100806451612903,0.314955199999531,0.0028935185185185,0.3107362999999168,0.359375,0.3618893999991996,0.0005575743964934,0.001861745818399,0.0468098256178947,0.6509057566485221,0.085,0.2999999999999999,0.3333333333333333,0.8945306122448979,0.895,0,0.3,1.0,200.0,user history in a small catalogue,0.63,0,200,ok,,,147,456,0.037265783506385,True,1.9,0.0101287786010874
gift_cards,itemknn,none,200,126,10,0.0019904458598726,0.3001512999999249,0.0,0.0,0.0100806451612903,0.3162886000009166,0.002422480620155,0.3099412999999913,0.0,0.0,0.0019904458598726,6.25156289072268e-05,0.1343100368394084,1.0,0.3,1.3575,0.5034013605442177,0.8130612244897959,0.955,0,0.3,1.0,200.0,user history in a small catalogue,0.63,0,200,ok,,,147,456,0.037265783506385,True,1.9,
gift_cards,itemknn,quota_mmr,200,126,10,0.0019409937888198,0.3062456999996357,0.0004785604900459,0.3118814999997994,0.0100806451612903,0.3123388000003615,0.002422480620155,0.3130180000007385,0.359375,0.3732798000000912,0.0024195542788658,0.0018593906289072,0.099857817059613,0.7807856838600853,0.205,0.284,0.9387755102040816,0.5254897959183673,0.955,0,0.3,1.0,200.0,user history in a small catalogue,0.63,0,200,ok,,,147,456,0.037265783506385,True,1.9,0.0163992776852184
gift_cards,als,none,200,126,10,0.609375,0.6062885999999708,0.0,0.0,0.0104166666666666,0.309046299998954,0.0024606299212598,0.307953900000939,0.0,0.0,0.609375,6.438648293963254e-05,0.0531382924907155,1.0,0.13,0.479,0.979591836734694,0.2424557823129251,0.895,0,0.3,1.0,200.0,user history in a small catalogue,0.63,0,200,ok,,,147,456,0.037265783506385,True,1.9,
gift_cards,als,quota_mmr,200,126,10,0.609375,0.6079977000008512,0.0004952456418383,0.303304000000935,0.009765625,0.3215160999989166,0.0025,0.3053247999996529,0.421875,0.4273355999994237,0.6098702456418383,0.002170703125,0.0482778408366314,0.9842586195254236,0.115,0.2555,0.979591836734694,0.2461088435374149,0.895,0,0.3,1.0,200.0,user history in a small catalogue,0.63,0,200,ok,,,147,456,0.037265783506385,True,1.9,0.0033743268938807
software,popularity,none,200,200,10,0.000103101286704,0.3030318000000989,0.0,0.0,0.0104166666666666,0.3158599999987928,0.0066489361702127,0.3118506999999226,0.0,0.0,0.000103101286704,8.532801418439717e-05,0.0035115884201013,1.0,0.01,1.5,0.0206327372764786,0.9852874828060524,0.29,0,0.3,1.0,,,,0,200,ok,,,727,1779,0.0077884040691763,True,1.9,
software,popularity,quota_mmr,200,200,10,9.63020030816641e-05,0.3093900999992911,0.0089285714285714,0.3141125999991345,0.0107758620689655,0.3109905999990587,0.0066489361702127,0.3150243000000046,0.46875,0.4764484000006632,0.009024873431653,0.0024308739911958,0.0019342640361727,0.8890298858628182,0.005,1.0,0.030261348005502,0.9840811554332874,0.29,0,0.3,1.0,,,,0,200,ok,,,727,1779,0.0077884040691763,True,1.9,0.0815823369354885
software,itemknn,none,200,200,10,0.021875,0.3259797999999136,0.0,0.0,0.0111607142857142,0.320640199999616,0.0071022727272727,0.3070330999998987,0.0,0.0,0.021875,9.131493506493504e-05,0.095418235577768,1.0,0.16,0.9405,0.5708390646492435,0.7336946354883082,0.54,0,0.3,1.0,,,,0,200,ok,,,727,1779,0.0077884040691763,True,1.9,
software,itemknn,quota_mmr,200,200,10,0.021875,0.3284146000005421,0.0089285714285714,0.3133520000010321,0.011574074074074,0.3094158000003517,0.0067934782608695,0.3139658000000054,0.640625,0.6472034999987955,0.0308035714285714,0.0032949627616747,0.0949012878512257,0.908016244332094,0.155,0.2654999999999999,0.7785419532324622,0.575353507565337,0.54,0,0.3,1.0,,,,0,200,ok,,,727,1779,0.0077884040691763,True,1.9,0.0056456153803386
software,als,none,200,200,10,2.59375,2.591357100000096,0.0,0.0,0.011574074074074,0.3146507000001293,0.0071022727272727,0.305998300000283,0.0,0.0,2.59375,9.3381734006734e-05,0.0737221101973168,1.0,0.13,0.6605,0.7867950481430537,0.5488665749656121,0.515,0,0.3,1.0,,,,0,200,ok,,,727,1779,0.0077884040691763,True,1.9,
software,als,quota_mmr,200,200,10,2.546875,2.5489259000005404,0.0091911764705882,0.3046248999999079,0.0111607142857142,0.3132003999999142,0.0067934782608695,0.318513799998982,0.65625,0.6604589999988093,2.5560661764705883,0.0033710209627329,0.0710564013340427,0.9653884387688794,0.12,0.2674999999999999,0.8789546079779917,0.4587950481430536,0.515,0,0.3,1.0,,,,0,200,ok,,,727,1779,0.0077884040691763,True,1.9,0.0039473158096447
ml100k,popularity,none,200,200,10,0.0001560939060939,0.3052360999990924,0.0,0.0,0.0111607142857142,0.3145653000010497,0.0100806451612903,0.3177178000005369,0.0,0.0,0.0001560939060939,0.000106206797235,0.0527225807997784,1.0,0.11,1.2005,0.0385470719051149,0.98322090437361,0.5,0,0.3,1.0,,,,0,200,ok,,,1349,943,0.0773079623019132,True,1.9,
ml100k,popularity,quota_mmr,200,200,10,0.0001591140529531,0.2978696000009222,0.0859375,0.3560684000003675,0.011574074074074,0.3003227999997762,0.0104166666666666,0.3146209999995335,0.484375,0.4874763000007078,0.0860966140529531,0.0025318287037037,0.0551214313942276,0.9122173993334148,0.115,0.246,0.0415122312824314,0.9850926612305412,0.5,0,0.3,1.0,,,,0,200,ok,,,1349,943,0.0773079623019132,True,1.9,0.3604117860291841
ml100k,itemknn,none,200,200,10,0.1953125,0.3956641999993735,0.0,0.0,0.02734375,0.3173525999991398,0.0100806451612903,0.3141283000004478,0.0,0.0,0.1953125,0.0001871219758064,0.0471215195017992,1.0,0.1,1.1535000000000002,0.1022979985174203,0.9595700518902892,0.665,0,0.3,1.0,,,,0,200,ok,,,1349,943,0.0773079623019132,True,1.9,
ml100k,itemknn,quota_mmr,200,200,10,0.1875,0.3844320000007428,0.08984375,0.3605781000005663,0.0260416666666666,0.3112380999991728,0.0104166666666666,0.3076057999987824,0.515625,0.5247617000004539,0.27734375,0.0027604166666666,0.0634420618047613,0.914494187972906,0.145,0.2455,0.1104521868050407,0.957130467012602,0.665,0,0.3,1.0,,,,0,200,ok,,,1349,943,0.0773079623019132,True,1.9,0.3921572959825227
ml100k,als,none,200,200,10,3.375,3.380904300000111,0.0,0.0,0.0125,0.3128164999998262,0.0104166666666666,0.3103608999990683,0.0,0.0,3.375,0.0001145833333333,0.0702686881516989,1.0,0.165,0.8225,0.4225352112676056,0.776581171237954,0.66,0,0.3,1.0,,,,0,200,ok,,,1349,943,0.0773079623019132,True,1.9,
ml100k,als,quota_mmr,200,200,10,3.359375,3.370417799998904,0.08984375,0.3606498999997711,0.0130208333333333,0.3044962000003579,0.0100806451612903,0.3145478999995248,0.609375,0.6167957999987266,3.44921875,0.0031623823924731,0.0517396862998914,0.964975935286848,0.115,0.259,0.4425500370644922,0.7655626389918458,0.66,0,0.3,1.0,,,,0,200,ok,,,1349,943,0.0773079623019132,True,1.9,0.1629444513781293
ml100k,multvae,none,200,200,10,2.484375,2.6888842999997,0.0,0.0,0.0173611111111111,0.3199167000002489,0.009765625,0.3110753000000841,0.0,0.0,2.484375,0.0001356336805555,0.0472747281162359,1.0,0.105,0.9825,0.1297257227575982,0.9467820607857672,0.59,0,0.3,1.0,,,,0,200,ok,,,1349,943,0.0773079623019132,True,1.9,
ml100k,multvae,quota_mmr,200,200,10,1.1875,1.173247300001094,0.08984375,0.3621462999999494,0.0182291666666666,0.3265847000002395,0.009765625,0.3162140000004001,0.546875,0.5510546999994403,1.27734375,0.0028743489583333,0.0442845025895229,0.9645367322231204,0.1,0.245,0.1445515196441808,0.9469985174203114,0.59,0,0.3,1.0,,,,0,200,ok,,,1349,943,0.0773079623019132,True,1.9,0.3385277046378766
ml100k,gru4rec,none,200,200,10,80.125,80.32078410000031,0.0,0.0,0.0347222222222222,0.3000569000014366,0.0094696969696969,0.3173846999998204,0.0,0.0,80.125,0.0002209595959595,0.1096409102988878,1.0,0.24,0.9025,0.3276501111934766,0.8260778354336545,0.795,0,0.3,1.0,,,,0,200,ok,,,1349,943,0.0773079623019132,True,1.9,
ml100k,gru4rec,quota_mmr,200,200,10,80.890625,81.06538489999912,0.0859375,0.3579462000016065,0.0347222222222222,0.3024607999996078,0.009765625,0.3090584000001399,0.59375,0.608570200000031,80.9765625,0.0031911892361111,0.0860173663167821,0.9461428622552256,0.175,0.2585,0.3713862120088955,0.8078146775389177,0.795,0,0.3,1.0,,,,0,200,ok,,,1349,943,0.0773079623019132,True,1.9,0.212318087771924
luxury_beauty,popularity,none,200,200,10,0.0001264670174018,0.3047626999996282,0.0,0.0,0.0111607142857142,0.3148270000001503,0.0086805555555555,0.3148357999998552,0.0,0.0,0.0001264670174018,9.92063492063492e-05,0.008022648515518,1.0,0.015,1.5,0.0124542124542124,0.9916058608058608,0.29,0,0.3,1.0,,,,0,200,ok,,,1365,3589,0.0048703966229739,True,1.9,
luxury_beauty,popularity,quota_mmr,200,200,10,0.0001255020080321,0.3042794000011781,0.0328125,0.341528400000243,0.0111607142857142,0.2995050999998057,0.0089285714285714,0.3180319000002782,0.84375,0.8543262000002869,0.0329380020080321,0.0043191964285714,0.0080824743622485,0.982992201217788,0.015,1.5,0.0124542124542124,0.9916058608058608,0.29,0,0.3,1.0,,,,0,200,ok,,,1365,3589,0.0048703966229739,True,1.9,0.339480248145769
luxury_beauty,itemknn,none,200,200,10,0.071875,0.357719999999972,0.0,0.0,0.0125,0.3108926999993855,0.0104166666666666,0.31452150000041,0.0,0.0,0.071875,0.0001145833333333,0.1938007005587357,1.0,0.24,1.0465,0.3296703296703296,0.880662271062271,0.49,0,0.3,1.0,,,,0,200,ok,,,1365,3589,0.0048703966229739,True,1.9,
luxury_beauty,itemknn,quota_mmr,200,200,10,0.071875,0.3588197999997646,0.03125,0.3211845999994693,0.0130208333333333,0.3044583999999304,0.0107758620689655,0.3166109999983746,0.625,0.6344854999988456,0.103125,0.0032439834770114,0.2028662269519375,0.8809993754130115,0.265,0.2934999999999999,0.4857142857142857,0.7596754578754579,0.49,0,0.3,1.0,,,,0,200,ok,,,1365,3589,0.0048703966229739,True,1.9,0.0134268988952441
luxury_beauty,als,none,200,200,10,5.09375,5.086355399998865,0.0,0.0,0.011574074074074,0.3231658000004245,0.009765625,0.3056065000000671,0.0,0.0,5.09375,0.0001066984953703,0.1749675219151368,1.0,0.22,0.8,0.5435897435897435,0.6935421245421245,0.495,0,0.3,1.0,,,,0,200,ok,,,1365,3589,0.0048703966229739,True,1.9,
luxury_beauty,als,quota_mmr,200,200,10,5.109375,5.109439400001065,0.0328125,0.3390371999994386,0.0125,0.3022345000008499,0.0094696969696969,0.3175180999987788,0.65625,0.6554493000003276,5.1421875,0.0033910984848484,0.1764540608631315,0.9574579190211652,0.23,0.2754999999999999,0.6175824175824176,0.6301992673992673,0.495,0,0.3,1.0,,,,0,200,ok,,,1365,3589,0.0048703966229739,True,1.9,0.0061639330101616
digital_music,popularity,none,200,200,10,0.0003633720930232,0.2999340999995183,0.0,0.0,0.0148809523809523,0.3177489000008791,0.0520833333333333,0.3159090999997715,0.0,0.0,0.0003633720930232,0.0003348214285714,0.0049356847033973,1.0,0.01,1.5,0.0011537096201632,0.9990978878239262,0.085,0,0.3,1.0,,,,0,200,ok,,,11268,16252,0.0006986333284143,True,1.9,
digital_music,popularity,quota_mmr,200,200,10,0.0003179043743641,0.3074538999990182,0.1354166666666666,0.4161862000000838,0.0148809523809523,0.3110677000004216,0.0598958333333333,0.3658637000007729,1.125,1.1479869000013423,0.1357345710410308,0.0059988839285714,0.0049356847033973,0.9972821988815004,0.01,1.5,0.001242456514022,0.9990961128860488,0.085,0,0.3,1.0,,,,0,200,ok,,,11268,16252,0.0006986333284143,True,1.9,0.0276392836856349
digital_music,itemknn,none,200,200,10,0.375,0.3778290000009292,0.0,0.0,0.0260416666666666,0.3082531000000017,0.0520833333333333,0.3386116999990918,0.0,0.0,0.375,0.000390625,0.0709626803260815,1.0,0.085,1.1775,0.0952254171104011,0.9432209797657082,0.295,0,0.3,1.0,,,,0,200,ok,,,11268,16252,0.0006986333284143,True,1.9,
digital_music,itemknn,quota_mmr,200,200,10,0.359375,0.3625155000008817,0.140625,0.4173758000015368,0.0252403846153846,0.3252802999995765,0.0520833333333333,0.3245255000001634,0.703125,0.7007926000005682,0.5,0.0039022435897435,0.0757118213549967,0.8459293708993049,0.1,0.2729999999999999,0.1297479588214412,0.9007160099396521,0.295,0,0.3,1.0,,,,0,200,ok,,,11268,16252,0.0006986333284143,True,1.9,0.0057633071379703
digital_music,als,none,200,200,10,29.328125,29.51747400000022,0.0,0.0,0.0260416666666666,0.314756199999465,0.0520833333333333,0.3137829999996029,0.0,0.0,29.328125,0.000390625,0.0380284815082569,1.0,0.055,1.475,0.0727724529641462,0.9589530528931488,0.295,0,0.3,1.0,,,,0,200,ok,,,11268,16252,0.0006986333284143,True,1.9,
digital_music,als,quota_mmr,200,200,10,29.140625,29.27755530000104,0.140625,0.4173989999999321,0.0260416666666666,0.3142665000013949,0.0546875,0.3296577999990404,0.53125,0.5333096999984264,29.28125,0.0030598958333333,0.0452364077207669,0.8363419075361129,0.075,0.4389999999999999,0.1256656017039403,0.9050739261625844,0.295,0,0.3,1.0,,,,0,200,ok,,,11268,16252,0.0006986333284143,True,1.9,0.0050188173732846
gift_cards,popularity,none,200,120,10,9.720062208398134e-05,0.3093165000009321,0.0,0.0,0.0107758620689655,0.3119134000007761,0.0022644927536231,0.3147862000005261,0.0,0.0,9.720062208398134e-05,6.520177411294353e-05,0.062567318844249,1.0,0.125,1.5,0.1224489795918367,0.9206462585034012,0.88,1,0.3,1.0,200.0,user history in a small catalogue,0.6,1,200,ok,,,147,456,0.037265783506385,True,1.9,
gift_cards,popularity,quota_mmr,200,120,10,8.074935400516796e-05,0.3069682000004832,0.0004976114649681,0.3125417999999627,0.0100806451612903,0.3125947999997152,0.0021551724137931,0.3120785999999498,0.3046875,0.6223367000002327,0.0005783608189733,0.0015846165878754,0.0387195257742685,0.6511412311708353,0.06,0.2999999999999999,0.3265306122448979,0.897156462585034,0.88,1,0.3,1.0,200.0,user history in a small catalogue,0.6,1,200,ok,,,147,456,0.037265783506385,True,1.9,0.0101654360406294
gift_cards,itemknn,none,200,120,10,0.001905487804878,0.2983525999989069,0.0,0.0,0.009765625,0.3354170999991765,0.0023854961832061,0.3069317000008595,0.0,0.0,0.001905487804878,6.0755605916030535e-05,0.1637082661803399,1.0,0.355,1.388,0.4829931972789115,0.8224625850340136,0.95,1,0.3,1.0,200.0,user history in a small catalogue,0.6,1,200,ok,,,147,456,0.037265783506385,True,1.9,
gift_cards,itemknn,quota_mmr,200,120,10,0.001905487804878,0.3042619999996532,0.0004898119122257,0.3105770999991364,0.0100806451612903,0.3208535999983724,0.0023674242424242,0.3062518000006093,0.328125,0.3360133000005589,0.0023952997171037,0.0017028653470185,0.1206258135224784,0.7740792850653209,0.215,0.2884999999999999,0.9523809523809524,0.5320340136054422,0.95,1,0.3,1.0,200.0,user history in a small catalogue,0.6,1,200,ok,,,147,456,0.037265783506385,True,1.9,0.0164508802567784
gift_cards,als,none,200,120,10,0.609375,0.6188810999992711,0.0,0.0,0.0104166666666666,0.3017037999998138,0.002422480620155,0.3086810999993759,0.0,0.0,0.609375,6.419573643410852e-05,0.0584845708983978,1.0,0.135,0.4884999999999999,0.9727891156462584,0.2361904761904762,0.86,1,0.3,1.0,200.0,user history in a small catalogue,0.6,1,200,ok,,,147,456,0.037265783506385,True,1.9,
gift_cards,als,quota_mmr,200,120,10,0.625,0.628206000001228,0.0005024115755627,0.3035007000016776,0.0100806451612903,0.3134583000010025,0.0023854961832061,0.3116608000000269,0.40625,0.4063097999987803,0.6255024115755627,0.0020935807067224,0.056906936892496,0.9827732873252488,0.13,0.2565,0.979591836734694,0.2336394557823129,0.86,1,0.3,1.0,200.0,user history in a small catalogue,0.6,1,200,ok,,,147,456,0.037265783506385,True,1.9,0.0033518744107743
software,popularity,none,200,200,10,9.55073349633252e-05,0.3129435999999259,0.0,0.0,0.0104166666666666,0.3139742000003025,0.0061274509803921,0.3133422000009886,0.0,0.0,9.55073349633252e-05,8.272058823529411e-05,0.0068449217534346,1.0,0.02,1.5,0.0192572214580467,0.9852888583218709,0.26,1,0.3,1.0,,,,1,200,ok,,,727,1779,0.0077884040691763,True,1.9,
software,popularity,quota_mmr,200,200,10,9.97446536865624e-05,0.2972671999996237,0.0089285714285714,0.3170485999999073,0.0107758620689655,0.3143827000003512,0.0060096153846153,0.3107490000002144,0.46875,0.4787522999995417,0.0090283160822579,0.0024276773872679,0.0034394140144926,0.8891084758969189,0.01,1.0,0.0275103163686382,0.984414030261348,0.26,1,0.3,1.0,,,,1,200,ok,,,727,1779,0.0077884040691763,True,1.9,0.0816047829125461
software,itemknn,none,200,200,10,0.0223214285714285,0.3035350999998627,0.0,0.0,0.011574074074074,0.3211391999993793,0.0069444444444444,0.3204652000003989,0.0,0.0,0.0223214285714285,9.25925925925926e-05,0.1102950773351364,1.0,0.19,0.904,0.5804676753782668,0.7187248968363136,0.535,1,0.3,1.0,,,,1,200,ok,,,727,1779,0.0077884040691763,True,1.9,
software,itemknn,quota_mmr,200,200,10,0.0208333333333333,0.3242449999997916,0.0091911764705882,0.3064938999996229,0.011574074074074,0.3102300999998988,0.0071022727272727,0.3078918000010162,0.671875,0.6865586000003532,0.0300245098039215,0.0034527567340067,0.1110265765087705,0.9162002220503712,0.185,0.267,0.7716643741403026,0.5655281980742779,0.535,1,0.3,1.0,,,,1,200,ok,,,727,1779,0.0077884040691763,True,1.9,0.0060621092782703
software,als,none,200,200,10,2.609375,2.611350799999854,0.0,0.0,0.011574074074074,0.305680299999949,0.0066489361702127,0.3130266000007395,0.0,0.0,2.609375,9.11150512214342e-05,0.0901208010359615,1.0,0.175,0.6245,0.797799174690509,0.5269339752407153,0.47,1,0.3,1.0,,,,1,200,ok,,,727,1779,0.0077884040691763,True,1.9,
software,als,quota_mmr,200,200,10,2.609375,2.607116300001508,0.0089285714285714,0.3186624000009033,0.0120192307692307,0.3079488000003039,0.0071022727272727,0.3159735999997792,0.6875,0.6924430999988544,2.618303571428572,0.0035331075174825,0.0847419631105378,0.9690072114381326,0.155,0.2609999999999999,0.874828060522696,0.466019257221458,0.47,1,0.3,1.0,,,,1,200,ok,,,727,1779,0.0077884040691763,True,1.9,0.0040349045373634
ml100k,popularity,none,200,200,10,0.0001579878665318,0.3008496000002196,0.0,0.0,0.0111607142857142,0.3191538000010041,0.009765625,0.3134907000003295,0.0,0.0,0.0001579878665318,0.0001046316964285,0.0425863760254837,1.0,0.1,1.1855000000000002,0.0496664195700518,0.9822001482579688,0.45,1,0.3,1.0,,,,1,200,ok,,,1349,943,0.0773079623019132,True,1.9,
ml100k,popularity,quota_mmr,200,200,10,0.0001564064064064,0.3019500999998854,0.0859375,0.3541721000001416,0.011574074074074,0.3045461000001523,0.0094696969696969,0.3174247000006289,0.484375,0.488598699999784,0.0860939064064064,0.0025270938552188,0.0298442383357634,0.9135804758595194,0.06,0.2504999999999999,0.0555967383246849,0.984459599703484,0.45,1,0.3,1.0,,,,1,200,ok,,,1349,943,0.0773079623019132,True,1.9,0.3601683719370153
ml100k,itemknn,none,200,200,10,0.1953125,0.3830270999987988,0.0,0.0,0.0260416666666666,0.3149780000003375,0.0094696969696969,0.311107899999115,0.0,0.0,0.1953125,0.0001775568181818,0.0371478685516871,1.0,0.065,1.1425,0.0971089696071163,0.9589933283914012,0.57,1,0.3,1.0,,,,1,200,ok,,,1349,943,0.0773079623019132,True,1.9,
ml100k,itemknn,quota_mmr,200,200,10,0.1875,0.3843481999992946,0.08984375,0.3556810000009136,0.0284090909090909,0.3078406000004179,0.0091911764705882,0.3166359000006196,0.53125,0.532989199999065,0.27734375,0.0028442513368983,0.0467049935555466,0.9174856400124312,0.09,0.2404999999999999,0.1060044477390659,0.9577931801334322,0.57,1,0.3,1.0,,,,1,200,ok,,,1349,943,0.0773079623019132,True,1.9,0.397124582867766
ml100k,als,none,200,200,10,3.40625,3.401205000000118,0.0,0.0,0.0125,0.3155481000012514,0.009765625,0.3062680000002729,0.0,0.0,3.40625,0.000111328125,0.0473213788017443,1.0,0.105,0.8305000000000001,0.4277242401779095,0.7726167531504818,0.63,1,0.3,1.0,,,,1,200,ok,,,1349,943,0.0773079623019132,True,1.9,
ml100k,als,quota_mmr,200,200,10,3.40625,3.4053686000006564,0.0859375,0.3577523999992991,0.0130208333333333,0.3017240999997739,0.009765625,0.3129891999997198,0.625,0.6231079999997746,3.4921875,0.0032389322916666,0.0474591996997941,0.9654606064092272,0.105,0.259,0.4373610081541882,0.7641927353595256,0.63,1,0.3,1.0,,,,1,200,ok,,,1349,943,0.0773079623019132,True,1.9,0.1688919033754753
ml100k,multvae,none,200,200,10,1.140625,1.1429509999998118,0.0,0.0,0.0183823529411764,0.3066503999998531,0.0094696969696969,0.3206679000013537,0.0,0.0,1.140625,0.0001392602495543,0.0435040162319302,1.0,0.08,0.9745,0.1415863602668643,0.944290585618977,0.57,1,0.3,1.0,,,,1,200,ok,,,1349,943,0.0773079623019132,True,1.9,
ml100k,multvae,quota_mmr,200,200,10,1.140625,1.1451864999999088,0.08984375,0.3609298999999737,0.0183823529411764,0.3040194000004703,0.009765625,0.3086584000011498,0.53125,0.5608792000002722,1.23046875,0.0027969898897058,0.0489736966822643,0.9659474165588215,0.095,0.249,0.1541882876204596,0.9448769458858414,0.57,1,0.3,1.0,,,,1,200,ok,,,1349,943,0.0773079623019132,True,1.9,0.3412942450621128
ml100k,gru4rec,none,200,200,10,79.375,79.5206816000009,0.0,0.0,0.0328125,0.3215077000004385,0.0094696969696969,0.3181563999987702,0.0,0.0,79.375,0.0002114109848484,0.0699425246685933,1.0,0.165,0.895,0.3269088213491475,0.8302713120830245,0.715,1,0.3,1.0,,,,1,200,ok,,,1349,943,0.0773079623019132,True,1.9,
ml100k,gru4rec,quota_mmr,200,200,10,79.140625,79.50870639999994,0.08984375,0.3576749000003474,0.0347222222222222,0.3083077000010235,0.0100806451612903,0.3108342999985325,0.578125,0.582506699998703,79.23046875,0.0031146393369175,0.05165977725041,0.9479926194635432,0.115,0.2659999999999999,0.3661971830985915,0.8124499629355078,0.715,1,0.3,1.0,,,,1,200,ok,,,1349,943,0.0773079623019132,True,1.9,0.2219174104725883
luxury_beauty,popularity,none,200,200,10,0.000125552430695,0.3049126000005344,0.0,0.0,0.0104166666666666,0.3205702999985078,0.0091911764705882,0.3281268999999156,0.0,0.0,0.000125552430695,9.80392156862745e-05,0.0164453241315894,1.0,0.02,1.5,0.0124542124542124,0.9917201465201464,0.265,1,0.3,1.0,,,,1,200,ok,,,1365,3589,0.0048703966229739,True,1.9,
luxury_beauty,popularity,quota_mmr,200,200,10,0.0001237133808392,0.3082361000015226,0.03125,0.3251526999993075,0.0111607142857142,0.3061440000001312,0.0091911764705882,0.3085111000000324,0.828125,0.8374392000005173,0.0313737133808392,0.0042423844537815,0.0165051499783199,0.9830135765137036,0.02,1.5,0.0124542124542124,0.9917238095238096,0.265,1,0.3,1.0,,,,1,200,ok,,,1365,3589,0.0048703966229739,True,1.9,0.3438471825431249
luxury_beauty,itemknn,none,200,200,10,0.071875,0.3589577999991888,0.0,0.0,0.0125,0.3185446999996202,0.0107758620689655,0.3063637999985076,0.0,0.0,0.071875,0.0001163793103448,0.1962085502993348,1.0,0.24,1.0830000000000002,0.295970695970696,0.8968659340659341,0.49,1,0.3,1.0,,,,1,200,ok,,,1365,3589,0.0048703966229739,True,1.9,
luxury_beauty,itemknn,quota_mmr,200,200,10,0.071875,0.3547995999997511,0.0347222222222222,0.3117786000002525,0.0125,0.3191288999987591,0.0111607142857142,0.3134585999996488,0.609375,0.6013187000007747,0.1065972222222222,0.0031651785714285,0.1908532514649024,0.8733516588972442,0.225,0.292,0.4644688644688645,0.7676168498168499,0.49,1,0.3,1.0,,,,1,200,ok,,,1365,3589,0.0048703966229739,True,1.9,0.0141624070907149
luxury_beauty,als,none,200,200,10,5.125,5.168393100000685,0.0,0.0,0.0125,0.3071548999996594,0.009765625,0.3054999000014504,0.0,0.0,5.125,0.000111328125,0.1823354143138388,1.0,0.235,0.7829999999999999,0.5406593406593406,0.6981428571428572,0.42,1,0.3,1.0,,,,1,200,ok,,,1365,3589,0.0048703966229739,True,1.9,
luxury_beauty,als,quota_mmr,200,200,10,5.171875,5.17988030000015,0.034375,0.3494229000007181,0.0120192307692307,0.3140112999990379,0.009765625,0.3048392999990028,0.609375,0.6514008000012836,5.20625,0.0031557992788461,0.1765850073074333,0.9603406902777823,0.215,0.272,0.6197802197802198,0.6324615384615384,0.42,1,0.3,1.0,,,,1,200,ok,,,1365,3589,0.0048703966229739,True,1.9,0.0067098532639697
digital_music,popularity,none,200,200,10,0.0003262004175365,0.2975373999997828,0.0,0.0,0.0148809523809523,0.3120983000007982,0.0520833333333333,0.3186495000009017,0.0,0.0,0.0003262004175365,0.0003348214285714,0.0035620718710802,1.0,0.01,1.5,0.0010649627263045,0.9991065850195244,0.085,1,0.3,1.0,,,,1,200,ok,,,11268,16252,0.0006986333284143,True,1.9,
digital_music,popularity,quota_mmr,200,200,10,0.0003134403209628,0.3136024000014004,0.140625,0.4222821999992447,0.0142045454545454,0.3239487999999255,0.0546875,0.331536399999095,1.125,1.1303021000003357,0.1409384403209629,0.0059694602272727,0.0035620718710802,0.9971448859932271,0.01,1.5,0.0011537096201632,0.9991046325878594,0.085,1,0.3,1.0,,,,1,200,ok,,,11268,16252,0.0006986333284143,True,1.9,0.0276783646158519
digital_music,itemknn,none,200,200,10,0.328125,0.3295210000014776,0.0,0.0,0.0260416666666666,0.2995300000002316,0.0491071428571428,0.3556544999992184,0.0,0.0,0.328125,0.000375744047619,0.0601561346534301,1.0,0.08,1.1900000000000002,0.0963791267305644,0.9404724884629038,0.325,1,0.3,1.0,,,,1,200,ok,,,11268,16252,0.0006986333284143,True,1.9,
digital_music,itemknn,quota_mmr,200,200,10,0.328125,0.3288438999989012,0.140625,0.4242305999996461,0.0240384615384615,0.3214410000000498,0.0520833333333333,0.323650300000736,0.671875,0.669310499999483,0.46875,0.0037399839743589,0.0601778256080599,0.8517109218084482,0.08,0.2669999999999999,0.1325878594249201,0.8959781682641108,0.325,1,0.3,1.0,,,,1,200,ok,,,11268,16252,0.0006986333284143,True,1.9,0.0061528980886634
digital_music,als,none,200,200,10,28.84375,28.92228299999988,0.0,0.0,0.0252403846153846,0.3354648999993515,0.0520833333333333,0.3146335999990697,0.0,0.0,28.84375,0.0003866185897435,0.0549823449219397,1.0,0.09,1.4655,0.0762335818246361,0.9556880546680866,0.31,1,0.3,1.0,,,,1,200,ok,,,11268,16252,0.0006986333284143,True,1.9,
digital_music,als,quota_mmr,200,200,10,28.796875,28.94312600000012,0.140625,0.4165878000003431,0.0260416666666666,0.3108877999984543,0.0546875,0.33443939999961,0.546875,0.5432442999990599,28.9375,0.0031380208333333,0.0480626532255282,0.8426581644045297,0.07,0.4579999999999999,0.1238019169329073,0.9074995562655308,0.31,1,0.3,1.0,,,,1,200,ok,,,11268,16252,0.0006986333284143,True,1.9,0.0052603352425076
gift_cards,popularity,none,200,120,10,8.039619243632621e-05,0.3129957000001013,0.0,0.0,0.0104166666666666,0.3139090999993641,0.0021701388888888,0.3117721999988134,0.0,0.0,8.039619243632621e-05,6.293402777777778e-05,0.0767168176337863,1.0,0.145,1.5,0.1224489795918367,0.9207414965986396,0.89,2,0.3,1.0,200.0,user history in a small catalogue,0.6,2,200,ok,,,147,456,0.037265783506385,True,1.9,
gift_cards,popularity,quota_mmr,200,120,10,8.409580193756728e-05,0.2970639999984996,0.0004867601246105,0.3121948000007251,0.0100806451612903,0.3139367000003403,0.0021853146853146,0.3123395000002347,0.328125,0.3333496000013838,0.0005708559265481,0.001701954799233,0.0545778860937372,0.6512548388595367,0.08,0.2999999999999999,0.3061224489795918,0.8923809523809524,0.89,2,0.3,1.0,200.0,user history in a small catalogue,0.6,2,200,ok,,,147,456,0.037265783506385,True,1.9,0.0100306363797617
gift_cards,itemknn,none,200,120,10,0.0018382352941176,0.3136030000005121,0.0,0.0,0.0100806451612903,0.3170028000004095,0.0023674242424242,0.3080355000001873,0.0,0.0,0.0018382352941176,6.224034701857283e-05,0.1838711968817526,1.0,0.375,1.355,0.4761904761904761,0.8079455782312925,0.955,2,0.3,1.0,200.0,user history in a small catalogue,0.6,2,200,ok,,,147,456,0.037265783506385,True,1.9,
gift_cards,itemknn,quota_mmr,200,120,10,0.0018491124260355,0.3098097000001871,0.0004867601246105,0.3116838000005373,0.0100806451612903,0.3145232000006217,0.0024038461538461,0.3112157000014122,0.328125,0.3544246000001294,0.002335872550646,0.0017030474565756,0.1277338101296144,0.783767331600269,0.225,0.2834999999999999,0.9387755102040816,0.5331292517006803,0.955,2,0.3,1.0,200.0,user history in a small catalogue,0.6,2,200,ok,,,147,456,0.037265783506385,True,1.9,0.0164718772822346
gift_cards,als,none,200,120,10,0.609375,0.6159985999984201,0.0,0.0,0.0104166666666666,0.3047580999991623,0.0024038461538461,0.307083200001216,0.0,0.0,0.609375,6.41025641025641e-05,0.067443925933683,1.0,0.17,0.47,0.9931972789115646,0.2325306122448979,0.865,2,0.3,1.0,200.0,user history in a small catalogue,0.6,2,200,ok,,,147,456,0.037265783506385,True,1.9,
gift_cards,als,quota_mmr,200,120,10,0.625,0.6117530999999872,0.0004852484472049,0.3119338999986212,0.0100806451612903,0.314891300000454,0.0023674242424242,0.3118593999988661,0.390625,0.3992870999991282,0.625485248447205,0.0020153653470185,0.0599961581131281,0.984272021649614,0.145,0.2565,0.9863945578231292,0.2315510204081632,0.865,2,0.3,1.0,200.0,user history in a small catalogue,0.6,2,200,ok,,,147,456,0.037265783506385,True,1.9,0.0034393116758789
software,popularity,none,200,200,10,9.92378532867577e-05,0.3027204999998503,0.0,0.0,0.0104166666666666,0.3172618999997212,0.0060096153846153,0.3115440000001399,0.0,0.0,9.92378532867577e-05,8.213141025641025e-05,0.0048249122993515,1.0,0.015,1.5,0.0192572214580467,0.9852654745529572,0.325,2,0.3,1.0,,,,2,200,ok,,,727,1779,0.0077884040691763,True,1.9,
software,popularity,quota_mmr,200,200,10,0.0001006441223832,0.2987415999996301,0.0089285714285714,0.3195362999995268,0.0107758620689655,0.3075520000002143,0.0058962264150943,0.3140828999985388,0.46875,0.4719081000002916,0.0090292155509546,0.0024271104424202,0.0019342640361727,0.8914158405446564,0.005,1.0,0.0316368638239339,0.984433287482806,0.325,2,0.3,1.0,,,,2,200,ok,,,727,1779,0.0077884040691763,True,1.9,0.0837061869646235
software,itemknn,none,200,200,10,0.0223214285714285,0.3029862999992474,0.0,0.0,0.0111607142857142,0.314364600000772,0.0067934782608695,0.3247510000001057,0.0,0.0,0.0223214285714285,8.977096273291925e-05,0.0773041868300205,1.0,0.155,0.951,0.5777166437414031,0.7323177441540578,0.535,2,0.3,1.0,,,,2,200,ok,,,727,1779,0.0077884040691763,True,1.9,
software,itemknn,quota_mmr,200,200,10,0.0223214285714285,0.3010677000002033,0.0089285714285714,0.3167163999987679,0.0125,0.3093032999986462,0.0071022727272727,0.3097509999988688,0.625,0.6259941999996954,0.03125,0.0032230113636363,0.0677825186038663,0.9075927418488364,0.12,0.2689999999999999,0.7730398899587345,0.5698775790921595,0.535,2,0.3,1.0,,,,2,200,ok,,,727,1779,0.0077884040691763,True,1.9,0.0059723421812485
software,als,none,200,200,10,2.59375,2.5852240000003803,0.0,0.0,0.0111607142857142,0.3147289000007731,0.0067934782608695,0.312453500000629,0.0,0.0,2.59375,8.977096273291925e-05,0.0847924342144883,1.0,0.155,0.6345000000000001,0.797799174690509,0.5299009628610729,0.465,2,0.3,1.0,,,,2,200,ok,,,727,1779,0.0077884040691763,True,1.9,
software,als,quota_mmr,200,200,10,2.578125,2.6024211999992986,0.0094696969696969,0.3022436999999627,0.0111607142857142,0.3197091000001819,0.0067934782608695,0.3094762000000628,0.671875,0.6723701000009896,2.587594696969697,0.0034491459627329,0.0759666295725967,0.970112063416174,0.125,0.2675,0.8762035763411279,0.4515680880330124,0.465,2,0.3,1.0,,,,2,200,ok,,,727,1779,0.0077884040691763,True,1.9,0.0042008989703723
ml100k,popularity,none,200,200,10,0.0001536381514257,0.3116124999996827,0.0,0.0,0.0107758620689655,0.3206554999997024,0.009765625,0.3065783999991254,0.0,0.0,0.0001536381514257,0.0001027074353448,0.065523955616762,1.0,0.105,1.1845,0.0555967383246849,0.9817709414381024,0.515,2,0.3,1.0,,,,2,200,ok,,,1349,943,0.0773079623019132,True,1.9,
ml100k,popularity,quota_mmr,200,200,10,0.0001530362389813,0.3099536999998236,0.09375,0.3766143000011652,0.0111607142857142,0.3206537000005482,0.009765625,0.3059582000005321,0.5,0.5099288000001252,0.0939030362389813,0.0026046316964285,0.0724111841908188,0.91276953537174,0.125,0.2504999999999999,0.0578206078576723,0.9834418087472202,0.515,2,0.3,1.0,,,,2,200,ok,,,1349,943,0.0773079623019132,True,1.9,0.3577946435369597
ml100k,itemknn,none,200,200,10,0.1875,0.3856102999998256,0.0,0.0,0.0260416666666666,0.3142300999988947,0.009765625,0.3006079000006139,0.0,0.0,0.1875,0.0001790364583333,0.044833651844888,1.0,0.1,1.1585,0.0941438102297998,0.9594002965159376,0.675,2,0.3,1.0,,,,2,200,ok,,,1349,943,0.0773079623019132,True,1.9,
ml100k,itemknn,quota_mmr,200,200,10,0.1953125,0.3906888999990769,0.09375,0.3709608999997726,0.0252403846153846,0.3387261999996553,0.0094696969696969,0.31924699999945,0.53125,0.5258785000005446,0.2890625,0.0028298004079254,0.05286461796735,0.9130152151378188,0.12,0.2515,0.1052631578947368,0.9571719792438844,0.675,2,0.3,1.0,,,,2,200,ok,,,1349,943,0.0773079623019132,True,1.9,0.3931850457599202
ml100k,als,none,200,200,10,3.40625,3.455521699999736,0.0,0.0,0.0130208333333333,0.309603399999105,0.009765625,0.3100052000008872,0.0,0.0,3.40625,0.0001139322916666,0.0525673064972207,1.0,0.115,0.8280000000000001,0.4114158636026686,0.7842920681986657,0.72,2,0.3,1.0,,,,2,200,ok,,,1349,943,0.0773079623019132,True,1.9,
ml100k,als,quota_mmr,200,200,10,3.40625,3.426332700000785,0.09375,0.3701718000011169,0.0130208333333333,0.314770299999509,0.009765625,0.3136885000003531,0.609375,0.6196220999991056,3.5,0.0031608072916666,0.0467896068356905,0.9645769039798254,0.1,0.25,0.4343958487768717,0.7650874722016309,0.72,2,0.3,1.0,,,,2,200,ok,,,1349,943,0.0773079623019132,True,1.9,0.1654292378094277
ml100k,multvae,none,200,200,10,1.171875,1.171250699999291,0.0,0.0,0.0173611111111111,0.3234431000000768,0.0104166666666666,0.3032286999987263,0.0,0.0,1.171875,0.0001388888888888,0.0435909448077991,1.0,0.09,1.0055,0.1319495922905856,0.9472690882134914,0.64,2,0.3,1.0,,,,2,200,ok,,,1349,943,0.0773079623019132,True,1.9,
ml100k,multvae,quota_mmr,200,200,10,1.15625,1.1804649000005156,0.08984375,0.3673868999994738,0.0173611111111111,0.3299188000000868,0.009765625,0.3105992000000697,0.546875,0.5695247000003292,1.24609375,0.0028700086805555,0.0489264170590278,0.963970030151438,0.105,0.2445,0.1467753891771683,0.9472201630837658,0.64,2,0.3,1.0,,,,2,200,ok,,,1349,943,0.0773079623019132,True,1.9,0.3377946381392428
ml100k,gru4rec,none,200,200,10,79.453125,79.60080830000152,0.0,0.0,0.03125,0.321374499999365,0.0100806451612903,0.3036701000000903,0.0,0.0,79.453125,0.0002066532258064,0.0995147995288019,1.0,0.2,0.8900000000000001,0.3165307635285396,0.8338042994810971,0.74,2,0.3,1.0,,,,2,200,ok,,,1349,943,0.0773079623019132,True,1.9,
ml100k,gru4rec,quota_mmr,200,200,10,78.8125,78.9837048999998,0.08984375,0.3608027000009315,0.03125,0.3222865999996429,0.0100806451612903,0.3007338999996136,0.578125,0.5778456000007282,78.90234375,0.0030972782258064,0.0902159671793525,0.945233116902558,0.175,0.2605,0.3550778354336545,0.8156501111934766,0.74,2,0.3,1.0,,,,2,200,ok,,,1349,943,0.0773079623019132,True,1.9,0.223289427880299
luxury_beauty,popularity,none,200,200,10,0.0001271358828315,0.3009719999990921,0.0,0.0,0.0104166666666666,0.3198385999985476,0.0089285714285714,0.3124853999997867,0.0,0.0,0.0001271358828315,9.672619047619048e-05,0.01,1.0,0.01,1.5,0.0124542124542124,0.9913692307692308,0.275,2,0.3,1.0,,,,2,200,ok,,,1365,3589,0.0048703966229739,True,1.9,
luxury_beauty,popularity,quota_mmr,200,200,10,0.0001268262987012,0.3094192000007751,0.03125,0.3264548999995895,0.0111607142857142,0.3016477000001032,0.0084459459459459,0.3278427999994164,0.8125,0.820749500000602,0.0313768262987012,0.0041605333011583,0.01,0.983139085373596,0.01,1.5,0.0124542124542124,0.9914153846153846,0.275,2,0.3,1.0,,,,2,200,ok,,,1365,3589,0.0048703966229739,True,1.9,0.3335112537908509
luxury_beauty,itemknn,none,200,200,10,0.06875,0.352864700000282,0.0,0.0,0.0125,0.3109230999998544,0.0107758620689655,0.3100589000005129,0.0,0.0,0.06875,0.0001163793103448,0.221766613704452,1.0,0.27,1.0435,0.3054945054945055,0.8957838827838828,0.435,2,0.3,1.0,,,,2,200,ok,,,1365,3589,0.0048703966229739,True,1.9,
luxury_beauty,itemknn,quota_mmr,200,200,10,0.071875,0.3468089999987569,0.03125,0.3237010000011651,0.0130208333333333,0.3045872999991843,0.0107758620689655,0.3062300000001414,0.578125,0.6046870999998646,0.103125,0.0030096084770114,0.219987582604579,0.8857478967593454,0.265,0.298,0.4512820512820513,0.7883648351648351,0.435,2,0.3,1.0,,,,2,200,ok,,,1365,3589,0.0048703966229739,True,1.9,0.0138622356198557
luxury_beauty,als,none,200,200,10,5.15625,5.15888669999913,0.0,0.0,0.0120192307692307,0.3190217999999731,0.0094696969696969,0.3198075000000244,0.0,0.0,5.15625,0.0001074446386946,0.2185393656606766,1.0,0.265,0.768,0.5157509157509158,0.7272065934065934,0.45,2,0.3,1.0,,,,2,200,ok,,,1365,3589,0.0048703966229739,True,1.9,
luxury_beauty,als,quota_mmr,200,200,10,5.15625,5.156197700000121,0.03125,0.3194075999999768,0.0125,0.3054776000008132,0.0094696969696969,0.3123051000002306,0.65625,0.6522668999987218,5.1875,0.0033910984848484,0.219550954080778,0.9617123551934742,0.265,0.2784999999999999,0.5787545787545788,0.6768293040293041,0.45,2,0.3,1.0,,,,2,200,ok,,,1365,3589,0.0048703966229739,True,1.9,0.0066760802553222
digital_music,popularity,none,200,200,10,0.0003153380423814,0.3064085000005434,0.0,0.0,0.0142045454545454,0.3238770999996632,0.0520833333333333,0.3141735999997763,0.0,0.0,0.0003153380423814,0.0003314393939393,0.0017810359355401,1.0,0.005,1.5,0.001242456514022,0.9990982428115016,0.08,2,0.3,1.0,,,,2,200,ok,,,11268,16252,0.0006986333284143,True,1.9,
digital_music,popularity,quota_mmr,200,200,10,0.0003140703517587,0.3068896000004315,0.1354166666666666,0.4184904000012466,0.0148809523809523,0.3065965000005235,0.0520833333333333,0.311967800000275,1.125,1.1377627999991091,0.1357307370184254,0.0059598214285714,0.0017810359355401,0.9972831310942232,0.005,1.5,0.0013312034078807,0.9990936279730208,0.08,2,0.3,1.0,,,,2,200,ok,,,11268,16252,0.0006986333284143,True,1.9,0.0276781391037687
digital_music,itemknn,none,200,200,10,0.34375,0.33083120000083,0.0,0.0,0.0240384615384615,0.3249968000000081,0.0546875,0.317280600000231,0.0,0.0,0.34375,0.0003936298076923,0.048953159146001,1.0,0.075,1.163,0.1013489527866524,0.9364866879659212,0.265,2,0.3,1.0,,,,2,200,ok,,,11268,16252,0.0006986333284143,True,1.9,
digital_music,itemknn,quota_mmr,200,200,10,0.328125,0.3286798000008275,0.140625,0.4103063000002294,0.0240384615384615,0.3196005999998306,0.0572916666666666,0.3400142999998934,0.65625,0.6602802999987034,0.46875,0.0036879006410256,0.0484066171755703,0.8563367177219848,0.075,0.2695,0.1344515441959531,0.8941516684416045,0.265,2,0.3,1.0,,,,2,200,ok,,,11268,16252,0.0006986333284143,True,1.9,0.0059833319715023
digital_music,als,none,200,200,10,28.78125,28.783393100000467,0.0,0.0,0.0260416666666666,0.3099094000008335,0.0520833333333333,0.3167344000012235,0.0,0.0,28.78125,0.000390625,0.0279347252913814,1.0,0.065,1.4665,0.0757011004614838,0.95629783457579,0.28,2,0.3,1.0,,,,2,200,ok,,,11268,16252,0.0006986333284143,True,1.9,
digital_music,als,quota_mmr,200,200,10,28.921875,28.933995700001105,0.140625,0.4173972999997204,0.0260416666666666,0.309003099999245,0.0546875,0.3339205000011134,0.53125,0.5289290999990044,29.0625,0.0030598958333333,0.0286804770165232,0.8417137284718257,0.065,0.4629999999999999,0.12637557685481,0.904028842740504,0.28,2,0.3,1.0,,,,2,200,ok,,,11268,16252,0.0006986333284143,True,1.9,0.0050828745949755
gift_cards,popularity,none,200,120,10,8.322237017310254e-05,0.3096353999990242,0.0,0.0,0.009765625,0.3219675000000279,0.0022007042253521,0.3035014999986742,0.0,0.0,8.322237017310254e-05,5.9831646126760565e-05,0.072913936053882,1.0,0.145,1.5,0.1360544217687075,0.9193605442176872,0.88,3,0.3,1.0,200.0,user history in a small catalogue,0.6,3,200,ok,,,147,456,0.037265783506385,True,1.9,
gift_cards,popularity,quota_mmr,200,120,10,8.018988965871183e-05,0.3101186000003508,0.0004905808477237,0.3121993000004295,0.0100806451612903,0.3141618000008748,0.0022482014388489,0.3117599999986851,0.3125,0.3118567000001349,0.0005707707373824,0.0016241442330006,0.0556320988558113,0.6507062696034807,0.095,0.2999999999999999,0.3401360544217687,0.8919931972789116,0.88,3,0.3,1.0,200.0,user history in a small catalogue,0.6,3,200,ok,,,147,456,0.037265783506385,True,1.9,0.0099659008085779
gift_cards,itemknn,none,200,120,10,0.0018939393939393,0.3015300000006391,0.0,0.0,0.0100806451612903,0.3138660000004165,0.0023320895522388,0.3107713999997941,0.0,0.0,0.0018939393939393,6.206367356764563e-05,0.173263397498214,1.0,0.335,1.3700000000000003,0.4693877551020408,0.8136666666666666,0.965,3,0.3,1.0,200.0,user history in a small catalogue,0.6,3,200,ok,,,147,456,0.037265783506385,True,1.9,
gift_cards,itemknn,quota_mmr,200,120,10,0.001860119047619,0.3046508000006724,0.0004792944785276,0.3121289999999135,0.0100806451612903,0.3170133000003261,0.0023496240601503,0.3093411000008927,0.328125,0.3339926000007835,0.0023394135261466,0.0017027763461072,0.1458936965801109,0.779965394092215,0.26,0.284,0.9251700680272108,0.5463401360544218,0.965,3,0.3,1.0,200.0,user history in a small catalogue,0.6,3,200,ok,,,147,456,0.037265783506385,True,1.9,0.0165743964939635
gift_cards,als,none,200,120,10,0.609375,0.6183118999997532,0.0,0.0,0.0104166666666666,0.3081820999996125,0.002297794117647,0.321754200000214,0.0,0.0,0.609375,6.357230392156862e-05,0.0551087985406792,1.0,0.14,0.4875,0.9863945578231292,0.2494421768707483,0.85,3,0.3,1.0,200.0,user history in a small catalogue,0.6,3,200,ok,,,147,456,0.037265783506385,True,1.9,
gift_cards,als,quota_mmr,200,120,10,0.625,0.6180418000003556,0.0004822530864197,0.3130206000005273,0.0100806451612903,0.3183442999998078,0.0023854961832061,0.3056118999993487,0.40625,0.4166126000000076,0.6254822530864198,0.0020935807067224,0.0554745520214858,0.984145060537622,0.145,0.2575,0.979591836734694,0.2462857142857142,0.85,3,0.3,1.0,200.0,user history in a small catalogue,0.6,3,200,ok,,,147,456,0.037265783506385,True,1.9,0.0031794366744551
software,popularity,none,200,200,10,0.0001009693053311,0.2979762000013579,0.0,0.0,0.0104166666666666,0.3182003000001714,0.0061274509803921,0.3085295000000769,0.0,0.0,0.0001009693053311,8.272058823529411e-05,0.003022648515518,1.0,0.01,1.5,0.0192572214580467,0.9850949105914718,0.315,3,0.3,1.0,,,,3,200,ok,,,727,1779,0.0077884040691763,True,1.9,
software,popularity,quota_mmr,200,200,10,9.879860891558646e-05,0.3053949999994074,0.0089285714285714,0.321881800000483,0.0107758620689655,0.3081742999984271,0.0058962264150943,0.309964599999148,0.453125,0.4534121999986382,0.009027370037487,0.0023489854424202,0.0,0.8882065944733398,0.0,1.0,0.0316368638239339,0.9838775790921596,0.315,3,0.3,1.0,,,,3,200,ok,,,727,1779,0.0077884040691763,True,1.9,0.0802983023510769
software,itemknn,none,200,200,10,0.021875,0.3213675999995757,0.0,0.0,0.011574074074074,0.3086309999998775,0.0069444444444444,0.3122593999996752,0.0,0.0,0.021875,9.25925925925926e-05,0.060560197630553,1.0,0.12,0.9085,0.5502063273727648,0.7443342503438789,0.57,3,0.3,1.0,,,,3,200,ok,,,727,1779,0.0077884040691763,True,1.9,
software,itemknn,quota_mmr,200,200,10,0.0208333333333333,0.3224725000000035,0.0094696969696969,0.3099540999992314,0.011574074074074,0.307905199999368,0.0071022727272727,0.3082278999991104,0.609375,0.6155197999996744,0.0303030303030303,0.0031402567340067,0.0658491803794186,0.9147837710127196,0.13,0.2635,0.7359009628610729,0.6104236588720771,0.57,3,0.3,1.0,,,,3,200,ok,,,727,1779,0.0077884040691763,True,1.9,0.0062628795654413
software,als,none,200,200,10,2.671875,2.665441600000122,0.0,0.0,0.0111607142857142,0.3144341999995959,0.0067934782608695,0.3058612000004359,0.0,0.0,2.671875,8.977096273291925e-05,0.0823114948091795,1.0,0.16,0.6309999999999999,0.7757909215955984,0.5677138927097661,0.52,3,0.3,1.0,,,,3,200,ok,,,727,1779,0.0077884040691763,True,1.9,
software,als,quota_mmr,200,200,10,2.5625,2.563902200001394,0.0094696969696969,0.3044423999999708,0.0111607142857142,0.3192839999992429,0.0067934782608695,0.3071445000005042,0.671875,0.6849104000011721,2.571969696969697,0.0034491459627329,0.0802711713724476,0.9696635889264352,0.155,0.2625,0.8583218707015131,0.491171939477304,0.52,3,0.3,1.0,,,,3,200,ok,,,727,1779,0.0077884040691763,True,1.9,0.0042552483786465
ml100k,popularity,none,200,200,10,0.0001609994848016,0.2981346999986272,0.0,0.0,0.0107758620689655,0.3182053999989875,0.0094696969696969,0.3131223999989743,0.0,0.0,0.0001609994848016,0.0001012277951933,0.0513356316230939,1.0,0.1,1.1820000000000002,0.0541141586360266,0.9821186063750926,0.48,3,0.3,1.0,,,,3,200,ok,,,1349,943,0.0773079623019132,True,1.9,
ml100k,popularity,quota_mmr,200,200,10,0.000154549950544,0.3133895000009943,0.0859375,0.3548513999994611,0.0111607142857142,0.3104294000004302,0.0100806451612903,0.3043030999997427,0.484375,0.4965888000006089,0.086092049950544,0.002528081797235,0.0517239603432495,0.9124995302358232,0.095,0.2529999999999999,0.0570793180133432,0.9841927353595256,0.48,3,0.3,1.0,,,,3,200,ok,,,1349,943,0.0773079623019132,True,1.9,0.3581380118615818
ml100k,itemknn,none,200,200,10,0.1953125,0.3864044999991165,0.0,0.0,0.0260416666666666,0.3188368999999511,0.0094696969696969,0.3060129000004963,0.0,0.0,0.1953125,0.0001775568181818,0.0501993067495599,1.0,0.105,1.135,0.1015567086730911,0.9565040770941438,0.635,3,0.3,1.0,,,,3,200,ok,,,1349,943,0.0773079623019132,True,1.9,
ml100k,itemknn,quota_mmr,200,200,10,0.1953125,0.3825419000004331,0.08984375,0.3608731999993324,0.0284090909090909,0.306696000001466,0.0091911764705882,0.316002200001094,0.53125,0.5321828000014648,0.28515625,0.0028442513368983,0.0505245061849134,0.9174015590179972,0.105,0.25,0.1074870274277242,0.9565522609340252,0.635,3,0.3,1.0,,,,3,200,ok,,,1349,943,0.0773079623019132,True,1.9,0.3900677145085677
ml100k,als,none,200,200,10,3.359375,3.388397000000623,0.0,0.0,0.0125,0.3149278000000777,0.0094696969696969,0.313645299998825,0.0,0.0,3.359375,0.0001098484848484,0.0690852104185324,1.0,0.155,0.8030000000000002,0.4180874722016308,0.7796085989621943,0.63,3,0.3,1.0,,,,3,200,ok,,,1349,943,0.0773079623019132,True,1.9,
ml100k,als,quota_mmr,200,200,10,3.390625,3.382563200000732,0.08984375,0.3544411000002583,0.0120192307692307,0.321202600000106,0.009765625,0.30980129999989,0.609375,0.6055317999998806,3.48046875,0.0031557992788461,0.0598476171269834,0.9655430963853092,0.125,0.2465,0.4329132690882135,0.7687575982209044,0.63,3,0.3,1.0,,,,3,200,ok,,,1349,943,0.0773079623019132,True,1.9,0.1679251750889525
ml100k,multvae,none,200,200,10,1.140625,1.143764899999951,0.0,0.0,0.0183823529411764,0.3084793999987596,0.009765625,0.3081621999990602,0.0,0.0,1.140625,0.0001407398897058,0.0448168770048439,1.0,0.1,0.973,0.1319495922905856,0.9467383246849518,0.59,3,0.3,1.0,,,,3,200,ok,,,1349,943,0.0773079623019132,True,1.9,
ml100k,multvae,quota_mmr,200,200,10,1.140625,1.145129900000029,0.08984375,0.3528031000005285,0.0183823529411764,0.3061142999995354,0.0094696969696969,0.319567200000165,0.546875,0.5423000999999203,1.23046875,0.0028736352495543,0.037511038842154,0.9648066850188174,0.07,0.2485,0.1445515196441808,0.9488665678280208,0.59,3,0.3,1.0,,,,3,200,ok,,,1349,943,0.0773079623019132,True,1.9,0.3408040143367559
ml100k,gru4rec,none,200,200,10,79.359375,79.5338783999996,0.0,0.0,0.0328125,0.3197450999996363,0.009765625,0.3125292999993689,0.0,0.0,79.359375,0.000212890625,0.1013516349675369,1.0,0.185,0.9185,0.3202372127501853,0.8432572275759822,0.8,3,0.3,1.0,,,,3,200,ok,,,1349,943,0.0773079623019132,True,1.9,
ml100k,gru4rec,quota_mmr,200,200,10,79.421875,79.57833949999986,0.0859375,0.3540767000013147,0.0328125,0.3208653999990929,0.009765625,0.3085981000003812,0.578125,0.5790993999999046,79.5078125,0.003103515625,0.0918519852722451,0.946087348262892,0.16,0.262,0.3491475166790215,0.8229273535952557,0.8,3,0.3,1.0,,,,3,200,ok,,,1349,943,0.0773079623019132,True,1.9,0.2101865329866646
luxury_beauty,popularity,none,200,200,10,0.000130972338642,0.2982205000007525,0.0,0.0,0.0104166666666666,0.3175460000002204,0.0089285714285714,0.3077576999985467,0.0,0.0,0.000130972338642,9.672619047619048e-05,0.0014453241315894,1.0,0.005,1.5,0.0124542124542124,0.991748717948718,0.28,3,0.3,1.0,,,,3,200,ok,,,1365,3589,0.0048703966229739,True,1.9,
luxury_beauty,popularity,quota_mmr,200,200,10,0.0001186859096088,0.3268482999992557,0.03125,0.3251880000007077,0.0107758620689655,0.3099511000000348,0.0094696969696969,0.3063813999997364,0.8125,0.821684999998979,0.0313686859096088,0.0041637277951933,0.0015051499783199,0.9832128965516646,0.005,1.5,0.0124542124542124,0.9917985347985347,0.28,3,0.3,1.0,,,,3,200,ok,,,1365,3589,0.0048703966229739,True,1.9,0.3501110444811863
luxury_beauty,itemknn,none,200,200,10,0.06875,0.353108000001157,0.0,0.0,0.0125,0.3111177999999199,0.0111607142857142,0.3011045000002923,0.0,0.0,0.06875,0.0001183035714285,0.2196956299065323,1.0,0.3,1.062,0.3062271062271062,0.8962820512820513,0.535,3,0.3,1.0,,,,3,200,ok,,,1365,3589,0.0048703966229739,True,1.9,
luxury_beauty,itemknn,quota_mmr,200,200,10,0.06875,0.3534980000003997,0.0347222222222222,0.2984969999997702,0.0125,0.3141446999998152,0.0104166666666666,0.3158955000017158,0.609375,0.6121672999997827,0.1034722222222222,0.0031614583333333,0.203444980506073,0.8741634630805275,0.26,0.2975,0.4717948717948718,0.7742300366300366,0.535,3,0.3,1.0,,,,3,200,ok,,,1365,3589,0.0048703966229739,True,1.9,0.0132023733135098
luxury_beauty,als,none,200,200,10,5.15625,5.152874900000825,0.0,0.0,0.0125,0.3054017000013118,0.0094696969696969,0.3165035000001808,0.0,0.0,5.15625,0.0001098484848484,0.2053389761849191,1.0,0.27,0.8019999999999999,0.5435897435897435,0.6960945054945055,0.49,3,0.3,1.0,,,,3,200,ok,,,1365,3589,0.0048703966229739,True,1.9,
luxury_beauty,als,quota_mmr,200,200,10,5.078125,5.09737320000022,0.0328125,0.3303869999999733,0.0125,0.3024922000004153,0.0094696969696969,0.3154362999994191,0.640625,0.6426414999987173,5.1109375,0.0033129734848484,0.2005421707960076,0.9571979936747276,0.25,0.2759999999999999,0.6256410256410256,0.6344227106227106,0.49,3,0.3,1.0,,,,3,200,ok,,,1365,3589,0.0048703966229739,True,1.9,0.0064326043454312
digital_music,popularity,none,200,200,10,0.0003201844262295,0.2994806000006065,0.0,0.0,0.0142045454545454,0.3218965000014577,0.0520833333333333,0.3088286999991396,0.0,0.0,0.0003201844262295,0.0003314393939393,0.0142810359355401,1.0,0.02,1.5,0.0011537096201632,0.9991027689030884,0.08,3,0.3,1.0,,,,3,200,ok,,,11268,16252,0.0006986333284143,True,1.9,
digital_music,popularity,quota_mmr,200,200,10,0.0003063725490196,0.31266770000002,0.140625,0.4249540999990131,0.0142045454545454,0.324020300000484,0.0546875,0.3222482000001037,1.15625,1.158093199999712,0.1409313725490196,0.0061257102272727,0.0142810359355401,0.9972708204224396,0.02,1.5,0.001242456514022,0.9990981540646078,0.08,3,0.3,1.0,,,,3,200,ok,,,11268,16252,0.0006986333284143,True,1.9,0.0277339777657765
digital_music,itemknn,none,200,200,10,0.328125,0.3237680999991426,0.0,0.0,0.0252403846153846,0.3237077000012505,0.0520833333333333,0.3112233000010747,0.0,0.0,0.328125,0.0003866185897435,0.0805866677698843,1.0,0.125,1.179,0.0963791267305644,0.9405436634717784,0.32,3,0.3,1.0,,,,3,200,ok,,,11268,16252,0.0006986333284143,True,1.9,
digital_music,itemknn,quota_mmr,200,200,10,0.328125,0.3269160999989253,0.140625,0.4166636000009021,0.0252403846153846,0.3269220000001951,0.0513392857142857,0.3591329999999288,0.65625,0.658448899999712,0.46875,0.0036641483516483,0.0790071196050727,0.8512058509888476,0.12,0.2669999999999999,0.132942847000355,0.8953497515086972,0.32,3,0.3,1.0,,,,3,200,ok,,,11268,16252,0.0006986333284143,True,1.9,0.0063648184661644
digital_music,als,none,200,200,10,28.734375,28.815495400000145,0.0,0.0,0.0260416666666666,0.3082534000004671,0.0546875,0.3248776000000362,0.0,0.0,28.734375,0.0004036458333333,0.042357178989799,1.0,0.09,1.4665,0.0732161874334398,0.9575765885694,0.305,3,0.3,1.0,,,,3,200,ok,,,11268,16252,0.0006986333284143,True,1.9,
digital_music,als,quota_mmr,200,200,10,28.5,28.53524449999896,0.1354166666666666,0.4072298999999475,0.0260416666666666,0.3049926999992749,0.0520833333333333,0.3229330000012851,0.515625,0.5147983999995631,28.635416666666668,0.00296875,0.0455902646347119,0.8370392195819032,0.095,0.4195,0.1222044728434504,0.9094072594959176,0.305,3,0.3,1.0,,,,3,200,ok,,,11268,16252,0.0006986333284143,True,1.9,0.0053800572329408
gift_cards,popularity,none,200,117,10,8.221520652459879e-05,0.2986698000004253,0.0,0.0,0.0104166666666666,0.3040473000000929,0.0021701388888888,0.3051742000006925,0.0,0.0,8.221520652459879e-05,6.293402777777778e-05,0.080306569750593,1.0,0.155,1.5,0.1564625850340136,0.9190068027210884,0.885,4,0.3,1.0,200.0,user history in a small catalogue,0.585,4,200,ok,,,147,456,0.037265783506385,True,1.9,
gift_cards,popularity,quota_mmr,200,117,10,7.781374501992032e-05,0.312707600000067,0.0004860031104199,0.3122260999989521,0.009765625,0.3196098000007623,0.0021551724137931,0.3070477000001119,0.296875,0.5994916999989073,0.0005638168554398,0.0015439789870689,0.0534092704351613,0.6521394738134376,0.075,0.2999999999999999,0.3265306122448979,0.8949251700680272,0.885,4,0.3,1.0,200.0,user history in a small catalogue,0.585,4,200,ok,,,147,456,0.037265783506385,True,1.9,0.0101047427512373
gift_cards,itemknn,none,200,117,10,0.001860119047619,0.3088219000001118,0.0,0.0,0.0100806451612903,0.3122700999992958,0.002297794117647,0.3127752000000328,0.0,0.0,0.001860119047619,6.189219639468691e-05,0.199604090967023,1.0,0.395,1.3595,0.5034013605442177,0.814156462585034,0.95,4,0.3,1.0,200.0,user history in a small catalogue,0.585,4,200,ok,,,147,456,0.037265783506385,True,1.9,
gift_cards,itemknn,quota_mmr,200,117,10,0.0018274853801169,0.3094830000009096,0.0004822530864197,0.3118133999996644,0.0100806451612903,0.3119228999985353,0.0022810218978102,0.3151280999991286,0.328125,0.3274534000011044,0.0023097384665367,0.0017024333352955,0.1461684908942146,0.7810040154827581,0.245,0.2859999999999999,0.9251700680272108,0.5404353741496598,0.95,4,0.3,1.0,200.0,user history in a small catalogue,0.585,4,200,ok,,,147,456,0.037265783506385,True,1.9,0.0166434673744057
gift_cards,als,none,200,117,10,0.59375,0.611746000000494,0.0,0.0,0.0100806451612903,0.3145750999992742,0.0023496240601503,0.3114002000002074,0.0,0.0,0.59375,6.21513461072035e-05,0.0648140283727834,1.0,0.145,0.482,0.9931972789115646,0.2433061224489796,0.825,4,0.3,1.0,200.0,user history in a small catalogue,0.585,4,200,ok,,,147,456,0.037265783506385,True,1.9,
gift_cards,als,quota_mmr,200,117,10,0.609375,0.6085124000001088,0.0004913522012578,0.305474900000263,0.009765625,0.3203224999997474,0.0023854961832061,0.3063333000009152,0.390625,0.3932570000015403,0.6098663522012578,0.002013880605916,0.0673091389852811,0.984866536395247,0.155,0.255,0.9863945578231292,0.2448843537414965,0.825,4,0.3,1.0,200.0,user history in a small catalogue,0.585,4,200,ok,,,147,456,0.037265783506385,True,1.9,0.0033937226385464
software,popularity,none,200,200,10,9.57707631014404e-05,0.3077729000015097,0.0,0.0,0.0104166666666666,0.3140923000009934,0.0060096153846153,0.3109817999993538,0.0,0.0,9.57707631014404e-05,8.213141025641025e-05,0.0068272907699689,1.0,0.02,1.5,0.0192572214580467,0.9852819807427784,0.27,4,0.3,1.0,,,,4,200,ok,,,727,1779,0.0077884040691763,True,1.9,
software,popularity,quota_mmr,200,200,10,9.964923469387755e-05,0.3019361999995453,0.0089285714285714,0.3180763000000297,0.0104166666666666,0.3145216000011714,0.0060096153846153,0.306252599999425,0.4375,0.4463195000007545,0.0090282206632653,0.0022696314102564,0.0019342640361727,0.8894520868220995,0.005,1.0,0.0275103163686382,0.9844030261348006,0.27,4,0.3,1.0,,,,4,200,ok,,,727,1779,0.0077884040691763,True,1.9,0.0820223316013895
software,itemknn,none,200,200,10,0.0208333333333333,0.3236984000013763,0.0,0.0,0.011574074074074,0.3105089000000589,0.0071022727272727,0.3085468999997829,0.0,0.0,0.0208333333333333,9.3381734006734e-05,0.0835669438431799,1.0,0.155,0.9025,0.5777166437414031,0.735232462173315,0.57,4,0.3,1.0,,,,4,200,ok,,,727,1779,0.0077884040691763,True,1.9,
software,itemknn,quota_mmr,200,200,10,0.0208333333333333,0.3230858999995689,0.0094696969696969,0.3000676000010571,0.0111607142857142,0.3202679000005446,0.0072674418604651,0.3065744999985327,0.625,0.6222610999993776,0.0303030303030303,0.0032171407807308,0.082831833475456,0.9160219610749192,0.16,0.265,0.7661623108665749,0.5835337001375516,0.57,4,0.3,1.0,,,,4,200,ok,,,727,1779,0.0077884040691763,True,1.9,0.0065217729710061
software,als,none,200,200,10,2.5625,2.570143000000826,0.0,0.0,0.0111607142857142,0.3131441999994422,0.0067934782608695,0.304598700000497,0.0,0.0,2.5625,8.977096273291925e-05,0.0725915942219271,1.0,0.155,0.6335000000000001,0.8019257221458047,0.5273961485557084,0.52,4,0.3,1.0,,,,4,200,ok,,,727,1779,0.0077884040691763,True,1.9,
software,als,quota_mmr,200,200,10,2.515625,2.511432799999966,0.0091911764705882,0.3116290999987541,0.0111607142857142,0.3156773999999132,0.0066489361702127,0.3113985999989381,0.671875,0.668913600000451,2.5248161764705883,0.0034484232522796,0.0689866790636583,0.9700170243724926,0.145,0.262,0.8638239339752407,0.4697001375515818,0.52,4,0.3,1.0,,,,4,200,ok,,,727,1779,0.0077884040691763,True,1.9,0.004272997304617
ml100k,popularity,none,200,200,10,0.0001609994848016,0.300929899998664,0.0,0.0,0.0107758620689655,0.3192902999999205,0.0094696969696969,0.3135822000003827,0.0,0.0,0.0001609994848016,0.0001012277951933,0.0534114253795015,1.0,0.105,1.1920000000000002,0.0489251297257227,0.9825426241660488,0.44,4,0.3,1.0,,,,4,200,ok,,,1349,943,0.0773079623019132,True,1.9,
ml100k,popularity,quota_mmr,200,200,10,0.0001507477086348,0.3187077999991743,0.0859375,0.3511677999995299,0.0111607142857142,0.3088435000008758,0.0094696969696969,0.3185413999999582,0.5,0.4910804000010103,0.0860882477086348,0.002603152056277,0.0495245622711756,0.9126593585277336,0.09,0.2544999999999999,0.0526315789473684,0.9846323202372128,0.44,4,0.3,1.0,,,,4,200,ok,,,1349,943,0.0773079623019132,True,1.9,0.36069476770675
ml100k,itemknn,none,200,200,10,0.1875,0.382852400000047,0.0,0.0,0.0252403846153846,0.3256583999991562,0.0091911764705882,0.3147060999999667,0.0,0.0,0.1875,0.0001721578054298,0.0540864905941787,1.0,0.09,1.122,0.0919199406968124,0.9603973313565604,0.575,4,0.3,1.0,,,,4,200,ok,,,1349,943,0.0773079623019132,True,1.9,
ml100k,itemknn,quota_mmr,200,200,10,0.1875,0.381413999999495,0.08984375,0.3534601999999722,0.0252403846153846,0.3316508000007161,0.0100806451612903,0.3076014999987819,0.515625,0.5165600999989692,0.27734375,0.0027547301488833,0.0563774966179797,0.920392700542485,0.1,0.248,0.1030392883617494,0.9583484062268348,0.575,4,0.3,1.0,,,,4,200,ok,,,1349,943,0.0773079623019132,True,1.9,0.3984467848293642
ml100k,als,none,200,200,10,3.375,3.385136900000361,0.0,0.0,0.0125,0.315158600000359,0.0094696969696969,0.3152939999999944,0.0,0.0,3.375,0.0001098484848484,0.0685136534080465,1.0,0.155,0.8435000000000001,0.4180874722016308,0.779991104521868,0.675,4,0.3,1.0,,,,4,200,ok,,,1349,943,0.0773079623019132,True,1.9,
ml100k,als,quota_mmr,200,200,10,3.375,3.3837211999998544,0.09375,0.370205100000021,0.0125,0.3084885999996913,0.009765625,0.3119549999992159,0.59375,0.5921648999992613,3.46875,0.003080078125,0.0489981601915242,0.964731771198678,0.1,0.2575,0.4447739065974796,0.7648524833209785,0.675,4,0.3,1.0,,,,4,200,ok,,,1349,943,0.0773079623019132,True,1.9,0.1686352185828985
ml100k,multvae,none,200,200,10,1.140625,1.1423670000003767,0.0,0.0,0.0183823529411764,0.3084616999985883,0.009765625,0.3083817000006092,0.0,0.0,1.140625,0.0001407398897058,0.0580892845878525,1.0,0.11,0.963,0.1408450704225352,0.9475218680504076,0.565,4,0.3,1.0,,,,4,200,ok,,,1349,943,0.0773079623019132,True,1.9,
ml100k,multvae,quota_mmr,200,200,10,1.140625,1.1316095999991376,0.08203125,0.3542522000007011,0.0183823529411764,0.3061255000011442,0.009765625,0.3108735999994678,0.546875,0.5519134000005579,1.22265625,0.0028751148897058,0.0610910564040562,0.9657623901673223,0.12,0.246,0.1482579688658265,0.9480340993328392,0.565,4,0.3,1.0,,,,4,200,ok,,,1349,943,0.0773079623019132,True,1.9,0.3441312502808288
ml100k,gru4rec,none,200,200,10,78.796875,79.00099099999898,0.0,0.0,0.03125,0.3195199999991018,0.009765625,0.3093764999994164,0.0,0.0,78.796875,0.000205078125,0.0792578088965771,1.0,0.165,0.913,0.3335804299481097,0.8280770941438103,0.79,4,0.3,1.0,,,,4,200,ok,,,1349,943,0.0773079623019132,True,1.9,
ml100k,gru4rec,quota_mmr,200,200,10,78.71875,78.97464929999842,0.0859375,0.3523320999993302,0.0328125,0.3206681000010576,0.0094696969696969,0.3174555999994481,0.578125,0.5802051999999094,78.8046875,0.0031020359848484,0.0653175825052341,0.9460257155741064,0.125,0.262,0.369162342475908,0.8054892512972572,0.79,4,0.3,1.0,,,,4,200,ok,,,1349,943,0.0773079623019132,True,1.9,0.2107538870523211
luxury_beauty,popularity,none,200,200,10,0.0001226933647428,0.3076538000004802,0.0,0.0,0.0107758620689655,0.3176048000004812,0.0089285714285714,0.3095486999991408,0.0,0.0,0.0001226933647428,9.852216748768474e-05,0.0078906482631788,1.0,0.015,1.5,0.0124542124542124,0.9915912087912088,0.265,4,0.3,1.0,,,,4,200,ok,,,1365,3589,0.0048703966229739,True,1.9,
luxury_beauty,popularity,quota_mmr,200,200,10,0.0001221180148495,0.3102343000009568,0.03125,0.3271560000011959,0.0111607142857142,0.3022266999996645,0.0089285714285714,0.3076959000009083,0.8125,0.8157214000002568,0.0313721180148495,0.0041629464285714,0.0080102999566398,0.9830635204851856,0.015,1.5,0.0124542124542124,0.9916505494505494,0.265,4,0.3,1.0,,,,4,200,ok,,,1365,3589,0.0048703966229739,True,1.9,0.3423464223460929
luxury_beauty,itemknn,none,200,200,10,0.071875,0.3564764999991894,0.0,0.0,0.0130208333333333,0.3133940999996412,0.0104166666666666,0.315241899999819,0.0,0.0,0.071875,0.0001171875,0.2002060323273433,1.0,0.255,1.0405000000000002,0.3164835164835164,0.888170695970696,0.465,4,0.3,1.0,,,,4,200,ok,,,1365,3589,0.0048703966229739,True,1.9,
luxury_beauty,itemknn,quota_mmr,200,200,10,0.075,0.3712492000013299,0.0328125,0.324208500000168,0.0125,0.3239319999993313,0.0107758620689655,0.3174525000013091,0.578125,0.5954007000000274,0.1078125,0.0030070043103448,0.1979065400512123,0.8803037480080927,0.25,0.3044999999999999,0.4578754578754578,0.7758989010989011,0.465,4,0.3,1.0,,,,4,200,ok,,,1365,3589,0.0048703966229739,True,1.9,0.0136707381104301
luxury_beauty,als,none,200,200,10,5.109375,5.130065600000307,0.0,0.0,0.0125,0.3017640999987634,0.0094696969696969,0.3153597000000445,0.0,0.0,5.109375,0.0001098484848484,0.1824299487055073,1.0,0.225,0.8190000000000001,0.5216117216117216,0.7180989010989011,0.445,4,0.3,1.0,,,,4,200,ok,,,1365,3589,0.0048703966229739,True,1.9,
luxury_beauty,als,quota_mmr,200,200,10,5.125,5.123595500001102,0.03125,0.3162840999993932,0.0125,0.3030223999994632,0.009765625,0.3129009000003862,0.640625,0.6400825999990047,5.15625,0.0033144531249999,0.1753113647757354,0.9563558955501208,0.205,0.2789999999999999,0.6,0.652847619047619,0.445,4,0.3,1.0,,,,4,200,ok,,,1365,3589,0.0048703966229739,True,1.9,0.0070180908534416
digital_music,popularity,none,200,200,10,0.0003150201612903,0.3004703000005975,0.0,0.0,0.0142045454545454,0.3227230000011332,0.0546875,0.3197464999993826,0.0,0.0,0.0003150201612903,0.0003444602272727,0.0103080315582242,1.0,0.02,1.5,0.001242456514022,0.9991025026624069,0.085,4,0.3,1.0,,,,4,200,ok,,,11268,16252,0.0006986333284143,True,1.9,
digital_music,popularity,quota_mmr,200,200,10,0.0003169371196754,0.3004898999988654,0.1354166666666666,0.4167448000007425,0.0148809523809523,0.3048008000005211,0.0513392857142857,0.3580268999994587,1.15625,1.1566609000001336,0.1357336037863421,0.0061123511904761,0.0103080315582242,0.9971865195632073,0.02,1.5,0.0013312034078807,0.9991010827121052,0.085,4,0.3,1.0,,,,4,200,ok,,,11268,16252,0.0006986333284143,True,1.9,0.0276446782151043
digital_music,itemknn,none,200,200,10,0.328125,0.325680400001147,0.0,0.0,0.0240384615384615,0.3251419000007445,0.0520833333333333,0.313769800000955,0.0,0.0,0.328125,0.0003806089743589,0.0549489136988059,1.0,0.09,1.165,0.1004614838480653,0.93681025914093,0.265,4,0.3,1.0,,,,4,200,ok,,,11268,16252,0.0006986333284143,True,1.9,
digital_music,itemknn,quota_mmr,200,200,10,0.328125,0.3427769000008993,0.1354166666666666,0.4083033999995678,0.0260416666666666,0.2985366000011709,0.0546875,0.3298364000002038,0.6875,0.6867994000003819,0.4635416666666666,0.0038411458333333,0.051377222044173,0.8542925599537223,0.08,0.265,0.1340078097266595,0.8939136492722755,0.265,4,0.3,1.0,,,,4,200,ok,,,11268,16252,0.0006986333284143,True,1.9,0.0063983517597794
digital_music,als,none,200,200,10,28.703125,28.8969290999994,0.0,0.0,0.0260416666666666,0.3077291000008699,0.0520833333333333,0.3154620000004797,0.0,0.0,28.703125,0.000390625,0.0410691904859488,1.0,0.06,1.4614999999999998,0.0786297479588214,0.953429534966276,0.295,4,0.3,1.0,,,,4,200,ok,,,11268,16252,0.0006986333284143,True,1.9,
digital_music,als,quota_mmr,200,200,10,28.625,28.752505500000552,0.13020833333333334,0.4118925999991916,0.026041666666666668,0.3060414000010496,0.0546875,0.33527499999945576,0.546875,0.5504664999989473,28.755208333333332,0.003138020833333333,0.04405926392175486,0.842014889751514,0.07,0.4514999999999999,0.12602058927937523,0.9044666311679092,0.295,4,0.3,1.0,,,,4,200,ok,,,11268,16252,0.0006986333284143571,True,1.9,0.005311509595685251
