user_row,ndcg,ndcg_vs_retrieval,recall,exposure_parity,dataset,family,reranker,repeat
0,0.0,1.0,0.0,1.5,gift_cards,popularity,none,0
1,0.0,1.0,0.0,1.5,gift_cards,popularity,none,0
2,0.0,1.0,0.0,1.5,gift_cards,popularity,none,0
4,0.0,1.0,0.0,1.5,gift_cards,popularity,none,0
6,0.0,1.0,0.0,1.5,gift_cards,popularity,none,0
8,0.0,1.0,0.0,1.5,gift_cards,popularity,none,0
9,0.2890648263178879,1.0,1.0,1.5,gift_cards,popularity,none,0
10,0.0,1.0,0.0,1.5,gift_cards,popularity,none,0
17,0.0,1.0,0.0,1.5,gift_cards,popularity,none,0
19,0.0,1.0,0.0,1.5,gift_cards,popularity,none,0
20,0.0,1.0,0.0,1.5,gift_cards,popularity,none,0
21,0.0,1.0,0.0,1.5,gift_cards,popularity,none,0
23,0.0,1.0,0.0,1.5,gift_cards,popularity,none,0
24,0.0,1.0,0.0,1.5,gift_cards,popularity,none,0
25,0.0,1.0,0.0,1.5,gift_cards,popularity,none,0
28,0.0,1.0,0.0,1.5,gift_cards,popularity,none,0
29,0.0,1.0,0.0,1.5,gift_cards,popularity,none,0
33,0.0,1.0,0.0,1.5,gift_cards,popularity,none,0
34,0.0,1.0,0.0,1.5,gift_cards,popularity,none,0
36,0.0,1.0,0.0,1.5,gift_cards,popularity,none,0
37,0.0,1.0,0.0,1.5,gift_cards,popularity,none,0
41,0.0,1.0,0.0,1.5,gift_cards,popularity,none,0
43,0.0,1.0,0.0,1.5,gift_cards,popularity,none,0
46,0.0,1.0,0.0,1.5,gift_cards,popularity,none,0
49,0.0,1.0,0.0,1.5,gift_cards,popularity,none,0
50,0.3333333333333333,1.0,1.0,1.5,gift_cards,popularity,none,0
52,0.3010299956639812,1.0,1.0,1.5,gift_cards,popularity,none,0
55,0.0,1.0,0.0,1.5,gift_cards,popularity,none,0
57,0.0,1.0,0.0,1.5,gift_cards,popularity,none,0
66,0.0,1.0,0.0,1.5,gift_cards,popularity,none,0
70,0.0,1.0,0.0,1.5,gift_cards,popularity,none,0
75,0.0,1.0,0.0,1.5,gift_cards,popularity,none,0
76,0.0,1.0,0.0,1.5,gift_cards,popularity,none,0
77,0.0,1.0,0.0,1.5,gift_cards,popularity,none,0
78,0.0,1.0,0.0,1.5,gift_cards,popularity,none,0
79,0.0,1.0,0.0,1.5,gift_cards,popularity,none,0
80,0.0,1.0,0.0,1.5,gift_cards,popularity,none,0
86,0.0,1.0,0.0,1.5,gift_cards,popularity,none,0
88,0.0,1.0,0.0,1.5,gift_cards,popularity,none,0
92,0.0,1.0,0.0,1.5,gift_cards,popularity,none,0
97,0.0,1.0,0.0,1.5,gift_cards,popularity,none,0
101,0.0,1.0,0.0,1.5,gift_cards,popularity,none,0
109,0.0,1.0,0.0,1.5,gift_cards,popularity,none,0
110,0.0,1.0,0.0,1.5,gift_cards,popularity,none,0
113,0.0,1.0,0.0,1.5,gift_cards,popularity,none,0
115,0.0,1.0,0.0,1.5,gift_cards,popularity,none,0
116,0.6309297535714575,1.0,1.0,1.5,gift_cards,popularity,none,0
118,0.0,1.0,0.0,1.5,gift_cards,popularity,none,0
119,0.0,1.0,0.0,1.5,gift_cards,popularity,none,0
120,0.0,1.0,0.0,1.5,gift_cards,popularity,none,0
122,0.3333333333333333,1.0,1.0,1.5,gift_cards,popularity,none,0
123,0.0,1.0,0.0,1.5,gift_cards,popularity,none,0
124,0.31546487678572877,1.0,1.0,1.5,gift_cards,popularity,none,0
125,0.0,1.0,0.0,1.5,gift_cards,popularity,none,0
132,0.0,1.0,0.0,1.5,gift_cards,popularity,none,0
133,0.0,1.0,0.0,1.5,gift_cards,popularity,none,0
135,0.0,1.0,0.0,1.5,gift_cards,popularity,none,0
139,0.0,1.0,0.0,1.5,gift_cards,popularity,none,0
141,0.0,1.0,0.0,1.5,gift_cards,popularity,none,0
142,0.0,1.0,0.0,1.5,gift_cards,popularity,none,0
143,0.0,1.0,0.0,1.5,gift_cards,popularity,none,0
148,0.0,1.0,0.0,1.5,gift_cards,popularity,none,0
152,0.0,1.0,0.0,1.5,gift_cards,popularity,none,0
153,0.0,1.0,0.0,1.5,gift_cards,popularity,none,0
156,0.0,1.0,0.0,1.5,gift_cards,popularity,none,0
158,0.0,1.0,0.0,1.5,gift_cards,popularity,none,0
159,0.0,1.0,0.0,1.5,gift_cards,popularity,none,0
160,1.0,1.0,1.0,1.5,gift_cards,popularity,none,0
161,0.0,1.0,0.0,1.5,gift_cards,popularity,none,0
163,0.0,1.0,0.0,1.5,gift_cards,popularity,none,0
164,0.0,1.0,0.0,1.5,gift_cards,popularity,none,0
166,0.0,1.0,0.0,1.5,gift_cards,popularity,none,0
170,0.0,1.0,0.0,1.5,gift_cards,popularity,none,0
171,0.0,1.0,0.0,1.5,gift_cards,popularity,none,0
172,0.0,1.0,0.0,1.5,gift_cards,popularity,none,0
173,0.0,1.0,0.0,1.5,gift_cards,popularity,none,0
174,0.0,1.0,0.0,1.5,gift_cards,popularity,none,0
176,0.0,1.0,0.0,1.5,gift_cards,popularity,none,0
177,0.0,1.0,0.0,1.5,gift_cards,popularity,none,0
178,0.0,1.0,0.0,1.5,gift_cards,popularity,none,0
186,0.0,1.0,0.0,1.5,gift_cards,popularity,none,0
187,0.0,1.0,0.0,1.5,gift_cards,popularity,none,0
188,1.0,1.0,1.0,1.5,gift_cards,popularity,none,0
191,0.0,1.0,0.0,1.5,gift_cards,popularity,none,0
193,0.0,1.0,0.0,1.5,gift_cards,popularity,none,0
196,0.0,1.0,0.0,1.5,gift_cards,popularity,none,0
198,0.0,1.0,0.0,1.5,gift_cards,popularity,none,0
202,0.0,1.0,0.0,1.5,gift_cards,popularity,none,0
203,0.0,1.0,0.0,1.5,gift_cards,popularity,none,0
205,0.0,1.0,0.0,1.5,gift_cards,popularity,none,0
208,0.0,1.0,0.0,1.5,gift_cards,popularity,none,0
210,0.0,1.0,0.0,1.5,gift_cards,popularity,none,0
214,0.0,1.0,0.0,1.5,gift_cards,popularity,none,0
215,0.0,1.0,0.0,1.5,gift_cards,popularity,none,0
216,0.0,1.0,0.0,1.5,gift_cards,popularity,none,0
217,0.0,1.0,0.0,1.5,gift_cards,popularity,none,0
218,0.38685280723454163,1.0,1.0,1.5,gift_cards,popularity,none,0
219,0.0,1.0,0.0,1.5,gift_cards,popularity,none,0
222,0.0,1.0,0.0,1.5,gift_cards,popularity,none,0
223,0.0,1.0,0.0,1.5,gift_cards,popularity,none,0
224,0.0,1.0,0.0,1.5,gift_cards,popularity,none,0
226,0.0,1.0,0.0,1.5,gift_cards,popularity,none,0
233,0.5,1.0,1.0,1.5,gift_cards,popularity,none,0
234,0.0,1.0,0.0,1.5,gift_cards,popularity,none,0
237,0.0,1.0,0.0,1.5,gift_cards,popularity,none,0
238,0.3562071871080222,1.0,1.0,1.5,gift_cards,popularity,none,0
241,0.3562071871080222,1.0,1.0,1.5,gift_cards,popularity,none,0
242,0.0,1.0,0.0,1.5,gift_cards,popularity,none,0
244,0.0,1.0,0.0,1.5,gift_cards,popularity,none,0
245,0.0,1.0,0.0,1.5,gift_cards,popularity,none,0
249,0.0,1.0,0.0,1.5,gift_cards,popularity,none,0
250,0.3562071871080222,1.0,1.0,1.5,gift_cards,popularity,none,0
251,0.0,1.0,0.0,1.5,gift_cards,popularity,none,0
254,0.0,1.0,0.0,1.5,gift_cards,popularity,none,0
258,0.0,1.0,0.0,1.5,gift_cards,popularity,none,0
260,0.0,1.0,0.0,1.5,gift_cards,popularity,none,0
262,0.0,1.0,0.0,1.5,gift_cards,popularity,none,0
263,0.0,1.0,0.0,1.5,gift_cards,popularity,none,0
266,0.5,1.0,1.0,1.5,gift_cards,popularity,none,0
274,0.0,1.0,0.0,1.5,gift_cards,popularity,none,0
280,0.0,1.0,0.0,1.5,gift_cards,popularity,none,0
281,0.0,1.0,0.0,1.5,gift_cards,popularity,none,0
285,0.0,1.0,0.0,1.5,gift_cards,popularity,none,0
287,0.0,1.0,0.0,1.5,gift_cards,popularity,none,0
293,1.0,1.0,1.0,1.5,gift_cards,popularity,none,0
295,0.2890648263178879,1.0,1.0,1.5,gift_cards,popularity,none,0
296,0.0,1.0,0.0,1.5,gift_cards,popularity,none,0
299,0.0,1.0,0.0,1.5,gift_cards,popularity,none,0
304,0.0,1.0,0.0,1.5,gift_cards,popularity,none,0
305,0.0,1.0,0.0,1.5,gift_cards,popularity,none,0
306,0.0,1.0,0.0,1.5,gift_cards,popularity,none,0
309,0.0,1.0,0.0,1.5,gift_cards,popularity,none,0
310,0.0,1.0,0.0,1.5,gift_cards,popularity,none,0
311,0.0,1.0,0.0,1.5,gift_cards,popularity,none,0
312,0.0,1.0,0.0,1.5,gift_cards,popularity,none,0
314,0.3010299956639812,1.0,1.0,1.5,gift_cards,popularity,none,0
316,0.0,1.0,0.0,1.5,gift_cards,popularity,none,0
317,0.0,1.0,0.0,1.5,gift_cards,popularity,none,0
321,0.0,1.0,0.0,1.5,gift_cards,popularity,none,0
332,0.0,1.0,0.0,1.5,gift_cards,popularity,none,0
333,0.5,1.0,1.0,1.5,gift_cards,popularity,none,0
336,0.0,1.0,0.0,1.5,gift_cards,popularity,none,0
342,0.0,1.0,0.0,1.5,gift_cards,popularity,none,0
345,0.0,1.0,0.0,1.5,gift_cards,popularity,none,0
346,0.6309297535714575,1.0,1.0,1.5,gift_cards,popularity,none,0
347,0.0,1.0,0.0,1.5,gift_cards,popularity,none,0
348,0.0,1.0,0.0,1.5,gift_cards,popularity,none,0
349,0.0,1.0,0.0,1.5,gift_cards,popularity,none,0
350,0.0,1.0,0.0,1.5,gift_cards,popularity,none,0
358,0.0,1.0,0.0,1.5,gift_cards,popularity,none,0
359,0.0,1.0,0.0,1.5,gift_cards,popularity,none,0
360,0.0,1.0,0.0,1.5,gift_cards,popularity,none,0
361,0.0,1.0,0.0,1.5,gift_cards,popularity,none,0
364,0.0,1.0,0.0,1.5,gift_cards,popularity,none,0
368,0.31546487678572877,1.0,1.0,1.5,gift_cards,popularity,none,0
369,0.0,1.0,0.0,1.5,gift_cards,popularity,none,0
370,0.0,1.0,0.0,1.5,gift_cards,popularity,none,0
371,0.0,1.0,0.0,1.5,gift_cards,popularity,none,0
372,0.0,1.0,0.0,1.5,gift_cards,popularity,none,0
373,0.0,1.0,0.0,1.5,gift_cards,popularity,none,0
375,0.0,1.0,0.0,1.5,gift_cards,popularity,none,0
377,0.0,1.0,0.0,1.5,gift_cards,popularity,none,0
383,0.0,1.0,0.0,1.5,gift_cards,popularity,none,0
384,0.0,1.0,0.0,1.5,gift_cards,popularity,none,0
385,0.0,1.0,0.0,1.5,gift_cards,popularity,none,0
386,0.0,1.0,0.0,1.5,gift_cards,popularity,none,0
388,0.0,1.0,0.0,1.5,gift_cards,popularity,none,0
390,0.0,1.0,0.0,1.5,gift_cards,popularity,none,0
392,0.0,1.0,0.0,1.5,gift_cards,popularity,none,0
393,0.0,1.0,0.0,1.5,gift_cards,popularity,none,0
396,0.0,1.0,0.0,1.5,gift_cards,popularity,none,0
397,0.5,1.0,1.0,1.5,gift_cards,popularity,none,0
398,0.0,1.0,0.0,1.5,gift_cards,popularity,none,0
400,0.0,1.0,0.0,1.5,gift_cards,popularity,none,0
402,0.0,1.0,0.0,1.5,gift_cards,popularity,none,0
404,0.0,1.0,0.0,1.5,gift_cards,popularity,none,0
405,0.0,1.0,0.0,1.5,gift_cards,popularity,none,0
406,0.0,1.0,0.0,1.5,gift_cards,popularity,none,0
407,0.0,1.0,0.0,1.5,gift_cards,popularity,none,0
409,0.0,1.0,0.0,1.5,gift_cards,popularity,none,0
410,0.0,1.0,0.0,1.5,gift_cards,popularity,none,0
413,0.5,1.0,1.0,1.5,gift_cards,popularity,none,0
414,0.0,1.0,0.0,1.5,gift_cards,popularity,none,0
415,0.0,1.0,0.0,1.5,gift_cards,popularity,none,0
419,0.0,1.0,0.0,1.5,gift_cards,popularity,none,0
424,0.0,1.0,0.0,1.5,gift_cards,popularity,none,0
425,0.0,1.0,0.0,1.5,gift_cards,popularity,none,0
426,0.0,1.0,0.0,1.5,gift_cards,popularity,none,0
428,0.0,1.0,0.0,1.5,gift_cards,popularity,none,0
432,0.0,1.0,0.0,1.5,gift_cards,popularity,none,0
435,0.0,1.0,0.0,1.5,gift_cards,popularity,none,0
437,0.0,1.0,0.0,1.5,gift_cards,popularity,none,0
439,0.0,1.0,0.0,1.5,gift_cards,popularity,none,0
441,0.0,1.0,0.0,1.5,gift_cards,popularity,none,0
446,0.0,1.0,0.0,1.5,gift_cards,popularity,none,0
450,0.0,1.0,0.0,1.5,gift_cards,popularity,none,0
451,0.0,1.0,0.0,1.5,gift_cards,popularity,none,0
452,0.31546487678572877,1.0,1.0,1.5,gift_cards,popularity,none,0
453,0.0,1.0,0.0,1.5,gift_cards,popularity,none,0
455,0.6309297535714575,1.0,1.0,1.5,gift_cards,popularity,none,0
