dataset,family,reranker,repeat,n_users,n_candidates,k,cpu_train,wall_train,cpu_rerank_setup,wall_rerank_setup,cpu_retrieve_score,wall_retrieve_score,cpu_retrieve_select,wall_retrieve_select,cpu_rerank,wall_rerank,cpu_once,cpu_per_request,ndcg,ndcg_vs_retrieval,recall,exposure_parity,catalogue_coverage,gini,candidate_hit_rate,note.seed,note.lam,note.mu,note.n_candidates_requested,note.n_candidates_capped_by,status,error,below_quantum,n_items,n_train_users,density,trustworthy,busy_pct_at_start,intra_list_similarity
gift_cards,popularity,none,0,200,126,10,8.025166923472008e-05,0.3077531999997518,0.0,0.0,0.0100806451612903,0.3183430999997654,0.0030940594059405,0.3069562999999107,0.0,0.0,8.025166923472008e-05,6.587352283615459e-05,0.0582075728513028,1.0,0.12,1.5,0.1224489795918367,0.9208979591836736,0.895,0,0.3,1.0,200.0,user history in a small catalogue,ok,,,147,456,0.037265783506385,True,13.3,
gift_cards,popularity,quota_mmr,0,200,126,10,8.10215193155302e-05,0.3070231000001513,0.0004905808477237,0.3121587999994517,0.0100806451612903,0.3152442000000519,0.0029481132075471,0.3120049999997718,0.359375,0.3541105999993306,0.0005716023670392,0.0018620187918441,0.0525431886506087,0.6338874043509347,0.1,0.2989999999999999,0.4013605442176871,0.8876326530612245,0.895,0,0.3,1.0,200.0,user history in a small catalogue,ok,,,147,456,0.037265783506385,True,13.3,0.0081977785560779
gift_cards,itemknn,none,0,200,126,10,0.0020424836601307,0.2996850000008635,0.0,0.0,0.0104166666666666,0.3198166000001947,0.0026483050847457,0.3051783999999315,0.0,0.0,0.0020424836601307,6.532485875706214e-05,0.1344178704564845,1.0,0.3,1.3625,0.5034013605442177,0.8134353741496598,0.955,0,0.3,1.0,200.0,user history in a small catalogue,ok,,,147,456,0.037265783506385,True,13.3,
gift_cards,itemknn,quota_mmr,0,200,126,10,0.0020292207792207,0.308840799999416,0.0004867601246105,0.3117905999997674,0.0104166666666666,0.314120300000468,0.0025826446280991,0.3111906000003728,0.375,0.3799565999997867,0.0025159809038313,0.0019399965564738,0.1029973765073384,0.7178268183723898,0.21,0.2679999999999999,0.9931972789115646,0.3800204081632653,0.955,0,0.3,1.0,200.0,user history in a small catalogue,ok,,,147,456,0.037265783506385,True,13.3,0.0107285743801339
gift_cards,als,none,0,200,126,10,0.640625,0.6253197999994882,0.0,0.0,0.0104166666666666,0.3210030000000188,0.0024606299212598,0.305959499999517,0.0,0.0,0.640625,6.438648293963254e-05,0.0539461693592054,1.0,0.13,0.489,0.979591836734694,0.2441904761904761,0.895,0,0.3,1.0,200.0,user history in a small catalogue,ok,,,147,456,0.037265783506385,True,13.3,
gift_cards,als,quota_mmr,0,200,126,10,0.71875,0.6199349999997139,0.0004929022082018,0.3082315999999991,0.0107758620689655,0.3124465999999302,0.0024038461538461,0.3141058000001067,0.421875,0.4286172000001897,0.7192429022082019,0.002175273541114,0.0463336727222359,0.977574535492976,0.105,0.2575,0.9727891156462584,0.2671496598639455,0.895,0,0.3,1.0,200.0,user history in a small catalogue,ok,,,147,456,0.037265783506385,True,13.3,0.0027882832663778
software,popularity,none,0,200,200,10,0.0001004177377892,0.3036216000000422,0.0,0.0,0.0107758620689655,0.3129151000002821,0.0061274509803921,0.3147606999991694,0.0,0.0,0.0001004177377892,8.451656524678837e-05,0.0034394140144926,1.0,0.01,1.0,0.0192572214580467,0.9853590096286108,0.285,0,0.3,1.0,,,ok,,,727,1779,0.0077884040691763,True,13.3,
software,popularity,quota_mmr,0,200,200,10,0.0001023248199083,0.2972554999996646,0.0089285714285714,0.3150703000001158,0.0107758620689655,0.3126156999996965,0.0061274509803921,0.3154655000007551,0.46875,0.465977699999712,0.0090308962484797,0.0024282665652467,0.0045999728994467,0.5933797240691545,0.01,0.0,0.0316368638239339,0.9845873452544704,0.285,0,0.3,1.0,,,ok,,,727,1779,0.0077884040691763,True,13.3,0.0035804593589154
software,itemknn,none,0,200,200,10,0.0223214285714285,0.3124465999999302,0.0,0.0,0.0120192307692307,0.3062827999992805,0.0069444444444444,0.3119154999994862,0.0,0.0,0.0223214285714285,9.481837606837608e-05,0.0836235867418201,1.0,0.145,0.9705,0.5543328748280605,0.758,0.525,0,0.3,1.0,,,ok,,,727,1779,0.0077884040691763,True,13.3,
software,itemknn,quota_mmr,0,200,200,10,0.0223214285714285,0.3075904999996055,0.0089285714285714,0.3162141000002521,0.0120192307692307,0.3092913999998927,0.0071022727272727,0.3110735999998724,0.609375,0.6150748000000021,0.03125,0.0031424825174825,0.0856105580098546,0.8891980143359502,0.145,0.2725,0.7950481430536451,0.5677702888583219,0.525,0,0.3,1.0,,,ok,,,727,1779,0.0077884040691763,True,13.3,0.005039018522429
software,als,none,0,200,200,10,2.578125,2.5729603000008865,0.0,0.0,0.011574074074074,0.307184799999959,0.0065104166666666,0.3327936000005138,0.0,0.0,2.578125,9.042245370370373e-05,0.0739749453010754,1.0,0.135,0.6705000000000001,0.7854195323246217,0.5498913342503439,0.515,0,0.3,1.0,,,ok,,,727,1779,0.0077884040691763,True,13.3,
software,als,quota_mmr,0,200,200,10,2.578125,2.579945899999984,0.0091911764705882,0.3057104999998046,0.0135869565217391,0.2635151999993468,0.0066489361702127,0.3163840999995955,0.671875,0.6685292000001937,2.5873161764705883,0.0034605544634597,0.0670555632266372,0.955738231543037,0.11,0.2545,0.874828060522696,0.4658445667125171,0.515,0,0.3,1.0,,,ok,,,727,1779,0.0077884040691763,True,13.3,0.0034840358979878
ml100k,popularity,none,0,200,200,10,0.0001567201604814,0.306760899999972,0.0,0.0,0.0111607142857142,0.3245557999998709,0.0104166666666666,0.3038688999995429,0.0,0.0,0.0001567201604814,0.0001078869047619,0.0527225807997784,1.0,0.11,1.2005,0.0385470719051149,0.98322090437361,0.5,0,0.3,1.0,,,ok,,,1349,943,0.0773079623019132,True,13.3,
ml100k,popularity,quota_mmr,0,200,200,10,0.0001567987957852,0.3038161000004038,0.08984375,0.3729628999999477,0.0120192307692307,0.3024593000000095,0.0100806451612903,0.3147136999996291,0.5,0.4975321000001713,0.0900005487957852,0.0026104993796526,0.0540958789247394,0.890318438440483,0.11,0.2569999999999999,0.0630096367679762,0.9818094885100074,0.5,0,0.3,1.0,,,ok,,,1349,943,0.0773079623019132,True,13.3,0.3366924554619564
ml100k,itemknn,none,0,200,200,10,0.1953125,0.3876546000001326,0.0,0.0,0.0260416666666666,0.3138471000002027,0.009765625,0.3088286000001972,0.0,0.0,0.1953125,0.0001790364583333,0.0471215195017992,1.0,0.1,1.1535000000000002,0.1022979985174203,0.9595700518902892,0.665,0,0.3,1.0,,,ok,,,1349,943,0.0773079623019132,True,13.3,
ml100k,itemknn,quota_mmr,0,200,200,10,0.1875,0.3847509999995964,0.09375,0.3650607999998101,0.0260416666666666,0.3113682000002882,0.0094696969696969,0.3160047000001214,0.53125,0.5340266000002885,0.28125,0.0028338068181818,0.0559431443157919,0.8735837388024233,0.115,0.2455,0.1408450704225352,0.9442512972572276,0.665,0,0.3,1.0,,,ok,,,1349,943,0.0773079623019132,True,13.3,0.3429401468984449
ml100k,als,none,0,200,200,10,5.28125,4.650027399999999,0.0,0.0,0.01953125,0.201431199999206,0.009765625,0.3131907000006322,0.0,0.0,5.28125,0.000146484375,0.0702686881516989,1.0,0.165,0.8225,0.4225352112676056,0.776581171237954,0.66,0,0.3,1.0,,,ok,,,1349,943,0.0773079623019132,True,13.3,
ml100k,als,quota_mmr,0,200,200,10,5.5,4.6469936000003145,0.08984375,0.3577967000001081,0.0240384615384615,0.1632227999998576,0.0100806451612903,0.3112499000008029,0.609375,0.619306300000062,5.58984375,0.0032174705334987,0.0470996768572103,0.9387455491481111,0.095,0.2619999999999999,0.507783543365456,0.7108080059303188,0.66,0,0.3,1.0,,,ok,,,1349,943,0.0773079623019132,True,13.3,0.1183265571702111
ml100k,multvae,none,0,200,200,10,5.140625,2.4364371000001483,0.0,0.0,0.0625,0.0828854000001229,0.0446428571428571,0.0688629000005676,0.0,0.0,5.140625,0.0005357142857142,0.0472747281162359,1.0,0.105,0.9825,0.1297257227575982,0.9467820607857672,0.59,0,0.3,1.0,,,ok,,,1349,943,0.0773079623019132,True,13.3,
ml100k,multvae,quota_mmr,0,200,200,10,3.78125,0.94407289999981,0.375,0.097349600000598,0.08984375,0.0942998000000443,0.0446428571428571,0.0800798000000213,0.921875,0.5839915999995355,4.15625,0.0052818080357142,0.0307934592458004,0.9438265713444974,0.065,0.2455,0.1682727946627131,0.9365774647887324,0.59,0,0.3,1.0,,,ok,,,1349,943,0.0773079623019132,True,13.3,0.3068076623915455
ml100k,gru4rec,none,0,200,200,10,451.484375,114.39147850000064,0.0,0.0,0.15625,0.0798180000001593,0.0520833333333333,0.0683696000005511,0.0,0.0,451.484375,0.0010416666666666,0.1096409102988878,1.0,0.24,0.9025,0.3276501111934766,0.8260778354336545,0.795,0,0.3,1.0,,,ok,,,1349,943,0.0773079623019132,True,13.3,
ml100k,gru4rec,quota_mmr,0,200,200,10,455.015625,114.64677029999984,0.671875,0.1658700000007229,0.25,0.1205943000004481,0.078125,0.0755881000004592,1.078125,0.8440984999997454,455.6875,0.00703125,0.0669416695718763,0.8955256433751927,0.12,0.2565,0.4225352112676056,0.7670719051149,0.795,0,0.3,1.0,,,ok,,,1349,943,0.0773079623019132,True,13.3,0.1483643749969773
luxury_beauty,popularity,none,0,200,200,10,0.0001463700234192,0.3147289000007731,0.0,0.0,0.0130208333333333,0.3281870000000708,0.0104166666666666,0.3177142000004096,0.0,0.0,0.0001463700234192,0.0001171875,0.0103080315582242,1.0,0.015,0.0,0.0124542124542124,0.9916923076923077,0.28,0,0.3,1.0,,,ok,,,1365,3589,0.0048703966229739,True,13.3,
luxury_beauty,popularity,quota_mmr,0,200,200,10,0.000153411880216,0.3126107999996748,0.041015625,0.330843000000641,0.0142045454545454,0.3153816000003644,0.0111607142857142,0.3115521999998236,1.703125,1.7004902999997284,0.041169036880216,0.0086424512987012,0.0145231768402027,0.8283820170315636,0.025,0.0,0.0131868131868131,0.9924673992673992,0.28,0,0.3,1.0,,,ok,,,1365,3589,0.0048703966229739,True,13.3,0.0049369405440516
luxury_beauty,itemknn,none,0,200,200,10,0.08984375,0.3562757999998212,0.0,0.0,0.0193014705882352,0.3719782999996823,0.0183823529411764,0.3489523000007466,0.0,0.0,0.08984375,0.000188419117647,0.1917082558657218,1.0,0.25,0.9983333333333334,0.326007326007326,0.8776534798534799,0.48,0,0.3,1.0,,,ok,,,1365,3589,0.0048703966229739,True,13.3,
luxury_beauty,itemknn,quota_mmr,0,200,200,10,0.125,0.4189955000001646,0.0572916666666666,0.3793987999997625,0.02734375,0.3929586000003837,0.0183823529411764,0.3253759999997783,0.78125,0.815395399999943,0.1822916666666666,0.0041348805147058,0.1799401956323837,0.8504497099365758,0.225,0.262,0.5084249084249084,0.7350468864468864,0.48,0,0.3,1.0,,,ok,,,1365,3589,0.0048703966229739,True,13.3,0.009533830647657
luxury_beauty,als,none,0,200,200,10,7.1875,7.178047600000355,0.0,0.0,0.0347222222222222,0.1411932000000888,0.0135869565217391,0.3098737000000255,0.0,0.0,7.1875,0.0002415458937198,0.1696456585112888,1.0,0.215,0.767,0.5377289377289377,0.6969369963369964,0.495,0,0.3,1.0,,,ok,,,1365,3589,0.0048703966229739,True,13.3,
luxury_beauty,als,quota_mmr,0,200,200,10,6.625,6.578116800000316,0.041015625,0.3377088000006552,0.0240384615384615,0.2155977999991591,0.011574074074074,0.3102718000000095,0.765625,0.7668234000002485,6.666015625,0.0040061876780626,0.1690581076893939,0.9538636384634444,0.22,0.2664999999999999,0.6329670329670329,0.6174227106227106,0.495,0,0.3,1.0,,,ok,,,1365,3589,0.0048703966229739,True,13.3,0.0064569014662409
digital_music,popularity,none,0,200,200,10,0.0003600230414746,0.3021029999999882,0.0,0.0,0.0164473684210526,0.32482919999984,0.0625,0.3006570999996256,0.0,0.0,0.0003600230414746,0.0003947368421052,0.0046597987461771,1.0,0.01,0.0,0.0010649627263045,0.9990983315583954,0.06,0,0.3,1.0,,,ok,,,11268,16252,0.0006986333284143,True,13.3,
digital_music,popularity,quota_mmr,0,200,200,10,0.0003460686600221,0.3103528000001461,0.171875,0.3648313000003327,0.0208333333333333,0.3074059999999008,0.065625,0.3578078999998979,1.390625,1.388052099999186,0.1722210686600221,0.0073854166666666,0.0047319731517859,0.9949349780881735,0.01,0.0,0.0011537096201632,0.9990985977990772,0.06,0,0.3,1.0,,,ok,,,11268,16252,0.0006986333284143,True,13.3,0.0168362345592035
digital_music,itemknn,none,0,200,200,10,0.390625,0.3819973999998183,0.0,0.0,0.0284090909090909,0.3189057999998113,0.0625,0.3043507000002137,0.0,0.0,0.390625,0.0004545454545454,0.0480284815082569,1.0,0.07,1.2031666666666667,0.0941604543840965,0.9422531061412852,0.26,0,0.3,1.0,,,ok,,,11268,16252,0.0006986333284143,True,13.3,
digital_music,itemknn,quota_mmr,0,200,200,10,0.390625,0.3914611999998669,0.15625,0.3120226999999431,0.0284090909090909,0.3205474999995203,0.06875,0.3339860999994926,0.734375,0.7320374000000811,0.546875,0.0041576704545454,0.061806038827081,0.8479930554595169,0.105,0.2696666666666666,0.1277067802626908,0.9032015441959532,0.26,0,0.3,1.0,,,ok,,,11268,16252,0.0006986333284143,True,13.3,0.0107628187824737
digital_music,als,none,0,200,200,10,35.203125,35.16160479999962,0.0,0.0,0.065625,0.1112198000000717,0.0572916666666666,0.3411888999999064,0.0,0.0,35.203125,0.0006145833333333,0.0389915789660182,1.0,0.055,1.3671666666666666,0.0756123535676251,0.9563399006034788,0.285,0,0.3,1.0,,,ok,,,11268,16252,0.0006986333284143,True,13.3,
digital_music,als,quota_mmr,0,200,200,10,30.578125,30.45529160000024,0.1354166666666666,0.4178412999999636,0.05078125,0.1920657999999093,0.0572916666666666,0.3517940000001545,0.53125,0.5276254000000336,30.713541666666668,0.0031966145833333,0.0498800587702238,0.8390707165212965,0.085,0.2798333333333333,0.1238019169329073,0.9069207490237842,0.285,0,0.3,1.0,,,ok,,,11268,16252,0.0006986333284143,True,13.3,0.0049073434534064
gift_cards,popularity,none,1,200,120,10,8.375770570892522e-05,0.3072745999998005,0.0,0.0,0.0104166666666666,0.3170770000006087,0.0022163120567375,0.3094620000001669,0.0,0.0,8.375770570892522e-05,6.316489361702128e-05,0.062567318844249,1.0,0.125,1.5,0.1224489795918367,0.9206462585034012,0.88,1,0.3,1.0,200.0,user history in a small catalogue,ok,,,147,456,0.037265783506385,True,13.3,
gift_cards,popularity,quota_mmr,1,200,120,10,8.18491356731273e-05,0.3082409999997253,0.0004921259842519,0.3131648999997196,0.0100806451612903,0.3214821999999913,0.0022163120567375,0.3045973000007507,0.328125,0.338232600000083,0.000573975119925,0.0017021097860901,0.0445852820964069,0.6348866101460693,0.08,0.2994999999999999,0.3877551020408163,0.8930136054421769,0.88,1,0.3,1.0,200.0,user history in a small catalogue,ok,,,147,456,0.037265783506385,True,13.3,0.0082999015366718
gift_cards,itemknn,none,1,200,120,10,0.0019171779141104,0.3048963999999614,0.0,0.0,0.0104166666666666,0.3174694999997882,0.0023854961832061,0.3067456000007951,0.0,0.0,0.0019171779141104,6.401081424936386e-05,0.1622287261512268,1.0,0.355,1.389,0.4829931972789115,0.8228979591836735,0.95,1,0.3,1.0,200.0,user history in a small catalogue,ok,,,147,456,0.037265783506385,True,13.3,
gift_cards,itemknn,quota_mmr,1,200,120,10,0.0019654088050314,0.3037018000004536,0.0004913522012578,0.3123970999995435,0.0104166666666666,0.323927299999923,0.002297794117647,0.3184080999999423,0.34375,0.3550654000000577,0.0024567610062893,0.0017823223039215,0.1123241503367844,0.7129131282517046,0.205,0.2669999999999999,0.979591836734694,0.3789047619047619,0.95,1,0.3,1.0,200.0,user history in a small catalogue,ok,,,147,456,0.037265783506385,True,13.3,0.0106884993502735
gift_cards,als,none,1,200,120,10,0.71875,0.6351543000000675,0.0,0.0,0.0111607142857142,0.3105587000000014,0.0025,0.3086720000001151,0.0,0.0,0.71875,6.830357142857143e-05,0.0592535889351285,1.0,0.135,0.4955,0.9727891156462584,0.2395646258503401,0.86,1,0.3,1.0,200.0,user history in a small catalogue,ok,,,147,456,0.037265783506385,True,13.3,
gift_cards,als,quota_mmr,1,200,120,10,0.640625,0.6415201999998317,0.000531462585034,0.2981538999993063,0.011574074074074,0.3182150000002366,0.0025201612903225,0.3072910999999294,0.421875,0.4275206000002072,0.641156462585034,0.0021798461768219,0.0545606280994651,0.976493176764339,0.12,0.2609999999999999,0.979591836734694,0.2583401360544217,0.86,1,0.3,1.0,200.0,user history in a small catalogue,ok,,,147,456,0.037265783506385,True,13.3,0.0027553633706264
software,popularity,none,1,200,200,10,0.0001001602564102,0.3072714999998425,0.0,0.0,0.0107758620689655,0.3128749000006792,0.0067934782608695,0.3468591999999262,0.0,0.0,0.0001001602564102,8.78467016491754e-05,0.0065940627823499,1.0,0.02,1.0,0.0206327372764786,0.985292984869326,0.25,1,0.3,1.0,,,ok,,,727,1779,0.0077884040691763,True,13.3,
software,popularity,quota_mmr,1,200,200,10,0.0001077957916522,0.2997004999997443,0.0094696969696969,0.3164867999994385,0.011574074074074,0.3151366000001872,0.0063775510204081,0.3088936000003741,0.515625,0.5132674000005863,0.0095774927613492,0.0026678831254724,0.0117546868856521,0.5938154060180262,0.03,0.0,0.0343878954607978,0.98460522696011,0.25,1,0.3,1.0,,,ok,,,727,1779,0.0077884040691763,True,13.3,0.003568622347368
software,itemknn,none,1,200,200,10,0.03125,0.3266810000004625,0.0,0.0,0.015625,0.3218660999991698,0.0080128205128205,0.3032497000003786,0.0,0.0,0.03125,0.0001181891025641,0.0995884618295548,1.0,0.18,0.908,0.5708390646492435,0.7408486932599725,0.53,1,0.3,1.0,,,ok,,,727,1779,0.0077884040691763,True,13.3,
software,itemknn,quota_mmr,1,200,200,10,0.0240384615384615,0.3136408999998821,0.0104166666666666,0.306931799999802,0.0125,0.3110067999996317,0.0072674418604651,0.3158344000003126,0.828125,0.8900789999997869,0.0344551282051282,0.0042394622093023,0.1020663288884408,0.8970808699626446,0.175,0.2739999999999999,0.7895460797799174,0.563111416781293,0.53,1,0.3,1.0,,,ok,,,727,1779,0.0077884040691763,True,13.3,0.005393594782678
software,als,none,1,200,200,10,3.234375,3.260739999999714,0.0,0.0,0.011574074074074,0.3287927999999738,0.0071022727272727,0.3058662000003096,0.0,0.0,3.234375,9.3381734006734e-05,0.0900282549254811,1.0,0.175,0.6425,0.8019257221458047,0.5299064649243467,0.48,1,0.3,1.0,,,ok,,,727,1779,0.0077884040691763,True,13.3,
software,als,quota_mmr,1,200,200,10,2.828125,2.753106500000285,0.011574074074074,0.302875700000186,0.0148809523809523,0.316964800000278,0.0069444444444444,0.3292498999999225,0.734375,0.7324067999998078,2.839699074074074,0.0037810019841269,0.0794148697626801,0.9586095836133384,0.15,0.2504999999999999,0.874828060522696,0.4606451169188446,0.48,1,0.3,1.0,,,ok,,,727,1779,0.0077884040691763,True,13.3,0.0036535496606998
ml100k,popularity,none,1,200,200,10,0.0001668446342765,0.3090773000003537,0.0,0.0,0.0120192307692307,0.322815300000002,0.0107758620689655,0.3060310999999274,0.0,0.0,0.0001668446342765,0.0001139754641909,0.0425863760254837,1.0,0.1,1.1855000000000002,0.0496664195700518,0.9822001482579688,0.45,1,0.3,1.0,,,ok,,,1349,943,0.0773079623019132,True,13.3,
ml100k,popularity,quota_mmr,1,200,200,10,0.0001810544611819,0.3024850000001606,0.09765625,0.3948356000000785,0.011574074074074,0.3156015000004117,0.0104166666666666,0.3076546000002054,0.53125,0.5524781000003713,0.0978373044611819,0.0027662037037037,0.0344687751150091,0.8896607804713196,0.075,0.254,0.0770941438102298,0.980452928094885,0.45,1,0.3,1.0,,,ok,,,1349,943,0.0773079623019132,True,13.3,0.3350398337427952
ml100k,itemknn,none,1,200,200,10,0.203125,0.3981363000002602,0.0,0.0,0.0284090909090909,0.3101514999998471,0.009765625,0.343522799999846,0.0,0.0,0.203125,0.0001908735795454,0.0371478685516871,1.0,0.065,1.1425,0.0971089696071163,0.9589933283914012,0.57,1,0.3,1.0,,,ok,,,1349,943,0.0773079623019132,True,13.3,
ml100k,itemknn,quota_mmr,1,200,200,10,0.21875,0.430631700000049,0.1015625,0.4289152999999714,0.0284090909090909,0.3193640999998024,0.0107758620689655,0.3013423000002149,0.546875,0.5545705000004091,0.3203125,0.0029302997648902,0.0430233967482852,0.875516395946475,0.075,0.2465,0.1334321719792439,0.9453773165307636,0.57,1,0.3,1.0,,,ok,,,1349,943,0.0773079623019132,True,13.3,0.3471793711951239
ml100k,als,none,1,200,200,10,5.71875,4.746383900000183,0.0,0.0,0.0135869565217391,0.3121295999999347,0.0100806451612903,0.307005300000128,0.0,0.0,5.71875,0.0001183380084151,0.0473213788017443,1.0,0.105,0.8305000000000001,0.4277242401779095,0.7726167531504818,0.63,1,0.3,1.0,,,ok,,,1349,943,0.0773079623019132,True,13.3,
ml100k,als,quota_mmr,1,200,200,10,5.890625,4.801777399999992,0.09375,0.3782728999995015,0.0223214285714285,0.1800069999999323,0.0104166666666666,0.313861700000416,0.625,0.6251692000005278,5.984375,0.0032886904761904,0.054368251432244,0.9389865097534555,0.115,0.26,0.5003706449221645,0.7126923647146034,0.63,1,0.3,1.0,,,ok,,,1349,943,0.0773079623019132,True,13.3,0.1235106814762031
ml100k,multvae,none,1,200,200,10,4.375,1.0909725999999864,0.0,0.0,0.1197916666666666,0.0965106999992713,0.0625,0.0722943999999188,0.0,0.0,4.375,0.0009114583333333,0.0435040162319302,1.0,0.08,0.9745,0.1415863602668643,0.944290585618977,0.57,1,0.3,1.0,,,ok,,,1349,943,0.0773079623019132,True,13.3,
ml100k,multvae,quota_mmr,1,200,200,10,4.765625,1.2850994000000355,0.5,0.1245873999996547,0.09375,0.0842011000004276,0.0520833333333333,0.0837096000004748,0.890625,0.6168516999996427,5.265625,0.0051822916666666,0.0485687747477254,0.9446781759943436,0.09,0.2495,0.1875463306152705,0.9312676056338028,0.57,1,0.3,1.0,,,ok,,,1349,943,0.0773079623019132,True,13.3,0.3076995662140314
ml100k,gru4rec,none,1,200,200,10,498.90625,127.14670400000068,0.0,0.0,0.1875,0.0928690000000642,0.0520833333333333,0.0843683000002784,0.0,0.0,498.90625,0.0011979166666666,0.0699425246685933,1.0,0.165,0.895,0.3269088213491475,0.8302713120830245,0.715,1,0.3,1.0,,,ok,,,1349,943,0.0773079623019132,True,13.3,
ml100k,gru4rec,quota_mmr,1,200,200,10,513.6875,132.30965709999964,0.625,0.156568999999763,0.21875,0.1136334999991959,0.0625,0.0759963999998944,1.078125,0.8085179999998218,514.3125,0.006796875,0.0412180502261526,0.8965248970076183,0.08,0.2609999999999999,0.4284655300222387,0.7677479614529281,0.715,1,0.3,1.0,,,ok,,,1349,943,0.0773079623019132,True,13.3,0.1566648650477154
luxury_beauty,popularity,none,1,200,200,10,0.0001511852926947,0.3095381000002817,0.0,0.0,0.013671875,0.3178551999999399,0.0104166666666666,0.3316601999995328,0.0,0.0,0.0001511852926947,0.0001204427083333,0.0064601483711008,1.0,0.015,0.0,0.0124542124542124,0.991792673992674,0.28,1,0.3,1.0,,,ok,,,1365,3589,0.0048703966229739,True,13.3,
luxury_beauty,popularity,quota_mmr,1,200,200,10,0.0001453488372093,0.312192800000048,0.041015625,0.3376883000000816,0.015625,0.316228300000148,0.0104166666666666,0.3235501999997723,1.078125,1.0832681000001685,0.0411609738372093,0.0055208333333333,0.0113685280723454,0.8250482886383367,0.025,0.0,0.0131868131868131,0.9924131868131868,0.28,1,0.3,1.0,,,ok,,,1365,3589,0.0048703966229739,True,13.3,0.0049882088655887
luxury_beauty,itemknn,none,1,200,200,10,0.08203125,0.3342683999999281,0.0,0.0,0.01640625,0.3231879999993907,0.0125,0.3118526000007477,0.0,0.0,0.08203125,0.00014453125,0.1889511571243283,1.0,0.22,1.0446666666666666,0.3128205128205128,0.8862630036630037,0.48,1,0.3,1.0,,,ok,,,1365,3589,0.0048703966229739,True,13.3,
luxury_beauty,itemknn,quota_mmr,1,200,200,10,0.08984375,0.3591982999996617,0.0390625,0.3144291000007797,0.01640625,0.3269044000007852,0.0130208333333333,0.3161387000000104,0.765625,0.7790936999999758,0.12890625,0.0039752604166666,0.1823635102977886,0.8385294054401288,0.205,0.2678333333333333,0.5018315018315018,0.734530402930403,0.48,1,0.3,1.0,,,ok,,,1365,3589,0.0048703966229739,True,13.3,0.0099423364340554
luxury_beauty,als,none,1,200,200,10,7.453125,7.269925300000068,0.0,0.0,0.0223214285714285,0.2256443999995099,0.0120192307692307,0.3031721000006655,0.0,0.0,7.453125,0.0001717032967032,0.1789110098564451,1.0,0.225,0.7694999999999999,0.5413919413919414,0.6976879120879121,0.425,1,0.3,1.0,,,ok,,,1365,3589,0.0048703966229739,True,13.3,
luxury_beauty,als,quota_mmr,1,200,200,10,7.21875,7.227587800000037,0.041015625,0.3250938999999562,0.0276442307692307,0.1965087999997194,0.0111607142857142,0.3245676000005915,0.828125,0.8216997999998057,7.259765625,0.0043346497252747,0.167544110254883,0.9550232897862124,0.2,0.2704999999999999,0.6402930402930402,0.6139457875457875,0.425,1,0.3,1.0,,,ok,,,1365,3589,0.0048703966229739,True,13.3,0.0068123995719339
digital_music,popularity,none,1,200,200,10,0.0003886815920398,0.3046407000001636,0.0,0.0,0.0183823529411764,0.3252928000001702,0.065625,0.3163552999994863,0.0,0.0,0.0003886815920398,0.0004200367647058,0.0030102999566398,1.0,0.01,0.0,0.0010649627263045,0.9991039226127084,0.05,1,0.3,1.0,,,ok,,,11268,16252,0.0006986333284143,True,13.3,
digital_music,popularity,quota_mmr,1,200,200,10,0.0003950695322376,0.3032087000001411,0.15625,0.3256146999992779,0.0183823529411764,0.3125553999998374,0.065625,0.3287533999991865,1.34375,1.358293700000104,0.1566450695322376,0.0071387867647058,0.0031546487678572,0.995044520939976,0.01,0.0,0.0011537096201632,0.9991049875754348,0.05,1,0.3,1.0,,,ok,,,11268,16252,0.0006986333284143,True,13.3,0.0169921032092582
digital_music,itemknn,none,1,200,200,10,0.40625,0.4108367999997426,0.0,0.0,0.0298295454545454,0.3327421000003596,0.065625,0.3234982999993008,0.0,0.0,0.40625,0.0004772727272727,0.0464601483711008,1.0,0.07,1.1965,0.0913205537806176,0.945675896343628,0.275,1,0.3,1.0,,,ok,,,11268,16252,0.0006986333284143,True,13.3,
digital_music,itemknn,quota_mmr,1,200,200,10,0.46875,0.517525299999761,0.1953125,0.411230699999578,0.0364583333333333,0.3441303999998126,0.09375,0.3639324999994642,0.859375,0.8805663000002824,0.6640625,0.0049479166666666,0.0506713871662785,0.8399233107271116,0.08,0.2615,0.1299254526091587,0.900042066027689,0.275,1,0.3,1.0,,,ok,,,11268,16252,0.0006986333284143,True,13.3,0.0091985136805556
digital_music,als,none,1,200,200,10,37.078125,36.8904466999993,0.0,0.0,0.08125,0.1416063999995458,0.065625,0.3252485999992132,0.0,0.0,37.078125,0.000734375,0.0505047538847358,1.0,0.075,1.357,0.0763223287184948,0.9548131877884274,0.31,1,0.3,1.0,,,ok,,,11268,16252,0.0006986333284143,True,13.3,
digital_music,als,quota_mmr,1,200,200,10,39.15625,39.22463189999962,0.2109375,0.4134358999999676,0.11328125,0.1343737999995937,0.06875,0.3500390999997762,0.65625,0.6509302999993452,39.3671875,0.00419140625,0.0410412706875005,0.8456641010904817,0.055,0.2835,0.123269435569755,0.9079759495917644,0.31,1,0.3,1.0,,,ok,,,11268,16252,0.0006986333284143,True,13.3,0.0051128656360978
gift_cards,popularity,none,2,200,120,10,0.0001230799527372,0.3050872000003437,0.0,0.0,0.0120192307692307,0.3202135000001362,0.002561475409836,0.3048718999998527,0.0,0.0,0.0001230799527372,7.290353089533418e-05,0.0767168176337863,1.0,0.145,1.5,0.1224489795918367,0.9207414965986396,0.89,2,0.3,1.0,200.0,user history in a small catalogue,ok,,,147,456,0.037265783506385,True,13.3,
gift_cards,popularity,quota_mmr,2,200,120,10,9.541984732824427e-05,0.3026571000000331,0.0005580357142857,0.3130354000004445,0.0125,0.331728899999689,0.0027901785714285,0.3084238999999797,0.359375,0.3716445999998541,0.0006534555616139,0.0018733258928571,0.0586163516459067,0.6343716093712137,0.09,0.2999999999999999,0.3945578231292517,0.8905646258503401,0.89,2,0.3,1.0,200.0,user history in a small catalogue,ok,,,147,456,0.037265783506385,True,13.3,0.0081606508737808
gift_cards,itemknn,none,2,200,120,10,0.002422480620155,0.3091542000001936,0.0,0.0,0.0120192307692307,0.3140518999998676,0.0026939655172413,0.3118610999999873,0.0,0.0,0.002422480620155,7.356598143236075e-05,0.1828718450631722,1.0,0.38,1.3595,0.4693877551020408,0.8079455782312925,0.955,2,0.3,1.0,200.0,user history in a small catalogue,ok,,,147,456,0.037265783506385,True,13.3,
gift_cards,itemknn,quota_mmr,2,200,120,10,0.0022007042253521,0.3051758999999947,0.0005521201413427,0.3119204000004174,0.0111607142857142,0.3358984000005875,0.0026939655172413,0.3053071999993335,0.453125,0.4650775999998586,0.0027528243666948,0.0023348983990147,0.1094827004641504,0.7213779787348169,0.185,0.2649999999999999,0.9863945578231292,0.3870816326530612,0.955,2,0.3,1.0,200.0,user history in a small catalogue,ok,,,147,456,0.037265783506385,True,13.3,0.0107994910955232
gift_cards,als,none,2,200,120,10,0.75,0.7567779000000883,0.0,0.0,0.0135869565217391,0.3041024000003745,0.0028669724770642,0.3134620999999242,0.0,0.0,0.75,8.226964499401675e-05,0.0675971540343156,1.0,0.17,0.4785,0.9931972789115646,0.2315238095238095,0.865,2,0.3,1.0,200.0,user history in a small catalogue,ok,,,147,456,0.037265783506385,True,13.3,
gift_cards,als,quota_mmr,2,200,120,10,0.90625,0.8374039000000266,0.0006091617933723,0.3101432000003115,0.0135869565217391,0.3254188000000795,0.003063725490196,0.2999325000000681,0.515625,0.5209982999995191,0.9068591617933724,0.0026613784100596,0.0559763035912838,0.9764236600700656,0.13,0.2615,0.9863945578231292,0.2495374149659864,0.865,2,0.3,1.0,200.0,user history in a small catalogue,ok,,,147,456,0.037265783506385,True,13.3,0.0027508230621517
software,popularity,none,2,200,200,10,0.0001297218762972,0.3066311000002315,0.0,0.0,0.0135869565217391,0.3169526000001497,0.0078125,0.309403199999906,0.0,0.0,0.0001297218762972,0.0001069972826086,0.0019342640361727,1.0,0.005,1.0,0.0192572214580467,0.9853521320495184,0.31,2,0.3,1.0,,,ok,,,727,1779,0.0077884040691763,True,13.3,
software,popularity,quota_mmr,2,200,200,10,0.000121975019516,0.2979953000003661,0.0100806451612903,0.3188067999999475,0.0130208333333333,0.3064352999999755,0.0066489361702127,0.3147838000004412,0.546875,0.5574188999999024,0.0102026201808063,0.0028327238475177,0.0031546487678572,0.5871932384643931,0.005,0.0,0.0316368638239339,0.9841953232462172,0.31,2,0.3,1.0,,,ok,,,727,1779,0.0077884040691763,True,13.3,0.0035116067989339
software,itemknn,none,2,200,200,10,0.0260416666666666,0.301123500000358,0.0,0.0,0.014266304347826,0.3308860999995886,0.0082236842105263,0.3095318999994561,0.0,0.0,0.0260416666666666,0.0001124499427917,0.0683983919550765,1.0,0.145,0.9945000000000002,0.5543328748280605,0.7579738651994498,0.535,2,0.3,1.0,,,ok,,,727,1779,0.0077884040691763,True,13.3,
software,itemknn,quota_mmr,2,200,200,10,0.0260416666666666,0.3230861000001823,0.0111607142857142,0.3160555000004024,0.0142045454545454,0.3052527999998347,0.0080128205128205,0.3165023000001383,0.78125,0.7759901999997965,0.0372023809523809,0.0040173368298368,0.0535731939675985,0.8873213375186302,0.105,0.2695,0.7895460797799174,0.5598665749656121,0.535,2,0.3,1.0,,,ok,,,727,1779,0.0077884040691763,True,13.3,0.0055038000554676
software,als,none,2,200,200,10,3.265625,3.1884197999997923,0.0,0.0,0.0183823529411764,0.2407901000005949,0.0078125,0.3127010999996855,0.0,0.0,3.265625,0.0001309742647058,0.0867666693330428,1.0,0.165,0.6459999999999999,0.8088033012379643,0.5223163686382394,0.45,2,0.3,1.0,,,ok,,,727,1779,0.0077884040691763,True,13.3,
software,als,quota_mmr,2,200,200,10,3.21875,3.0819674999993367,0.0104166666666666,0.3188682999998491,0.0208333333333333,0.2399925999998231,0.0082236842105263,0.3008740999994188,0.828125,0.829689999999573,3.2291666666666665,0.0042859100877192,0.0762089810107514,0.9577803303847304,0.13,0.2525,0.8720770288858322,0.4499697386519945,0.45,2,0.3,1.0,,,ok,,,727,1779,0.0077884040691763,True,13.3,0.0036615324317887
ml100k,popularity,none,2,200,200,10,0.0001977848101265,0.302468000000772,0.0,0.0,0.0135869565217391,0.3124016000001575,0.0107758620689655,0.3181706000004851,0.0,0.0,0.0001977848101265,0.0001218140929535,0.065523955616762,1.0,0.105,1.1845,0.0555967383246849,0.9817709414381024,0.515,2,0.3,1.0,,,ok,,,1349,943,0.0773079623019132,True,13.3,
ml100k,popularity,quota_mmr,2,200,200,10,0.000193858560794,0.3113693000004787,0.09765625,0.40535219999947,0.0135869565217391,0.3067500000006475,0.011574074074074,0.3132000000005064,0.625,0.6151105999997526,0.097850108560794,0.003250805152979,0.0714985578370081,0.8890422102772081,0.12,0.2575,0.0763528539659006,0.979939214232765,0.515,2,0.3,1.0,,,ok,,,1349,943,0.0773079623019132,True,13.3,0.3314277116596587
ml100k,itemknn,none,2,200,200,10,0.21875,0.4444956999996066,0.0,0.0,0.0364583333333333,0.3237404000001334,0.0125,0.3167400999991514,0.0,0.0,0.21875,0.0002447916666666,0.044833651844888,1.0,0.1,1.1585,0.0941438102297998,0.9594002965159376,0.675,2,0.3,1.0,,,ok,,,1349,943,0.0773079623019132,True,13.3,
ml100k,itemknn,quota_mmr,2,200,200,10,0.234375,0.4805399999995643,0.1197916666666666,0.3569982999997592,0.0328125,0.3299917000003916,0.0125,0.3098846000002595,0.65625,0.6554738000004363,0.3541666666666667,0.0035078125,0.0518486520547339,0.8670877791790933,0.11,0.2475,0.1475166790214974,0.9421986656782804,0.675,2,0.3,1.0,,,ok,,,1349,943,0.0773079623019132,True,13.3,0.3420048510533016
ml100k,als,none,2,200,200,10,6.734375,5.664384299999256,0.0,0.0,0.015625,0.3031455000000278,0.011574074074074,0.3131064999997761,0.0,0.0,6.734375,0.0001359953703703,0.0525673064972207,1.0,0.115,0.8280000000000001,0.4114158636026686,0.7842920681986657,0.72,2,0.3,1.0,,,ok,,,1349,943,0.0773079623019132,True,13.3,
ml100k,als,quota_mmr,2,200,200,10,6.71875,5.548270499999489,0.1041666666666666,0.3073083999997834,0.0148809523809523,0.3117475999997623,0.011574074074074,0.3125585999996474,0.703125,0.715374399999746,6.822916666666667,0.0036479001322751,0.0460658021723795,0.937777883922542,0.095,0.249,0.502594514455152,0.7128843587842847,0.72,2,0.3,1.0,,,ok,,,1349,943,0.0773079623019132,True,13.3,0.1200875593600183
ml100k,multvae,none,2,200,200,10,5.484375,1.372815400000036,0.0,0.0,0.09375,0.0913188000004083,0.0625,0.0910406000002694,0.0,0.0,5.484375,0.00078125,0.0435909448077991,1.0,0.09,1.0055,0.1319495922905856,0.9472690882134914,0.64,2,0.3,1.0,,,ok,,,1349,943,0.0773079623019132,True,13.3,
ml100k,multvae,quota_mmr,2,200,200,10,5.171875,1.2977319999999963,0.5625,0.1392243000000235,0.1041666666666666,0.0754984999994121,0.078125,0.0743213000005198,1.046875,0.7232878000004348,5.734375,0.0061458333333333,0.0410561823888268,0.9428227726751598,0.085,0.248,0.1771682727946627,0.93622090437361,0.64,2,0.3,1.0,,,ok,,,1349,943,0.0773079623019132,True,13.3,0.3052267837073809
ml100k,gru4rec,none,2,200,200,10,534.296875,137.1650599000004,0.0,0.0,0.15625,0.0782457000004797,0.0446428571428571,0.0850738999997702,0.0,0.0,534.296875,0.0010044642857142,0.0995147995288019,1.0,0.2,0.8900000000000001,0.3165307635285396,0.8338042994810971,0.74,2,0.3,1.0,,,ok,,,1349,943,0.0773079623019132,True,13.3,
ml100k,gru4rec,quota_mmr,2,200,200,10,645.140625,168.63666850000027,0.6875,0.1844716999994489,0.2109375,0.1115995000000111,0.0625,0.087820599999759,1.296875,1.001493599999776,645.828125,0.0078515625,0.0743448652639202,0.8930814685408867,0.13,0.257,0.4114158636026686,0.7740896960711638,0.74,2,0.3,1.0,,,ok,,,1349,943,0.0773079623019132,True,13.3,0.1565129189793802
luxury_beauty,popularity,none,2,200,200,10,0.000164560294892,0.3003127000001768,0.0,0.0,0.0135869565217391,0.3143733999995675,0.0107758620689655,0.3134791000002224,0.0,0.0,0.000164560294892,0.0001218140929535,0.0043067655807339,1.0,0.01,0.0,0.0124542124542124,0.99145347985348,0.27,2,0.3,1.0,,,ok,,,1365,3589,0.0048703966229739,True,13.3,
luxury_beauty,popularity,quota_mmr,2,200,200,10,0.0001717032967032,0.3184967000006509,0.0390625,0.3260252000000037,0.0125,0.3093396000003849,0.009765625,0.3261765999995987,0.953125,0.9645282999999836,0.0392342032967032,0.004876953125,0.005,0.829407914902793,0.01,0.0,0.0117216117216117,0.992469597069597,0.27,2,0.3,1.0,,,ok,,,1365,3589,0.0048703966229739,True,13.3,0.0049668238915017
luxury_beauty,itemknn,none,2,200,200,10,0.078125,0.3216086999991603,0.0,0.0,0.0148809523809523,0.3033929000002899,0.0130208333333333,0.3067549999996117,0.0,0.0,0.078125,0.0001395089285714,0.2135212839179027,1.0,0.265,0.9835,0.2886446886446886,0.896585347985348,0.45,2,0.3,1.0,,,ok,,,1365,3589,0.0048703966229739,True,13.3,
luxury_beauty,itemknn,quota_mmr,2,200,200,10,0.08203125,0.3252930999997261,0.0364583333333333,0.3512557000003653,0.0148809523809523,0.3018004000005021,0.011574074074074,0.3189601999993101,0.6875,0.707905700000083,0.1184895833333333,0.0035697751322751,0.2021027231538865,0.8559751149704071,0.24,0.2669999999999999,0.4864468864468864,0.7621333333333333,0.45,2,0.3,1.0,,,ok,,,1365,3589,0.0048703966229739,True,13.3,0.009596414297369
luxury_beauty,als,none,2,200,200,10,6.6875,6.642035800000485,0.0,0.0,0.0183823529411764,0.239647800000057,0.0107758620689655,0.322292799999559,0.0,0.0,6.6875,0.0001457910750507,0.2216308312696977,1.0,0.265,0.746,0.517948717948718,0.7251289377289377,0.455,2,0.3,1.0,,,ok,,,1365,3589,0.0048703966229739,True,13.3,
luxury_beauty,als,quota_mmr,2,200,200,10,7.046875,6.95619109999916,0.0364583333333333,0.3342567999998209,0.0208333333333333,0.2140572999996948,0.011574074074074,0.3061879000006229,0.734375,0.738879999999881,7.083333333333333,0.003833912037037,0.2125852471026596,0.9585426792302326,0.245,0.2685,0.5897435897435898,0.662458608058608,0.455,2,0.3,1.0,,,ok,,,1365,3589,0.0048703966229739,True,13.3,0.0067699609163485
digital_music,popularity,none,2,200,200,10,0.000365925058548,0.3081336000004739,0.0,0.0,0.0164473684210526,0.3242586000005758,0.06875,0.333989499999916,0.0,0.0,0.000365925058548,0.0004259868421052,0.0015051499783199,1.0,0.005,0.0,0.0010649627263045,0.9991024139155128,0.065,2,0.3,1.0,,,ok,,,11268,16252,0.0006986333284143,True,13.3,
digital_music,popularity,quota_mmr,2,200,200,10,0.000365925058548,0.298446600000716,0.15625,0.3186691000000792,0.0164473684210526,0.334267500000351,0.0625,0.311885699999948,1.296875,1.2918263999999908,0.156615925058548,0.0068791118421052,0.0015773243839286,0.9950843174689936,0.005,0.0,0.0011537096201632,0.9991016151934682,0.065,2,0.3,1.0,,,ok,,,11268,16252,0.0006986333284143,True,13.3,0.0169852667143366
digital_music,itemknn,none,2,200,200,10,0.375,0.3708770000002914,0.0,0.0,0.0284090909090909,0.3213951999996425,0.065625,0.3252299999994648,0.0,0.0,0.375,0.0004701704545454,0.0404072668048652,1.0,0.065,1.137,0.0983315583954561,0.9404732871849484,0.24,2,0.3,1.0,,,ok,,,11268,16252,0.0006986333284143,True,13.3,
digital_music,itemknn,quota_mmr,2,200,200,10,0.390625,0.38792629999989,0.15625,0.314458700000614,0.02734375,0.3293364999999539,0.065625,0.3280290000002424,0.71875,0.7177935999998226,0.546875,0.00405859375,0.0401284544077037,0.846479620358327,0.065,0.265,0.1322328718494852,0.8980181043663472,0.24,2,0.3,1.0,,,ok,,,11268,16252,0.0006986333284143,True,13.3,0.0116063865998921
digital_music,als,none,2,200,200,10,38.3125,38.44478320000053,0.0,0.0,0.065625,0.1575775999999678,0.08203125,0.3219355000001087,0.0,0.0,38.3125,0.0007382812499999,0.0274938008957735,1.0,0.065,1.3503333333333336,0.0779197728079517,0.9541578807241746,0.26,2,0.3,1.0,,,ok,,,11268,16252,0.0006986333284143,True,13.3,
digital_music,als,quota_mmr,2,200,200,10,41.296875,41.31074609999996,0.1640625,0.3331853999998202,0.0859375,0.1229553000002852,0.06875,0.3481504999999742,0.671875,0.6668966999995973,41.4609375,0.0041328125,0.0296887081245189,0.8448658263937685,0.065,0.2811666666666666,0.1241569045083422,0.9067166311679092,0.26,2,0.3,1.0,,,ok,,,11268,16252,0.0006986333284143,True,13.3,0.0051493802258694
gift_cards,popularity,none,3,200,120,10,9.701955914312326e-05,0.3061265999995157,0.0,0.0,0.0120192307692307,0.3164124000004449,0.0026939655172413,0.3084764999994149,0.0,0.0,9.701955914312326e-05,7.356598143236075e-05,0.072913936053882,1.0,0.145,1.5,0.1360544217687075,0.9193605442176872,0.88,3,0.3,1.0,200.0,user history in a small catalogue,ok,,,147,456,0.037265783506385,True,13.3,
gift_cards,popularity,quota_mmr,3,200,120,10,0.0001009041007426,0.3015448000005563,0.0006044487427466,0.3117615000001024,0.0135869565217391,0.3225155000000086,0.0029205607476635,0.3029168000002755,0.375,0.3796154000001479,0.0007053528434892,0.001957537586347,0.0496033425585807,0.6339171096040349,0.08,0.2994999999999999,0.4217687074829932,0.8882380952380953,0.88,3,0.3,1.0,200.0,user history in a small catalogue,ok,,,147,456,0.037265783506385,True,13.3,0.0081638047706824
gift_cards,itemknn,none,3,200,120,10,0.0026483050847457,0.3045531999996456,0.0,0.0,0.0130208333333333,0.3174747999992178,0.0030339805825242,0.3056866000006266,0.0,0.0,0.0026483050847457,8.027406957928803e-05,0.17145663191748,1.0,0.335,1.372,0.4625850340136054,0.8137891156462586,0.965,3,0.3,1.0,200.0,user history in a small catalogue,ok,,,147,456,0.037265783506385,True,13.3,
gift_cards,itemknn,quota_mmr,3,200,120,10,0.0030339805825242,0.3151441999998496,0.0006067961165048,0.3096568000000843,0.0120192307692307,0.3178939999997965,0.003063725490196,0.3093237999992198,0.453125,0.4536666000003606,0.0036407766990291,0.0023410397812971,0.1244312782927225,0.7180462399326611,0.215,0.2659999999999999,0.979591836734694,0.404047619047619,0.965,3,0.3,1.0,200.0,user history in a small catalogue,ok,,,147,456,0.037265783506385,True,13.3,0.0108615959229358
gift_cards,als,none,3,200,120,10,0.734375,0.7527984999996988,0.0,0.0,0.0135869565217391,0.289856399999735,0.0027901785714285,0.3058450999997149,0.0,0.0,0.734375,8.18856754658385e-05,0.0552231678095526,1.0,0.14,0.4935,0.9863945578231292,0.2505238095238095,0.85,3,0.3,1.0,200.0,user history in a small catalogue,ok,,,147,456,0.037265783506385,True,13.3,
gift_cards,als,quota_mmr,3,200,120,10,0.75,0.7552854999994452,0.0005852059925093,0.3068547999992006,0.0130208333333333,0.3047376999993503,0.0030048076923076,0.3064494000000195,0.453125,0.4530439000000115,0.7505852059925093,0.0023457532051282,0.0511583241882654,0.9772759594453418,0.13,0.2609999999999999,0.979591836734694,0.2672244897959183,0.85,3,0.3,1.0,200.0,user history in a small catalogue,ok,,,147,456,0.037265783506385,True,13.3,0.0025670201483529
software,popularity,none,3,200,200,10,0.0001343508168529,0.3034292000002097,0.0,0.0,0.0135869565217391,0.3134393000000273,0.0067934782608695,0.3172838000000411,0.0,0.0,0.0001343508168529,0.000101902173913,0.0015051499783199,1.0,0.005,1.0,0.0192572214580467,0.9850962861072904,0.3,3,0.3,1.0,,,ok,,,727,1779,0.0077884040691763,True,13.3,
software,popularity,quota_mmr,3,200,200,10,0.0001158694846125,0.2976357999996253,0.0094696969696969,0.3206313000000591,0.0125,0.3105782000002364,0.0071022727272727,0.3131489000006695,0.609375,0.6159204000005047,0.0095855664543095,0.0031448863636363,0.0014453241315894,0.5962763512113853,0.005,0.0,0.0330123796423658,0.9837496561210454,0.3,3,0.3,1.0,,,ok,,,727,1779,0.0077884040691763,True,13.3,0.0035558704522336
software,itemknn,none,3,200,200,10,0.021875,0.3377674000003026,0.0,0.0,0.0120192307692307,0.3188548999996783,0.0071022727272727,0.3065458999999464,0.0,0.0,0.021875,9.560751748251748e-05,0.0565624436549027,1.0,0.115,0.9270000000000002,0.5268225584594223,0.7688541953232462,0.58,3,0.3,1.0,,,ok,,,727,1779,0.0077884040691763,True,13.3,
software,itemknn,quota_mmr,3,200,200,10,0.0223214285714285,0.3136193000000276,0.009765625,0.3027554000000236,0.0120192307692307,0.3357206999999107,0.0072674418604651,0.3033644999995886,0.65625,0.6696160000001328,0.0320870535714285,0.0033776833631484,0.059531135758052,0.8929621926892131,0.115,0.2684999999999999,0.7510316368638239,0.6003411279229711,0.58,3,0.3,1.0,,,ok,,,727,1779,0.0077884040691763,True,13.3,0.005634666834675
software,als,none,3,200,200,10,2.828125,2.818622800000412,0.0,0.0,0.0135869565217391,0.3002589000006992,0.0071022727272727,0.3305114999993748,0.0,0.0,2.828125,0.000103446146245,0.0875375677403071,1.0,0.175,0.65,0.7867950481430537,0.5607386519944979,0.52,3,0.3,1.0,,,ok,,,727,1779,0.0077884040691763,True,13.3,
software,als,quota_mmr,3,200,200,10,2.71875,2.695235800000773,0.0094696969696969,0.3045679999995627,0.015625,0.2338611000004675,0.0071022727272727,0.3106004999999641,0.6875,0.6862611999995352,2.728219696969697,0.0035511363636363,0.0778772184259785,0.9586895661071292,0.155,0.2535,0.8500687757909215,0.4884883081155433,0.52,3,0.3,1.0,,,ok,,,727,1779,0.0077884040691763,True,13.3,0.0038199231246342
ml100k,popularity,none,3,200,200,10,0.0001955569461827,0.3258617999999842,0.0,0.0,0.0125,0.3157010000004447,0.0104166666666666,0.3131819000000178,0.0,0.0,0.0001955569461827,0.0001145833333333,0.0513356316230939,1.0,0.1,1.1820000000000002,0.0541141586360266,0.9821186063750926,0.48,3,0.3,1.0,,,ok,,,1349,943,0.0773079623019132,True,13.3,
ml100k,popularity,quota_mmr,3,200,200,10,0.0001635269492412,0.3105662999996639,0.09765625,0.3941729999996823,0.0125,0.3179116999999678,0.0107758620689655,0.3052483999999822,0.515625,0.5570685000002413,0.0978197769492412,0.0026945043103448,0.0539345033737276,0.8886290929783692,0.105,0.258,0.078576723498888,0.9805774647887324,0.48,3,0.3,1.0,,,ok,,,1349,943,0.0773079623019132,True,13.3,0.3326033437774374
ml100k,itemknn,none,3,200,200,10,0.1953125,0.3873868000000584,0.0,0.0,0.02734375,0.3301519999995435,0.009765625,0.3059788999999,0.0,0.0,0.1953125,0.000185546875,0.0501993067495599,1.0,0.105,1.135,0.1015567086730911,0.9565040770941438,0.635,3,0.3,1.0,,,ok,,,1349,943,0.0773079623019132,True,13.3,
ml100k,itemknn,quota_mmr,3,200,200,10,0.1953125,0.3881236999995963,0.09375,0.3665350999999646,0.0260416666666666,0.3279775999999401,0.009765625,0.302443200000198,0.53125,0.5378699000002598,0.2890625,0.0028352864583333,0.0467593097719959,0.8650723270311272,0.095,0.2475,0.1467753891771683,0.9411764269829505,0.635,3,0.3,1.0,,,ok,,,1349,943,0.0773079623019132,True,13.3,0.3378826625880648
ml100k,als,none,3,200,200,10,6.078125,4.82253110000056,0.0,0.0,0.0284090909090909,0.1622041000000535,0.0107758620689655,0.302961200000027,0.0,0.0,6.078125,0.0001959247648902,0.0690852104185324,1.0,0.155,0.8030000000000002,0.4180874722016308,0.7796085989621943,0.63,3,0.3,1.0,,,ok,,,1349,943,0.0773079623019132,True,13.3,
ml100k,als,quota_mmr,3,200,200,10,6.6875,5.512988699999369,0.0859375,0.3601020000005519,0.01953125,0.2083336999994571,0.0100806451612903,0.3082149000001664,0.640625,0.6357498999996096,6.7734375,0.0033511844758064,0.05058386102593,0.9354670555667164,0.1,0.256,0.4988880652335063,0.7163706449221645,0.63,3,0.3,1.0,,,ok,,,1349,943,0.0773079623019132,True,13.3,0.1186691668967681
ml100k,multvae,none,3,200,200,10,4.03125,1.0266529000000446,0.0,0.0,0.078125,0.0903545999999551,0.0520833333333333,0.0679614000000583,0.0,0.0,4.03125,0.0006510416666666,0.0448168770048439,1.0,0.1,0.973,0.1319495922905856,0.9467383246849518,0.59,3,0.3,1.0,,,ok,,,1349,943,0.0773079623019132,True,13.3,
ml100k,multvae,quota_mmr,3,200,200,10,4.53125,1.141409300000305,0.4375,0.1162081000002217,0.1041666666666666,0.0765811999999641,0.0520833333333333,0.0702751999997417,0.90625,0.6079578999997466,4.96875,0.0053125,0.037421696559416,0.942407657615742,0.07,0.247,0.1823573017049666,0.9352609340252038,0.59,3,0.3,1.0,,,ok,,,1349,943,0.0773079623019132,True,13.3,0.3072025770086701
ml100k,gru4rec,none,3,200,200,10,449.90625,113.3070157000002,0.0,0.0,0.1875,0.0891926999993302,0.0520833333333333,0.0786479999997027,0.0,0.0,449.90625,0.0011979166666666,0.1013516349675369,1.0,0.185,0.9185,0.3202372127501853,0.8432572275759822,0.8,3,0.3,1.0,,,ok,,,1349,943,0.0773079623019132,True,13.3,
ml100k,gru4rec,quota_mmr,3,200,200,10,436.0625,109.66869909999969,0.5,0.1206372000006013,0.1458333333333333,0.1131494999999631,0.0446428571428571,0.0801611999995657,0.96875,0.6413528000002771,436.5625,0.0057961309523809,0.0859194821531234,0.8967878297690991,0.14,0.2625,0.4143810229799852,0.7815448480355819,0.8,3,0.3,1.0,,,ok,,,1349,943,0.0773079623019132,True,13.3,0.1490010949623088
luxury_beauty,popularity,none,3,200,200,10,0.0001310822147651,0.3012275000000954,0.0,0.0,0.0107758620689655,0.3226424999993469,0.0091911764705882,0.3023689000001468,0.0,0.0,0.0001310822147651,9.983519269776876e-05,0.005,1.0,0.005,0.0,0.0131868131868131,0.9918271062271062,0.3,3,0.3,1.0,,,ok,,,1365,3589,0.0048703966229739,True,13.3,
luxury_beauty,popularity,quota_mmr,3,200,200,10,0.0001304801670146,0.2984348999998474,0.03125,0.3235440999997081,0.0111607142857142,0.309206500000073,0.0089285714285714,0.3052284000004874,0.84375,0.8464529000002585,0.0313804801670146,0.0043191964285714,0.0088685280723454,0.8244322260971867,0.015,0.0,0.0117216117216117,0.992438827838828,0.3,3,0.3,1.0,,,ok,,,1365,3589,0.0048703966229739,True,13.3,0.0049051918944775
luxury_beauty,itemknn,none,3,200,200,10,0.071875,0.353834900000038,0.0,0.0,0.0125,0.3186394000003929,0.0107758620689655,0.3047098000006372,0.0,0.0,0.071875,0.0001163793103448,0.2237167823975346,1.0,0.305,1.0003333333333333,0.3223443223443223,0.8846168498168498,0.53,3,0.3,1.0,,,ok,,,1365,3589,0.0048703966229739,True,13.3,
luxury_beauty,itemknn,quota_mmr,3,200,200,10,0.06875,0.3542928000006213,0.0328125,0.328714399999626,0.0130208333333333,0.3082720000002155,0.0104166666666666,0.3143927999999505,0.609375,0.6092743999997765,0.1015625,0.0031640625,0.2050329494623619,0.8594504355579901,0.255,0.2676666666666666,0.4989010989010989,0.7492945054945055,0.53,3,0.3,1.0,,,ok,,,1365,3589,0.0048703966229739,True,13.3,0.0097306425547513
luxury_beauty,als,none,3,200,200,10,5.390625,5.450129800000468,0.0,0.0,0.01953125,0.1948850000007951,0.0094696969696969,0.3139281000003393,0.0,0.0,5.390625,0.0001450047348484,0.204027657141336,1.0,0.265,0.7515000000000001,0.5494505494505495,0.6917992673992674,0.48,3,0.3,1.0,,,ok,,,1365,3589,0.0048703966229739,True,13.3,
luxury_beauty,als,quota_mmr,3,200,200,10,5.59375,5.451939499999753,0.0328125,0.3250787999995737,0.01953125,0.2005994999999529,0.009765625,0.312796299999718,0.671875,0.6764562999996997,5.6265625,0.003505859375,0.2028394392912556,0.9585774685266396,0.26,0.2664999999999999,0.6344322344322344,0.6244351648351648,0.48,3,0.3,1.0,,,ok,,,1365,3589,0.0048703966229739,True,13.3,0.0069456925916299
digital_music,popularity,none,3,200,200,10,0.0003279118572927,0.3039920999999594,0.0,0.0,0.0148809523809523,0.3189660999996704,0.0520833333333333,0.3149773000004643,0.0,0.0,0.0003279118572927,0.0003348214285714,0.0136585327686868,1.0,0.02,0.0,0.0011537096201632,0.99910418885339,0.045,3,0.3,1.0,,,ok,,,11268,16252,0.0006986333284143,True,13.3,
digital_music,popularity,quota_mmr,3,200,200,10,0.000328947368421,0.2990540000000692,0.1354166666666666,0.4096704000003228,0.0148809523809523,0.3223975999999311,0.0520833333333333,0.3136894999997821,1.125,1.1375748000000383,0.1357456140350877,0.0059598214285714,0.0137307071742956,0.995146333400962,0.02,0.0,0.0011537096201632,0.9991049875754348,0.045,3,0.3,1.0,,,ok,,,11268,16252,0.0006986333284143,True,13.3,0.0169878030042957
digital_music,itemknn,none,3,200,200,10,0.328125,0.3338793000002624,0.0,0.0,0.0260416666666666,0.3079595999997764,0.0520833333333333,0.3188807999995333,0.0,0.0,0.328125,0.000390625,0.0682893656470079,1.0,0.1,1.2085,0.0981540646077387,0.9389243876464324,0.275,3,0.3,1.0,,,ok,,,11268,16252,0.0006986333284143,True,13.3,
digital_music,itemknn,quota_mmr,3,200,200,10,0.328125,0.3347208000004684,0.1458333333333333,0.4364544999998543,0.0260416666666666,0.3068581000006816,0.0520833333333333,0.3192161000006308,0.625,0.6162027000000307,0.4739583333333333,0.003515625,0.0655620702624569,0.8405257720811395,0.09,0.2649999999999999,0.1350727724529641,0.8926135960241391,0.275,3,0.3,1.0,,,ok,,,11268,16252,0.0006986333284143,True,13.3,0.009111316574516
digital_music,als,none,3,200,200,10,30.53125,30.35813779999989,0.0,0.0,0.0598958333333333,0.1359186999998201,0.0520833333333333,0.3219239000000016,0.0,0.0,30.53125,0.0005598958333333,0.0376178221823717,1.0,0.075,1.3736666666666668,0.0771210507632232,0.9546543308484204,0.3,3,0.3,1.0,,,ok,,,11268,16252,0.0006986333284143,True,13.3,
digital_music,als,quota_mmr,3,200,200,10,30.390625,30.210769100000107,0.140625,0.41814340000019,0.0546875,0.1323883999993995,0.0546875,0.3307896000005712,0.5625,0.5531139999993684,30.53125,0.003359375,0.0379593546320329,0.8380577672738164,0.08,0.2798333333333332,0.1215832445864394,0.9102244408945688,0.3,3,0.3,1.0,,,ok,,,11268,16252,0.0006986333284143,True,13.3,0.0049324207235206
gift_cards,popularity,none,4,200,117,10,8.308960382876894e-05,0.307744000000639,0.0,0.0,0.0104166666666666,0.3138390999993135,0.0022007042253521,0.3117605000006733,0.0,0.0,8.308960382876894e-05,6.308685446009389e-05,0.080306569750593,1.0,0.155,1.5,0.1564625850340136,0.9190068027210884,0.885,4,0.3,1.0,200.0,user history in a small catalogue,ok,,,147,456,0.037265783506385,True,13.3,
gift_cards,popularity,quota_mmr,4,200,117,10,8.409580193756728e-05,0.3018854000001738,0.0004936808846761,0.3123166999994282,0.0100806451612903,0.3206725000000006,0.0022163120567375,0.3052269999998316,0.3046875,0.6195697000002838,0.0005777766866137,0.0015849222860901,0.0587523782417816,0.6353158911155327,0.09,0.2999999999999999,0.3741496598639456,0.8964149659863946,0.885,4,0.3,1.0,200.0,user history in a small catalogue,ok,,,147,456,0.037265783506385,True,13.3,0.0082635606646698
gift_cards,itemknn,none,4,200,117,10,0.001929012345679,0.3063218999996024,0.0,0.0,0.0104166666666666,0.3136971999992965,0.0023674242424242,0.3122963000005256,0.0,0.0,0.001929012345679,6.392045454545454e-05,0.1982389202067833,1.0,0.395,1.3635000000000002,0.4965986394557823,0.8143673469387755,0.95,4,0.3,1.0,200.0,user history in a small catalogue,ok,,,147,456,0.037265783506385,True,13.3,
gift_cards,itemknn,quota_mmr,4,200,117,10,0.001905487804878,0.3111591000006228,0.0004944620253164,0.3107401999996,0.0104166666666666,0.3176910000001953,0.0023496240601503,0.3080532000003586,0.359375,0.3628930000004402,0.0023999498301945,0.001860706453634,0.1389079690062522,0.7132654102262372,0.24,0.2629999999999999,0.9931972789115646,0.3918231292517006,0.95,4,0.3,1.0,200.0,user history in a small catalogue,ok,,,147,456,0.037265783506385,True,13.3,0.0105651552003155
gift_cards,als,none,4,200,117,10,0.65625,0.6610002999996141,0.0,0.0,0.0111607142857142,0.3088522999996712,0.0026041666666666,0.3039183000000776,0.0,0.0,0.65625,6.882440476190476e-05,0.0655830464095141,1.0,0.145,0.4855,0.9931972789115646,0.2448843537414965,0.825,4,0.3,1.0,200.0,user history in a small catalogue,ok,,,147,456,0.037265783506385,True,13.3,
gift_cards,als,quota_mmr,4,200,117,10,0.65625,0.6579197999999451,0.0005287648054145,0.309006400000726,0.011574074074074,0.3154119000000719,0.0023854961832061,0.3096396999999342,0.421875,0.4209340000006705,0.6567787648054145,0.0021791728512864,0.0639499561500191,0.9777952346106022,0.14,0.2595,0.9863945578231292,0.258108843537415,0.825,4,0.3,1.0,200.0,user history in a small catalogue,ok,,,147,456,0.037265783506385,True,13.3,0.0027916426912854
software,popularity,none,4,200,200,10,0.0001030333003626,0.2994402000003902,0.0,0.0,0.0104166666666666,0.322855399999753,0.0066489361702127,0.3030893000004653,0.0,0.0,0.0001030333003626,8.532801418439717e-05,0.0052926243556414,1.0,0.015,1.0,0.0206327372764786,0.9853191196698762,0.27,4,0.3,1.0,,,ok,,,727,1779,0.0077884040691763,True,13.3,
software,popularity,quota_mmr,4,200,200,10,0.0001076472614536,0.3116518000006181,0.0086805555555555,0.3203760000005786,0.0120192307692307,0.3052239999997255,0.0060096153846153,0.315657099999953,0.5,0.5047148999992714,0.0087882028170092,0.0025901442307692,0.0086051228777666,0.592483177643666,0.02,0.0,0.0343878954607978,0.9846024759284732,0.27,4,0.3,1.0,,,ok,,,727,1779,0.0077884040691763,True,13.3,0.0035344270058234
software,itemknn,none,4,200,200,10,0.0234375,0.3254598999992595,0.0,0.0,0.0120192307692307,0.3166084999993472,0.0074404761904761,0.310213499999918,0.0,0.0,0.0234375,9.72985347985348e-05,0.0737047523942014,1.0,0.145,0.924,0.5419532324621733,0.7569752407152682,0.575,4,0.3,1.0,,,ok,,,727,1779,0.0077884040691763,True,13.3,
software,itemknn,quota_mmr,4,200,200,10,0.021875,0.345663400000376,0.0091911764705882,0.3275640000001658,0.0125,0.3098375999998097,0.0069444444444444,0.313379299999724,0.609375,0.6201215000000957,0.0310661764705882,0.0031440972222222,0.066609161595668,0.8930549057088499,0.12,0.2725,0.7854195323246217,0.5659257221458047,0.575,4,0.3,1.0,,,ok,,,727,1779,0.0077884040691763,True,13.3,0.0056962516805779
software,als,none,4,200,200,10,2.6875,2.712558299999728,0.0,0.0,0.0125,0.3023229000000356,0.0069444444444444,0.3097089000002597,0.0,0.0,2.6875,9.722222222222224e-05,0.0748934424827042,1.0,0.16,0.6505000000000001,0.8074277854195323,0.5292861072902338,0.525,4,0.3,1.0,,,ok,,,727,1779,0.0077884040691763,True,13.3,
software,als,quota_mmr,4,200,200,10,2.796875,2.698686600000656,0.0091911764705882,0.2991480000000592,0.011574074074074,0.3124821999999767,0.0067934782608695,0.3149510000002919,0.671875,0.6767454000000726,2.8060661764705883,0.0034512127616747,0.0599602257213103,0.9596949259885388,0.125,0.2565,0.874828060522696,0.4568088033012379,0.525,4,0.3,1.0,,,ok,,,727,1779,0.0077884040691763,True,13.3,0.0037623418521322
ml100k,popularity,none,4,200,200,10,0.0001596016343207,0.3046383999999307,0.0,0.0,0.0111607142857142,0.3201552000000447,0.0100806451612903,0.3121848999999201,0.0,0.0,0.0001596016343207,0.000106206797235,0.0534114253795015,1.0,0.105,1.1920000000000002,0.0489251297257227,0.9825426241660488,0.44,4,0.3,1.0,,,ok,,,1349,943,0.0773079623019132,True,13.3,
ml100k,popularity,quota_mmr,4,200,200,10,0.0001636982713462,0.301690299999791,0.0859375,0.3573775000004389,0.0120192307692307,0.300379299999804,0.0094696969696969,0.3110592000002725,0.5,0.502050699999927,0.0861011982713462,0.0026074446386946,0.0496139045539136,0.889508705089554,0.09,0.2555,0.0719051148999258,0.9812535211267606,0.44,4,0.3,1.0,,,ok,,,1349,943,0.0773079623019132,True,13.3,0.3357922768689322
ml100k,itemknn,none,4,200,200,10,0.1953125,0.3861061999996309,0.0,0.0,0.0260416666666666,0.3098170000002938,0.0091911764705882,0.3174295999997412,0.0,0.0,0.1953125,0.0001761642156862,0.0540864905941787,1.0,0.09,1.122,0.0919199406968124,0.9603973313565604,0.575,4,0.3,1.0,,,ok,,,1349,943,0.0773079623019132,True,13.3,
ml100k,itemknn,quota_mmr,4,200,200,10,0.1953125,0.383227700000134,0.0859375,0.3549382999999579,0.0260416666666666,0.308296700000028,0.0094696969696969,0.3031639999999242,0.53125,0.5306363999998212,0.28125,0.0028338068181818,0.0442875729807937,0.882177136386196,0.075,0.2425,0.1378799110452186,0.945819866567828,0.575,4,0.3,1.0,,,ok,,,1349,943,0.0773079623019132,True,13.3,0.3528994952941419
ml100k,als,none,4,200,200,10,5.78125,4.841594399999849,0.0,0.0,0.0125,0.3155014000003575,0.0100806451612903,0.3178729999999632,0.0,0.0,5.78125,0.0001129032258064,0.0685136534080465,1.0,0.155,0.8435000000000001,0.4180874722016308,0.779991104521868,0.675,4,0.3,1.0,,,ok,,,1349,943,0.0773079623019132,True,13.3,
ml100k,als,quota_mmr,4,200,200,10,5.671875,4.929248000000371,0.09765625,0.3879677000004449,0.0164473684210526,0.2465601999992941,0.009765625,0.3148952999999892,0.625,0.6230963999996675,5.76953125,0.0032560649671052,0.0444156206109275,0.9378864674040815,0.085,0.255,0.5063009636767977,0.7131134173461824,0.675,4,0.3,1.0,,,ok,,,1349,943,0.0773079623019132,True,13.3,0.1216351961738935
ml100k,multvae,none,4,200,200,10,3.65625,0.9297135999995588,0.0,0.0,0.078125,0.0671093999999357,0.0390625,0.0810068999999202,0.0,0.0,3.65625,0.0005859375,0.0580892845878525,1.0,0.11,0.963,0.1408450704225352,0.9475218680504076,0.565,4,0.3,1.0,,,ok,,,1349,943,0.0773079623019132,True,13.3,
ml100k,multvae,quota_mmr,4,200,200,10,3.6875,0.91587729999992,0.4375,0.1142040000004271,0.0625,0.0813775000005989,0.0390625,0.0773658999996769,0.890625,0.5667752999997901,4.125,0.0049609375,0.0604107322261396,0.943502140194776,0.12,0.2515,0.1749444032616753,0.9347598220904374,0.565,4,0.3,1.0,,,ok,,,1349,943,0.0773079623019132,True,13.3,0.3091981429649288
ml100k,gru4rec,none,4,200,200,10,437.359375,109.79404629999954,0.0,0.0,0.1875,0.0963152000003901,0.0520833333333333,0.0692896000000473,0.0,0.0,437.359375,0.0011979166666666,0.0792578088965771,1.0,0.165,0.913,0.3335804299481097,0.8280770941438103,0.79,4,0.3,1.0,,,ok,,,1349,943,0.0773079623019132,True,13.3,
ml100k,gru4rec,quota_mmr,4,200,200,10,441.140625,110.76493500000016,0.5,0.1262354000000414,0.15625,0.0839640000003782,0.0520833333333333,0.0780309999991004,0.984375,0.657609500000035,441.640625,0.0059635416666666,0.0552715129883927,0.8965278537768786,0.095,0.2604999999999999,0.4440326167531505,0.7569243884358784,0.79,4,0.3,1.0,,,ok,,,1349,943,0.0773079623019132,True,13.3,0.147850220452585
luxury_beauty,popularity,none,4,200,200,10,0.0001277596075224,0.3071117999998023,0.0,0.0,0.0107758620689655,0.3201694999997926,0.0091911764705882,0.3115655999999944,0.0,0.0,0.0001277596075224,9.983519269776876e-05,0.0021533827903669,1.0,0.005,0.0,0.0124542124542124,0.9917076923076924,0.26,4,0.3,1.0,,,ok,,,1365,3589,0.0048703966229739,True,13.3,
luxury_beauty,popularity,quota_mmr,4,200,200,10,0.0001257545271629,0.3102890999998635,0.03125,0.3321884999995745,0.0107758620689655,0.3277748000000429,0.0086805555555555,0.3139455999998972,0.84375,0.84886060000008,0.0313757545271629,0.0043160320881226,0.0098801164924467,0.8269828017545808,0.025,0.0,0.0131868131868131,0.9924161172161172,0.26,4,0.3,1.0,,,ok,,,1365,3589,0.0048703966229739,True,13.3,0.0049254203975567
luxury_beauty,itemknn,none,4,200,200,10,0.075,0.3626808999997593,0.0,0.0,0.0130208333333333,0.3182776000003287,0.0120192307692307,0.3058191999998598,0.0,0.0,0.075,0.0001252003205128,0.2070989027354444,1.0,0.265,0.9891666666666667,0.3084249084249084,0.8796908424908425,0.44,4,0.3,1.0,,,ok,,,1365,3589,0.0048703966229739,True,13.3,
luxury_beauty,itemknn,quota_mmr,4,200,200,10,0.071875,0.3703112000002875,0.0328125,0.3246405999998387,0.0135869565217391,0.3032583999993221,0.0111607142857142,0.3114876999998159,0.640625,0.6410036000006585,0.1046874999999999,0.0033268633540372,0.2028324178590654,0.8529013030651029,0.25,0.2643333333333333,0.4813186813186813,0.7537611721611721,0.44,4,0.3,1.0,,,ok,,,1365,3589,0.0048703966229739,True,13.3,0.0097816551724347
luxury_beauty,als,none,4,200,200,10,5.578125,5.518129699999918,0.0,0.0,0.0125,0.3082814999997936,0.0094696969696969,0.3122917000000598,0.0,0.0,5.578125,0.0001098484848484,0.1802365735521585,1.0,0.22,0.772,0.5186813186813187,0.7170139194139195,0.445,4,0.3,1.0,,,ok,,,1365,3589,0.0048703966229739,True,13.3,
luxury_beauty,als,quota_mmr,4,200,200,10,5.546875,5.529373099999248,0.03125,0.3193676000000778,0.0256696428571428,0.1724087000002327,0.009765625,0.3050446000006559,0.65625,0.6590252000005421,5.578125,0.0034584263392857,0.1804619760583998,0.951599508955244,0.22,0.2734999999999999,0.6021978021978022,0.6477831501831501,0.445,4,0.3,1.0,,,ok,,,1365,3589,0.0048703966229739,True,13.3,0.0072376032671984
digital_music,popularity,none,4,200,200,10,0.0003205128205128,0.3010925999997198,0.0,0.0,0.0148809523809523,0.3132065999998303,0.0513392857142857,0.3761810000005425,0.0,0.0,0.0003205128205128,0.0003311011904761,0.008755734160431,1.0,0.02,0.0,0.0011537096201632,0.999102946396876,0.065,4,0.3,1.0,,,ok,,,11268,16252,0.0006986333284143,True,13.3,
digital_music,popularity,quota_mmr,4,200,200,10,0.000317581300813,0.3055117999992944,0.140625,0.4218234999998458,0.0148809523809523,0.3163856999999552,0.0520833333333333,0.3111483000002408,1.15625,1.1689822999996975,0.140942581300813,0.0061160714285714,0.008755734160431,0.995116408887402,0.02,0.0,0.0011537096201632,0.9991040113596024,0.065,4,0.3,1.0,,,ok,,,11268,16252,0.0006986333284143,True,13.3,0.0169359437378832
digital_music,itemknn,none,4,200,200,10,0.3125,0.3317164000000048,0.0,0.0,0.0252403846153846,0.3266882999996596,0.0520833333333333,0.3211883000003581,0.0,0.0,0.3125,0.0003866185897435,0.0429563071026482,1.0,0.065,1.2005,0.09806531771388,0.9393477103301384,0.25,4,0.3,1.0,,,ok,,,11268,16252,0.0006986333284143,True,13.3,
digital_music,itemknn,quota_mmr,4,200,200,10,0.328125,0.3318459000001894,0.140625,0.4210858000005828,0.0260416666666666,0.3182757999993555,0.0572916666666666,0.3438735999998243,0.640625,0.62869370000044,0.46875,0.0036197916666666,0.0442909288994431,0.832500154916803,0.07,0.2654999999999999,0.1307241746538871,0.8992015441959531,0.25,4,0.3,1.0,,,ok,,,11268,16252,0.0006986333284143,True,13.3,0.0096213007657277
digital_music,als,none,4,200,200,10,30.484375,30.429191000000174,0.0,0.0,0.078125,0.0876385999999911,0.0546875,0.3221745999999257,0.0,0.0,30.484375,0.0006640625,0.0378973738409622,1.0,0.05,1.3483333333333334,0.079694710685126,0.9523490415335464,0.285,4,0.3,1.0,,,ok,,,11268,16252,0.0006986333284143,True,13.3,
digital_music,als,quota_mmr,4,200,200,10,30.640625,30.298823000000084,0.1354166666666666,0.4157258000004731,0.078125,0.0872708000006241,0.0520833333333333,0.3176585999999588,0.5625,0.5710736999999426,30.776041666666668,0.0034635416666666,0.0461558795090958,0.84633552289521,0.075,0.2761666666666666,0.1247781327653532,0.905788338658147,0.285,4,0.3,1.0,,,ok,,,11268,16252,0.0006986333284143,True,13.3,0.0053923238527362
