stage,label,wall_seconds,cpu_seconds,cpu_user_seconds,cpu_system_seconds,cpu_utilisation,peak_rss_bytes,repeats,cpu_seconds_each,codecarbon.cpu_kwh,codecarbon.ram_kwh,codecarbon.gpu_kwh,codecarbon.total_kwh,codecarbon.cpu_watts,codecarbon.ram_watts,codecarbon.co2_kg,codecarbon.cpu_util_pct,meta.catalogue,meta.repeat,meta.meter,dataset,family,reranker,repeat
train,popularity,0.3089327999996385,0.3125,0.3125,0.0,1.0115468477298806,113516544,3697,8.452799567216662e-05,1.4098289171574137e-06,9.389651111109742e-06,0.0,1.0799480028267156e-05,1.5003125131875,10.0,4.758337296294735e-06,0.0,gift_cards,0,composite,gift_cards,popularity,none,0
retrieve_score,popularity,0.3195165999995879,0.3125,0.3125,0.0,0.97803995160315,113516544,30,0.0104166666666666,1.3806861857308225e-07,8.879991666668101e-07,0.0,1.026067785239893e-06,1.515395842125,10.0,4.520936747189785e-07,0.0,gift_cards,0,composite,gift_cards,popularity,none,0
retrieve_select,popularity,0.3004431999997905,0.3125,0.25,0.0625,1.040130047876663,113516544,96,0.0032552083333333,1.299970472134449e-07,8.350249999997083e-07,0.0,9.650220472131526e-07,1.52293750659375,10.0,4.251964341784929e-07,0.0,gift_cards,0,composite,gift_cards,popularity,none,0
train,popularity,0.3111261999993076,0.3125,0.3125,0.0,1.0044155715613006,113516544,3710,8.423180592991914e-05,1.412507764666614e-06,9.4088947222215e-06,0.0,1.0821402486888114e-05,1.5013215639375002,10.0,4.767996506942798e-06,0.0,gift_cards,0,composite,gift_cards,popularity,quota_mmr,0
rerank_setup,popularity,0.310176599999977,0.3125,0.3125,0.0,1.0074905715003102,113516544,615,0.0005081300813008,1.363728899837933e-07,8.620316666666537e-07,0.0,9.984045566504472e-07,1.524998230125,10.0,4.3990503489664034e-07,0.0,gift_cards,0,composite,gift_cards,popularity,quota_mmr,0
retrieve_score,popularity,0.3100426999999399,0.3125,0.3125,0.0,1.0079256824948968,113516544,29,0.0107758620689655,1.3631130621407e-07,8.616913888873672e-07,0.0,9.98002695101437e-07,1.53683656321875,10.0,4.397279714832536e-07,0.0,gift_cards,0,composite,gift_cards,popularity,quota_mmr,0
retrieve_select,popularity,0.3094098000001395,0.3125,0.25,0.0625,1.0099874018206891,113516544,91,0.0034340659340659,1.52216090566338e-07,8.599213888879193e-07,0.0,1.012137479454258e-06,1.580861490675,10.0,4.4595587054738134e-07,0.0,gift_cards,0,composite,gift_cards,popularity,quota_mmr,0
rerank,popularity,0.3645993999998609,0.359375,0.359375,0.0,0.9856708486084648,142798848,1,0.359375,1.6211519560694152e-07,1.013367500000741e-06,0.0,1.1754826956076848e-06,1.5825749308125,10.0,5.179270795463111e-07,0.0,gift_cards,0,composite,gift_cards,popularity,quota_mmr,0
train,itemknn,0.3174654999993436,0.3125,0.3125,0.0,0.9843589303424976,142848000,163,0.0019171779141104,4.997123534322808e-06,9.427727222221925e-06,0.0,1.442485075654473e-05,3.4125765984375,10.0,6.355704642139661e-06,0.0,gift_cards,0,composite,gift_cards,itemknn,none,0
retrieve_score,itemknn,0.318645600000309,0.3125,0.3125,0.0,0.9807133693347622,142848000,28,0.0111607142857142,1.3874915519603537e-07,8.855788888872155e-07,0.0,1.0243280440832517e-06,2.794182941625,10.0,4.513271308474338e-07,0.0,gift_cards,0,composite,gift_cards,itemknn,none,0
retrieve_select,itemknn,0.2998689999994894,0.3125,0.3125,0.0,1.042121726489007,142848000,124,0.0025201612903225,1.2995996826266245e-07,8.335022222228056e-07,0.0,9.634621904854698e-07,2.4829635972187503,10.0,4.245091488254223e-07,0.0,gift_cards,0,composite,gift_cards,itemknn,none,0
train,itemknn,0.3062467999998262,0.3125,0.3125,0.0,1.020418825601369,142848000,162,0.001929012345679,1.4115516508387453e-06,9.40366972222364e-06,0.0,1.0815221373062384e-05,1.52934054225,10.0,4.765273058742271e-06,0.0,gift_cards,0,composite,gift_cards,itemknn,quota_mmr,0
rerank_setup,itemknn,0.3097269999998389,0.3125,0.296875,0.015625,1.008953045747263,142848000,591,0.0005287648054145,1.4956517475173446e-07,8.608055555542808e-07,0.0,1.0103707303060144e-06,1.5950578335,10.0,4.451774267386725e-07,0.0,gift_cards,0,composite,gift_cards,itemknn,quota_mmr,0
retrieve_score,itemknn,0.312469599999531,0.3125,0.3125,0.0,1.00009728946582,142848000,26,0.0120192307692307,1.7339165393113337e-07,8.68465833332265e-07,0.0,1.0418574872634008e-06,1.6914814754999998,10.0,4.590507437481522e-07,0.0,gift_cards,0,composite,gift_cards,itemknn,quota_mmr,0
retrieve_select,itemknn,0.3055510000003778,0.3125,0.3125,0.0,1.0227425208872285,142848000,120,0.0026041666666666,1.5931634583372185e-07,8.492119444453144e-07,0.0,1.0085282902790369e-06,1.7260851803999997,10.0,4.443656329232661e-07,0.0,gift_cards,0,composite,gift_cards,itemknn,quota_mmr,0
rerank,itemknn,0.3981188000007023,0.390625,0.375,0.015625,0.9811769753131752,144592896,1,0.390625,1.708672894779904e-07,1.106348055554917e-06,0.0,1.2772153450329075e-06,1.6945783169999995,10.0,5.627512987442591e-07,0.0,gift_cards,0,composite,gift_cards,itemknn,quota_mmr,0
train,als,0.6385560999997324,0.71875,0.65625,0.0625,1.1255863032242606,144613376,1,0.71875,1.5527771227425495e-06,1.0339643055557544e-05,0.0,1.1892420178300094e-05,1.50524369025,10.0,5.239895469920448e-06,0.0,gift_cards,0,composite,gift_cards,als,none,0
retrieve_score,als,0.3031500999995842,0.3125,0.3125,0.0,1.0308424770449642,144613376,26,0.0120192307692307,1.3104798678129652e-07,8.425280555558042e-07,0.0,9.735760423371e-07,1.5186832935,10.0,4.289653928620647e-07,0.0,gift_cards,0,composite,gift_cards,als,none,0
retrieve_select,als,0.3082120999997642,0.3125,0.3125,0.0,1.013912172819429,144613376,126,0.0024801587301587,1.3275750387062358e-07,8.566777777761879e-07,0.0,9.89435281646812e-07,1.524090166125,10.0,4.359531005758387e-07,0.0,gift_cards,0,composite,gift_cards,als,none,0
train,als,0.6319407000000865,0.625,0.625,0.0,0.9890168492073932,144613376,1,0.625,1.5394394971499647e-06,1.025632750000164e-05,0.0,1.1795766997151606e-05,1.5015505965,10.0,5.197309305080975e-06,0.0,gift_cards,0,composite,gift_cards,als,quota_mmr,0
rerank_setup,als,0.2991901000004873,0.3125,0.3125,0.0,1.044486431868872,144613376,565,0.0005530973451327,1.4380327527237734e-07,8.315519444446787e-07,0.0,9.75355219717056e-07,1.5739079775,10.0,4.297493126490928e-07,0.0,gift_cards,0,composite,gift_cards,als,quota_mmr,0
retrieve_score,als,0.3180205000007845,0.3125,0.3125,0.0,0.9826410561559054,144613376,25,0.0125,1.5525402874370818e-07,8.839036111112355e-07,0.0,1.0391576398549435e-06,1.616129440125,10.0,4.578611693812067e-07,0.0,gift_cards,0,composite,gift_cards,als,quota_mmr,0
retrieve_select,als,0.3024641999991218,0.3125,0.3125,0.0,1.0331801251219397,144613376,120,0.0026041666666666,1.330743147880094e-07,8.408413888901116e-07,0.0,9.73915703678122e-07,1.6073738646,10.0,4.291150503662096e-07,0.0,gift_cards,0,composite,gift_cards,als,quota_mmr,0
rerank,als,0.439013100000011,0.4375,0.4375,0.0,0.9965534058095056,145752064,1,0.4375,1.9179150719982334e-07,1.2200186111107945e-06,0.0,1.411810118310619e-06,1.60033854075,10.0,6.22054832608605e-07,0.0,gift_cards,0,composite,gift_cards,als,quota_mmr,0
train,popularity,0.3105040000000372,0.3125,0.3125,0.0,1.006428258573038,145760256,1939,0.0001611655492521,1.406011039710909e-06,9.367188611112296e-06,0.0,1.0773199650823204e-05,1.5015303515625005,10.0,4.74675795174991e-06,0.0,ml100k,0,composite,ml100k,popularity,none,0
retrieve_score,popularity,0.3172610000001441,0.3125,0.3125,0.0,0.9849934281234,145760256,27,0.011574074074074,1.3539025349929896e-07,8.817383333330834e-07,0.0,1.017128586832382e-06,1.509809296875,10.0,4.48154992387042e-07,0.0,ml100k,0,composite,ml100k,popularity,none,0
retrieve_select,popularity,0.3072761000003083,0.3125,0.296875,0.015625,1.017000671382143,145760256,29,0.0107758620689655,1.3331516714389874e-07,8.539983333346547e-07,0.0,9.873135004785534e-07,1.52016987665625,10.0,4.350182268188546e-07,0.0,ml100k,0,composite,ml100k,popularity,none,0
train,popularity,0.307991700000457,0.3125,0.3125,0.0,1.0146377321191975,145760256,1960,0.0001594387755102,1.40797410239125e-06,9.379911666666077e-06,0.0,1.0787885769057326e-05,1.5039596630625,10.0,4.7532287729328105e-06,0.0,ml100k,0,composite,ml100k,popularity,quota_mmr,0
rerank_setup,popularity,0.3533938999999009,0.34375,0.28125,0.0625,0.9727106212079394,179023872,4,0.0859375,1.5570910485204996e-07,9.822225000006151e-07,0.0,1.1379316048526662e-06,1.5271727673750002,10.0,5.013817685509237e-07,0.0,ml100k,0,composite,ml100k,popularity,quota_mmr,0
retrieve_score,popularity,0.3150746999999683,0.3125,0.28125,0.03125,0.9918282870698012,179023872,27,0.011574074074074,1.354720926093447e-07,8.756577777780374e-07,0.0,1.0111298703873826e-06,1.5298404464062505,10.0,4.4551190993164403e-07,0.0,ml100k,0,composite,ml100k,popularity,quota_mmr,0
retrieve_select,popularity,0.3159328000001551,0.3125,0.28125,0.03125,0.9891343982006509,179023872,31,0.0100806451612903,1.352125607542132e-07,8.780777777777375e-07,0.0,1.0132903385319509e-06,1.5299422028250005,10.0,4.464638294798855e-07,0.0,ml100k,0,composite,ml100k,popularity,quota_mmr,0
rerank,popularity,0.5141297000000122,0.515625,0.515625,0.0,1.0029084100762662,202309632,1,0.515625,2.2076246904493614e-07,1.4285686111129e-06,0.0,1.6493310801578375e-06,1.5315313014375005,10.0,7.267084685661847e-07,0.0,ml100k,0,composite,ml100k,popularity,quota_mmr,0
train,itemknn,0.3992814999992333,0.390625,0.328125,0.0625,0.9783198069551182,202403840,2,0.1953125,1.4423826635969863e-06,9.607751944445732e-06,0.0,1.105013460804272e-05,1.5042246005625,10.0,4.868777709380487e-06,0.0,ml100k,0,composite,ml100k,itemknn,none,0
retrieve_score,itemknn,0.3149353999997402,0.3125,0.3125,0.0,0.992266985547696,202403840,12,0.0260416666666666,1.3513235564587526e-07,8.753025000007455e-07,0.0,1.0104348556466212e-06,1.514387488875,10.0,4.452056808767467e-07,0.0,ml100k,0,composite,ml100k,itemknn,none,0
retrieve_select,itemknn,0.3096193999999741,0.3125,0.21875,0.09375,1.009303680583407,202403840,31,0.0100806451612903,1.333936950110832e-07,8.605744444442577e-07,0.0,9.939681394553402e-07,1.52086831265625,10.0,4.379503139891385e-07,0.0,ml100k,0,composite,ml100k,itemknn,none,0
train,itemknn,0.3864383000000089,0.390625,0.359375,0.03125,1.0108340710534929,202403840,2,0.1953125,1.4366104699067518e-06,9.568884722223934e-06,0.0,1.1005495192130686e-05,1.50317419425,10.0,4.849109225614317e-06,0.0,ml100k,0,composite,ml100k,itemknn,quota_mmr,0
rerank_setup,itemknn,0.3577766000007614,0.359375,0.3125,0.046875,1.004467592344595,202403840,4,0.08984375,1.571110468406673e-07,9.94330833332747e-07,0.0,1.151441880173414e-06,1.5258222375,10.0,5.073345039394473e-07,0.0,ml100k,0,composite,ml100k,itemknn,quota_mmr,0
retrieve_score,itemknn,0.3136897000003955,0.3125,0.296875,0.015625,0.9962073985840336,202403840,12,0.0260416666666666,1.355481066614326e-07,8.718227777762885e-07,0.0,1.00737088443772e-06,1.530757303125,10.0,4.438556706503354e-07,0.0,ml100k,0,composite,ml100k,itemknn,quota_mmr,0
retrieve_select,itemknn,0.3176761000004262,0.3125,0.234375,0.078125,0.9837063600301712,202403840,32,0.009765625,1.3673808218038728e-07,8.829883333318224e-07,0.0,1.0197264155122097e-06,1.5325012014,10.0,4.4929961648600333e-07,0.0,ml100k,0,composite,ml100k,itemknn,quota_mmr,0
rerank,itemknn,0.5462853999997606,0.546875,0.546875,0.0,1.0010792893242977,217006080,1,0.546875,2.3541192286485785e-07,1.5179258333344267e-06,0.0,1.753337756199284e-06,1.5346780845,10.0,7.725346420834538e-07,0.0,ml100k,0,composite,ml100k,itemknn,quota_mmr,0
train,als,4.724536499999886,5.875,5.203125,0.671875,1.2435082256217391,217022464,1,5.875,3.2483619839902e-06,2.161219555555616e-05,0.0,2.486055753954636e-05,1.5028491277500005,10.0,1.095376053638444e-05,0.0,ml100k,0,composite,ml100k,als,none,0
retrieve_score,als,0.206710400000702,0.3125,0.21875,0.09375,1.5117768626974677,217022464,16,0.01953125,9.253103904778706e-08,5.746599999990076e-07,0.0,6.671910390467938e-07,1.5337499145000004,10.0,2.939697093323302e-07,0.0,ml100k,0,composite,ml100k,als,none,0
retrieve_select,als,0.3068361999994522,0.3125,0.234375,0.078125,1.0184587085896577,217022464,31,0.0100806451612903,1.3261836414584925e-07,8.52831111112411e-07,0.0,9.854494752582605e-07,1.5367030608750003,10.0,4.341969223945908e-07,0.0,ml100k,0,composite,ml100k,als,none,0
train,als,4.97548260000076,5.96875,5.25,0.71875,1.1996323733498917,217022464,1,5.96875,3.3752541135878417e-06,2.2320637499999265e-05,0.0,2.5695891613587107e-05,1.5072809347500002,10.0,1.1321815412079387e-05,0.0,ml100k,0,composite,ml100k,als,quota_mmr,0
rerank_setup,als,0.3547295999997004,0.34375,0.296875,0.046875,0.9690479734431248,217022464,4,0.0859375,1.529524504655858e-07,9.859097222210448e-07,0.0,1.1388621726866293e-06,1.5180128880000003,10.0,5.017917841831106e-07,0.0,ml100k,0,composite,ml100k,als,quota_mmr,0
retrieve_score,als,0.3204623000001447,0.3125,0.28125,0.03125,0.9751537076275708,217022464,25,0.0125,1.379628642604899e-07,8.907216666683694e-07,0.0,1.0286845309288593e-06,1.5233788646250004,10.0,4.532466338035025e-07,0.0,ml100k,0,composite,ml100k,als,quota_mmr,0
retrieve_select,als,0.3071570000001884,0.3125,0.25,0.0625,1.017395012973197,217022464,31,0.0100806451612903,1.3279885149989173e-07,8.536833333336196e-07,0.0,9.864821848335113e-07,1.5278155917000005,10.0,4.346519424951244e-07,0.0,ml100k,0,composite,ml100k,als,quota_mmr,0
rerank,als,0.6602916000001642,0.65625,0.65625,0.0,0.9938790679751748,217022464,1,0.65625,2.925064250501572e-07,1.834584444446188e-06,0.0,2.127090869496344e-06,1.5381301717500004,10.0,9.372132538270452e-07,0.0,ml100k,0,composite,ml100k,als,quota_mmr,0
train,popularity,0.2991012000002229,0.3125,0.296875,0.015625,1.0447968781127162,217022464,3579,8.731489242805253e-05,1.4055573962442775e-06,9.363407499997974e-06,0.0,1.0768964896242253e-05,1.5030972560625,10.0,4.744892085003506e-06,0.0,gift_cards,1,composite,gift_cards,popularity,none,1
retrieve_score,popularity,0.3197829000000638,0.3125,0.3125,0.0,0.9772254864157452,217022464,30,0.0104166666666666,1.3722659978963544e-07,8.887505555574334e-07,0.0,1.0259771553470697e-06,1.5136359258749998,10.0,4.520537424631614e-07,0.0,gift_cards,1,composite,gift_cards,popularity,none,1
retrieve_select,popularity,0.3013319000001502,0.3125,0.3125,0.0,1.0370624550531962,217022464,138,0.0022644927536231,1.286488408204459e-07,8.374902777783676e-07,0.0,9.66139118598813e-07,1.51681874128125,10.0,4.256886247675858e-07,0.0,gift_cards,1,composite,gift_cards,popularity,none,1
train,popularity,0.3106952999996792,0.3125,0.3125,0.0,1.0058085848106573,217022464,3742,8.351149118118654e-05,1.4085732596968392e-06,9.381846944443674e-06,0.0,1.0790420204140513e-05,1.5035792431875,10.0,4.754345465305943e-06,0.0,gift_cards,1,composite,gift_cards,popularity,quota_mmr,1
rerank_setup,popularity,0.3104676000002655,0.3125,0.3125,0.0,1.006546254745206,217022464,629,0.0004968203497615,1.4863912109382465e-07,8.628877777785722e-07,0.0,1.0115268988723968e-06,1.572698662125,10.0,4.456868438583693e-07,0.0,gift_cards,1,composite,gift_cards,popularity,quota_mmr,1
retrieve_score,popularity,0.3098695999997289,0.3125,0.296875,0.015625,1.0084887320352605,217022464,27,0.011574074074074,1.5276306222919114e-07,8.61217500000243e-07,0.0,1.0139805622294345e-06,1.6202187394687502,10.0,4.467679475627869e-07,0.0,gift_cards,1,composite,gift_cards,popularity,quota_mmr,1
retrieve_select,popularity,0.3098076999995101,0.3125,0.3125,0.0,1.0086902294568345,217022464,138,0.0022644927536231,1.4836565624991142e-07,8.610480555565424e-07,0.0,1.0094137118064545e-06,1.638362491575,10.0,4.4475575673161833e-07,0.0,gift_cards,1,composite,gift_cards,popularity,quota_mmr,1
rerank,popularity,0.3313473000007434,0.328125,0.3125,0.015625,0.9902751584191688,217022464,1,0.328125,1.5995050621542378e-07,9.209155555557414e-07,0.0,1.0808660617711656e-06,1.6530508123125005,10.0,4.7623823374486963e-07,0.0,gift_cards,1,composite,gift_cards,popularity,quota_mmr,1
train,itemknn,0.3050348000006124,0.3125,0.3125,0.0,1.02447327321136,217022464,159,0.0019654088050314,1.4046178664647e-06,9.351768055555315e-06,0.0,1.0756385922020017e-05,1.5042760929375,10.0,4.7393496883293945e-06,0.0,gift_cards,1,composite,gift_cards,itemknn,none,1
retrieve_score,itemknn,0.3184517999998206,0.3125,0.3125,0.0,0.9813102014187892,217022464,29,0.0107758620689655,1.3592715315740476e-07,8.850691666667542e-07,0.0,1.0209963198241588e-06,1.511639791125,10.0,4.498591464850826e-07,0.0,gift_cards,1,composite,gift_cards,itemknn,none,1
retrieve_select,itemknn,0.3000185999999303,0.3125,0.3125,0.0,1.0416020873374938,217022464,128,0.00244140625,1.2844552650468244e-07,8.338877777785256e-07,0.0,9.623333042832078e-07,1.5163171504687505,10.0,4.2401175253361546e-07,0.0,gift_cards,1,composite,gift_cards,itemknn,none,1
train,itemknn,0.3024296000003232,0.3125,0.3125,0.0,1.0332983279403405,217022464,159,0.0019654088050314,1.4028924401447408e-06,9.3471283333353e-06,0.0,1.0750020773480042e-05,1.5012656806875,10.0,4.736545152961494e-06,0.0,gift_cards,1,composite,gift_cards,itemknn,quota_mmr,1
rerank_setup,itemknn,0.3087332000004608,0.3125,0.3125,0.0,1.0122008258248014,217022464,616,0.0005073051948051,1.3345073541670888e-07,8.580494444458971e-07,0.0,9.915001798626053e-07,1.516031287125,10.0,4.36862911248903e-07,0.0,gift_cards,1,composite,gift_cards,itemknn,quota_mmr,1
retrieve_score,itemknn,0.3158370000001014,0.3125,0.3125,0.0,0.989434423452286,217022464,29,0.0107758620689655,1.3486772713213894e-07,8.777625000018612e-07,0.0,1.0126302271340003e-06,1.51861526221875,10.0,4.461729791170578e-07,0.0,gift_cards,1,composite,gift_cards,itemknn,quota_mmr,1
retrieve_select,itemknn,0.30417369999941,0.3125,0.3125,0.0,1.027373504022886,217022464,131,0.0023854961832061,1.3097432382527757e-07,8.454061111125252e-07,0.0,9.763804349378032e-07,1.522787568675,10.0,4.302010306770752e-07,0.0,gift_cards,1,composite,gift_cards,itemknn,quota_mmr,1
rerank,itemknn,0.3623599000002286,0.359375,0.359375,0.0,0.991762609493416,217022464,1,0.359375,1.561006734750259e-07,1.0069986111097433e-06,0.0,1.163099284584769e-06,1.5259919465625,10.0,5.12470849582326e-07,0.0,gift_cards,1,composite,gift_cards,itemknn,quota_mmr,1
train,als,0.6294186999994054,0.625,0.609375,0.015625,0.9929797128693356,217022464,1,0.625,1.546032114048144e-06,1.0249554444443571e-05,0.0,1.1795586558491715e-05,1.5051743626875005,10.0,5.197229802363919e-06,0.0,gift_cards,1,composite,gift_cards,als,none,1
retrieve_score,als,0.3096358999991935,0.3125,0.3125,0.0,1.0092498964132195,217022464,28,0.0111607142857142,1.3251064417195073e-07,8.605602777758276e-07,0.0,9.930709219477788e-07,1.5135659846250002,10.0,4.37554992777567e-07,0.0,gift_cards,1,composite,gift_cards,als,none,1
retrieve_select,als,0.3046642999997857,0.3125,0.3125,0.0,1.0257191275781894,217022464,129,0.002422480620155,1.3043238740996004e-07,8.467325000007492e-07,0.0,9.77164887410711e-07,1.5177617955937504,10.0,4.305466667122582e-07,0.0,gift_cards,1,composite,gift_cards,als,none,1
train,als,0.6346292999996876,0.65625,0.609375,0.046875,1.034068234795215,217022464,1,0.65625,1.542172442907544e-06,1.0275013611110102e-05,0.0,1.1817186054017643e-05,1.5015874177500002,10.0,5.206746712888607e-06,0.0,gift_cards,1,composite,gift_cards,als,quota_mmr,1
rerank_setup,als,0.3080288000001019,0.3125,0.3125,0.0,1.0145155258206269,217022464,621,0.0005032206119162,1.327233175289132e-07,8.561161111123918e-07,0.0,9.888394286413056e-07,1.5144952065,10.0,4.356905629747886e-07,0.0,gift_cards,1,composite,gift_cards,als,quota_mmr,1
retrieve_score,als,0.3101640000004408,0.3125,0.3125,0.0,1.007531499463367,217022464,28,0.0111607142857142,1.329080673647262e-07,8.620347222227382e-07,0.0,9.949427895874653e-07,1.5184587120000002,10.0,4.3837975263455403e-07,0.0,gift_cards,1,composite,gift_cards,als,quota_mmr,1
retrieve_select,als,0.3076916999998502,0.3125,0.3125,0.0,1.0156270058638308,217022464,129,0.002422480620155,1.3212391358220725e-07,8.551519444457283e-07,0.0,9.87275858027936e-07,1.5218627640000002,10.0,4.350016412539731e-07,0.0,gift_cards,1,composite,gift_cards,als,quota_mmr,1
rerank,als,0.3984057999996366,0.390625,0.390625,0.0,0.9804701638388704,217022464,1,0.390625,1.7248183334253853e-07,1.1071302777761748e-06,0.0,1.2796121111187167e-06,1.52659768875,10.0,5.638073330557956e-07,0.0,gift_cards,1,composite,gift_cards,als,quota_mmr,1
train,popularity,0.3084518999994543,0.3125,0.3125,0.0,1.0131239262930551,217022464,2034,0.0001536381514257,1.409337877871852e-06,9.36608277777648e-06,0.0,1.0775420655648333e-05,1.5037078695,10.0,4.7477365442439e-06,0.0,ml100k,1,composite,ml100k,popularity,none,1
retrieve_score,popularity,0.3160308000005898,0.3125,0.3125,0.0,0.9888276712251364,217022464,27,0.011574074074074,1.348954985352805e-07,8.783341666685379e-07,0.0,1.0132296652038184e-06,1.5112609755000002,10.0,4.464370963261242e-07,0.0,ml100k,1,composite,ml100k,popularity,none,1
retrieve_select,popularity,0.3092790999999124,0.3125,0.234375,0.078125,1.0104142180964977,217022464,31,0.0100806451612903,1.3752234246131966e-07,8.596258333328579e-07,0.0,9.971481757941774e-07,1.5308714996250004,10.0,4.39351463440321e-07,0.0,ml100k,1,composite,ml100k,popularity,none,1
train,popularity,0.3018607000003612,0.3125,0.3125,0.0,1.0352457275810532,217022464,1956,0.0001597648261758,1.4030763649414887e-06,9.347612500000143e-06,0.0,1.0750688864941632e-05,1.5237458604375,10.0,4.736839519404203e-06,0.0,ml100k,1,composite,ml100k,popularity,quota_mmr,1
rerank_setup,popularity,0.3527268999996522,0.34375,0.3125,0.03125,0.9745499988811144,217022464,4,0.0859375,1.5152797266631845e-07,9.803638888873444e-07,0.0,1.1318918615536624e-06,1.527150125625,10.0,4.987206093354357e-07,0.0,ml100k,1,composite,ml100k,popularity,quota_mmr,1
retrieve_score,popularity,0.3158333000001221,0.3125,0.296875,0.015625,0.989446014716875,217022464,27,0.011574074074074,1.3633637679335956e-07,8.778047222222084e-07,0.0,1.014141099015568e-06,1.53130364221875,10.0,4.468386813550514e-07,0.0,ml100k,1,composite,ml100k,popularity,quota_mmr,1
retrieve_select,popularity,0.3120484999999462,0.3125,0.28125,0.03125,1.0014468904675198,217022464,32,0.009765625,1.33997795058576e-07,8.67332222221901e-07,0.0,1.0013300172804772e-06,1.5321387081750002,10.0,4.4119401625391634e-07,0.0,ml100k,1,composite,ml100k,popularity,quota_mmr,1
rerank,popularity,0.5133367999997063,0.515625,0.5,0.015625,1.0044575023654938,217022464,1,0.515625,2.225384629080811e-07,1.4263636111106975e-06,0.0,1.6489020740187797e-06,1.5358265345625002,10.0,7.265194450292665e-07,0.0,ml100k,1,composite,ml100k,popularity,quota_mmr,1
train,itemknn,0.3832791999993787,0.390625,0.359375,0.03125,1.019165663048329,217022464,2,0.1953125,1.438560508204781e-06,9.584066666666836e-06,0.0,1.1022627174871618e-05,1.50362427075,10.0,4.856657714265834e-06,0.0,ml100k,1,composite,ml100k,itemknn,none,1
retrieve_score,itemknn,0.3200070000002597,0.328125,0.328125,0.0,1.0253681950699007,217022464,12,0.02734375,1.3772119311482493e-07,8.897055555558434e-07,0.0,1.0274267486706675e-06,1.5153009765,10.0,4.526924448782851e-07,0.0,ml100k,1,composite,ml100k,itemknn,none,1
retrieve_select,itemknn,0.3130014000007577,0.3125,0.296875,0.015625,0.9983980902297672,217022464,33,0.0094696969696969,1.3398972670141817e-07,8.699997222215133e-07,0.0,1.0039894489229312e-06,1.5190630395000002,10.0,4.423657831110353e-07,0.0,ml100k,1,composite,ml100k,itemknn,none,1
train,itemknn,0.3821955999992497,0.375,0.328125,0.046875,0.9811729910044392,217022464,2,0.1875,1.4369299510400205e-06,9.560786666667002e-06,0.0,1.0997716617707022e-05,1.5022658686875,10.0,4.845681923494655e-06,0.0,ml100k,1,composite,ml100k,itemknn,quota_mmr,1
rerank_setup,itemknn,0.3483384000001024,0.359375,0.25,0.109375,1.0316835582866957,217022464,4,0.08984375,1.5127929994040386e-07,9.681347222239213e-07,0.0,1.1194140221643245e-06,1.519259983125,10.0,4.932227734777784e-07,0.0,ml100k,1,composite,ml100k,itemknn,quota_mmr,1
retrieve_score,itemknn,0.3260349000001952,0.328125,0.328125,0.0,1.0064106633977024,217022464,12,0.02734375,1.4616828774743481e-07,9.062747222237206e-07,0.0,1.0524430099711562e-06,1.53985717134375,10.0,4.637148097373712e-07,0.0,ml100k,1,composite,ml100k,itemknn,quota_mmr,1
retrieve_select,itemknn,0.3114457000001494,0.3125,0.25,0.0625,1.0033851807870524,217022464,31,0.0100806451612903,1.6451371684504926e-07,8.658663888910372e-07,0.0,1.0303801057360863e-06,1.609247800275,10.0,4.539937176281658e-07,0.0,ml100k,1,composite,ml100k,itemknn,quota_mmr,1
rerank,itemknn,0.6140720000003057,0.578125,0.5625,0.015625,0.9414612618711032,218357760,1,0.578125,3.484786802936143e-07,1.7063852777785852e-06,0.0,2.0548639580722006e-06,1.6802564308125,10.0,9.05389498838276e-07,0.0,ml100k,1,composite,ml100k,itemknn,quota_mmr,1
train,als,4.729146000000583,5.875,5.375,0.5,1.242296177787549,218374144,1,5.875,3.2546540248790216e-06,2.163614888888788e-05,0.0,2.48908029137669e-05,1.53011024475,10.0,1.0967086890229006e-05,0.0,ml100k,1,composite,ml100k,als,none,1
retrieve_score,als,0.3103988000002573,0.3125,0.28125,0.03125,1.0067693560662636,218374144,24,0.0130208333333333,1.328290418308013e-07,8.626855555550933e-07,0.0,9.95514597385896e-07,1.5301899060000002,10.0,4.38631695725005e-07,0.0,ml100k,1,composite,ml100k,als,none,1
retrieve_select,als,0.3025834000000031,0.3125,0.296875,0.015625,1.0327731131317737,218374144,31,0.0100806451612903,1.295467828134238e-07,8.410294444451604e-07,0.0,9.705762272585855e-07,1.5302297366250002,10.0,4.276436503399504e-07,0.0,ml100k,1,composite,ml100k,als,none,1
train,als,4.7401990999997,5.828125,5.3125,0.515625,1.2295105916543398,218374144,1,5.828125,3.2600411875007097e-06,2.1668864999999945e-05,0.0,2.492890618750065e-05,1.50311504821875,10.0,1.0983875497462287e-05,0.0,ml100k,1,composite,ml100k,als,quota_mmr,1
rerank_setup,als,0.3538807000004453,0.34375,0.28125,0.0625,0.9713725557781688,218374144,4,0.0859375,1.5382257130438464e-07,9.834827777796003e-07,0.0,1.1373053490839858e-06,1.5198261028125,10.0,5.011058352491974e-07,0.0,ml100k,1,composite,ml100k,als,quota_mmr,1
retrieve_score,als,0.1936737999994875,0.3125,0.3125,0.0,1.6135378146183268,218374144,15,0.0208333333333333,8.75878336259845e-08,5.384366666678249e-07,0.0,6.260245002938094e-07,1.542687704109375,10.0,2.758314030254555e-07,0.0,ml100k,1,composite,ml100k,als,quota_mmr,1
retrieve_select,als,0.312798400000247,0.3125,0.265625,0.046875,0.9990460309252004,218374144,32,0.009765625,1.3560783125391353e-07,8.693280555563542e-07,0.0,1.0049358868102686e-06,1.5442046257875,10.0,4.427827912156981e-07,0.0,ml100k,1,composite,ml100k,als,quota_mmr,1
rerank,als,0.6093825999996625,0.609375,0.59375,0.015625,0.9999875283612256,218374144,1,0.609375,2.599168510022676e-07,1.6931788888895337e-06,0.0,1.9530957398918e-06,1.54189539290625,10.0,8.605496077622472e-07,0.0,ml100k,1,composite,ml100k,als,quota_mmr,1
train,popularity,0.3042856000001848,0.3125,0.296875,0.015625,1.0269956908897766,218374144,3654,8.552271483305966e-05,1.4050609088551433e-06,9.345948333333986e-06,0.0,1.075100924218913e-05,1.50233319825,10.0,4.736980680182468e-06,0.0,gift_cards,2,composite,gift_cards,popularity,none,2
retrieve_score,popularity,0.3106401000004553,0.3125,0.3125,0.0,1.0059873145789675,218374144,29,0.0107758620689655,1.342509504010793e-07,8.633780555555856e-07,0.0,9.976290059566658e-07,1.5167429655,10.0,4.3956332105655494e-07,0.0,gift_cards,2,composite,gift_cards,popularity,none,2
retrieve_select,popularity,0.3091241000001901,0.3125,0.3125,0.0,1.010920856703854,218374144,131,0.0023854961832061,1.3272548012136578e-07,8.591316666651329e-07,0.0,9.918571467864989e-07,1.5214269671250005,10.0,4.370201937313056e-07,0.0,gift_cards,2,composite,gift_cards,popularity,none,2
train,popularity,0.3075182999991739,0.3125,0.3125,0.0,1.0161996863303402,218374144,3585,8.716875871687587e-05,1.4070152520267225e-06,9.35974138888772e-06,0.0,1.076675664091444e-05,1.5022735096875,10.0,4.74391911004003e-06,0.0,gift_cards,2,composite,gift_cards,popularity,quota_mmr,2
rerank_setup,popularity,0.3101727999992363,0.3125,0.3125,0.0,1.0075029145069117,218374144,635,0.0004921259842519,1.327310144609169e-07,8.620450000004584e-07,0.0,9.947760144613753e-07,1.511632082625,10.0,4.383062701797978e-07,0.0,gift_cards,2,composite,gift_cards,popularity,quota_mmr,2
retrieve_score,popularity,0.3154087000002619,0.3125,0.3125,0.0,0.9907779969282412,218374144,30,0.0104166666666666,1.3539729883753173e-07,8.766672222236602e-07,0.0,1.0120645210611926e-06,1.5175938049687503,10.0,4.459237244957298e-07,0.0,gift_cards,2,composite,gift_cards,popularity,quota_mmr,2
retrieve_select,popularity,0.3041708999999173,0.3125,0.3125,0.0,1.027382961355228,218374144,129,0.002422480620155,1.3017061267263368e-07,8.453900000000031e-07,0.0,9.75560612672636e-07,1.5201448896750005,10.0,4.298398104284647e-07,0.0,gift_cards,2,composite,gift_cards,popularity,quota_mmr,2
rerank,popularity,0.3210167000006549,0.3125,0.3125,0.0,0.9734696045388368,218374144,1,0.3125,1.3700086767594986e-07,8.921655555569591e-07,0.0,1.0291664232329096e-06,1.5211819393125,10.0,4.534589594078056e-07,0.0,gift_cards,2,composite,gift_cards,popularity,quota_mmr,2
train,itemknn,0.3103611000005912,0.3125,0.3125,0.0,1.006891649757024,218374144,160,0.001953125,1.4070971748545656e-06,9.37512138888855e-06,0.0,1.0782218563743116e-05,1.5012764199375002,10.0,4.7507317569337264e-06,0.0,gift_cards,2,composite,gift_cards,itemknn,none,2
retrieve_score,itemknn,0.3125105999997686,0.3125,0.3125,0.0,0.9999660811512678,218374144,29,0.0107758620689655,1.3337048811853078e-07,8.685411111122852e-07,0.0,1.0019115992308156e-06,1.5096400091250002,10.0,4.414502659138912e-07,0.0,gift_cards,2,composite,gift_cards,itemknn,none,2
retrieve_select,itemknn,0.3073445999998512,0.3125,0.3125,0.0,1.0167740054653678,218374144,120,0.0026041666666666,1.324078105363933e-07,8.541847222204527e-07,0.0,9.865925327568456e-07,1.51730770284375,10.0,4.3470056267292826e-07,0.0,gift_cards,2,composite,gift_cards,itemknn,none,2
train,itemknn,0.3062608999998701,0.3125,0.3125,0.0,1.0203718463575744,218374144,164,0.001905487804878,1.4064884049549742e-06,9.359761111111058e-06,0.0,1.0766249516066032e-05,1.5027841522499998,10.0,4.743695666774823e-06,0.0,gift_cards,2,composite,gift_cards,itemknn,quota_mmr,2
rerank_setup,itemknn,0.3084686000001966,0.3125,0.296875,0.015625,1.0130690773706006,218374144,607,0.0005148270181219,1.3244917921097662e-07,8.573027777780832e-07,0.0,9.8975195698906e-07,1.5136824255,10.0,4.360926302650354e-07,0.0,gift_cards,2,composite,gift_cards,itemknn,quota_mmr,2
retrieve_score,itemknn,0.3119604999992589,0.3125,0.3125,0.0,1.001729385613699,218374144,29,0.0107758620689655,1.3315162402357813e-07,8.670119444458481e-07,0.0,1.0001635684694269e-06,1.516853616,10.0,4.406800695761775e-07,0.0,gift_cards,2,composite,gift_cards,itemknn,quota_mmr,2
retrieve_select,itemknn,0.3095443000001978,0.3125,0.3125,0.0,1.009548552500564,218374144,133,0.0023496240601503,1.3213463948558e-07,8.603069444436393e-07,0.0,9.924415839292197e-07,1.5187563303,10.0,4.372777014118854e-07,0.0,gift_cards,2,composite,gift_cards,itemknn,quota_mmr,2
rerank,itemknn,0.354341199999908,0.359375,0.359375,0.0,1.014206081596194,218374144,1,0.359375,1.5187967529833733e-07,9.847572222219651e-07,0.0,1.1366368975203024e-06,1.52129005125,10.0,5.008113101426252e-07,0.0,gift_cards,2,composite,gift_cards,itemknn,quota_mmr,2
train,als,0.6330118000005314,0.625,0.625,0.0,0.9873433638985488,218374144,1,0.625,1.555056848256028e-06,1.0344442500000798e-05,0.0,1.1899499348256826e-05,1.5036708710625,10.0,5.243014608836743e-06,0.0,gift_cards,2,composite,gift_cards,als,none,2
retrieve_score,als,0.2590349000001879,0.375,0.34375,0.03125,1.447681374207599,218374144,23,0.0163043478260869,1.1673394187836582e-07,7.200094444442585e-07,0.0,8.367433863226243e-07,1.538989951875,10.0,3.6867582996083844e-07,0.0,gift_cards,2,composite,gift_cards,als,none,2
retrieve_select,als,0.2991885000001275,0.3125,0.3125,0.0,1.0444920175737598,218374144,118,0.0026483050847457,1.2805800807221932e-07,8.315372222215145e-07,0.0,9.595952302937332e-07,1.5368297710312502,10.0,4.228053352292613e-07,0.0,gift_cards,2,composite,gift_cards,als,none,2
train,als,0.6336688000001232,0.625,0.625,0.0,0.9863196673086612,218374144,1,0.625,1.5478815032523787e-06,1.028868944444336e-05,0.0,1.1836570947695738e-05,1.50309299175,10.0,5.215287852122324e-06,0.0,gift_cards,2,composite,gift_cards,als,quota_mmr,2
rerank_setup,als,0.2992548000001989,0.3125,0.3125,0.0,1.0442606100212672,218374144,603,0.0005182421227197,1.2813422796579298e-07,8.317202777789126e-07,0.0,9.598545057447058e-07,1.512178404,10.0,4.229195740671637e-07,0.0,gift_cards,2,composite,gift_cards,als,quota_mmr,2
retrieve_score,als,0.2225640999995448,0.3125,0.3125,0.0,1.404089877930174,218374144,20,0.015625,9.845537388407009e-08,6.187902777785182e-07,0.0,7.172456516625875e-07,1.5284905721250002,10.0,3.160241720877493e-07,0.0,gift_cards,2,composite,gift_cards,als,quota_mmr,2
retrieve_select,als,0.3049465999993117,0.3125,0.3125,0.0,1.0247695826112024,218374144,121,0.0025826446280991,1.3051256070565374e-07,8.475627777771579e-07,0.0,9.780753384828125e-07,1.5288623034000002,10.0,4.30947818738235e-07,0.0,gift_cards,2,composite,gift_cards,als,quota_mmr,2
rerank,als,0.4054869999999937,0.40625,0.40625,0.0,1.0018816879456216,218374144,1,0.40625,1.747898704048355e-07,1.1267994444450684e-06,0.0,1.3015893148499048e-06,1.5313459515000003,10.0,5.734906648373866e-07,0.0,gift_cards,2,composite,gift_cards,als,quota_mmr,2
train,popularity,0.3104131000000052,0.3125,0.3125,0.0,1.0067229765753918,218374144,2011,0.0001553953257086,1.408856210901515e-06,9.386903888887191e-06,0.0,1.0795760099788707e-05,1.5016266825,10.0,4.756698266047703e-06,0.0,ml100k,2,composite,ml100k,popularity,none,2
retrieve_score,popularity,0.3175160999999207,0.3125,0.28125,0.03125,0.9842020609351086,218374144,27,0.011574074074074,1.3630425508354238e-07,8.82445833334107e-07,0.0,1.0187500884176487e-06,1.5129107790000005,10.0,4.488694389575237e-07,0.0,ml100k,2,composite,ml100k,popularity,none,2
retrieve_select,popularity,0.3103273999995508,0.3125,0.296875,0.015625,1.007000993146117,218374144,32,0.009765625,1.3409806851031818e-07,8.625319444440219e-07,0.0,9.966300129543393e-07,1.5210737092500002,10.0,4.391231567477856e-07,0.0,ml100k,2,composite,ml100k,popularity,none,2
train,popularity,0.3030320999996547,0.3125,0.3125,0.0,1.0312438847249386,218374144,1986,0.0001573514602215,1.403464831738248e-06,9.35102888888903e-06,0.0,1.075449372062728e-05,1.50334598175,10.0,4.738515969258144e-06,0.0,ml100k,2,composite,ml100k,popularity,quota_mmr,2
rerank_setup,popularity,0.3484062000006815,0.34375,0.28125,0.0625,0.9866357142878844,218374144,4,0.0859375,1.5033021325303445e-07,9.682711111130025e-07,0.0,1.1186013243660367e-06,1.5168187185,10.0,4.928646923262705e-07,0.0,ml100k,2,composite,ml100k,popularity,quota_mmr,2
retrieve_score,popularity,0.3097211999993305,0.3125,0.3125,0.0,1.0089719399275072,218374144,26,0.0120192307692307,1.3434455186185e-07,8.60795555553926e-07,0.0,9.95140107415778e-07,1.525426942875,10.0,4.384666924482507e-07,0.0,ml100k,2,composite,ml100k,popularity,quota_mmr,2
retrieve_select,popularity,0.3063918999996531,0.3125,0.25,0.0625,1.019935579238073,218374144,31,0.0100806451612903,1.3290589525884305e-07,8.515377777788065e-07,0.0,9.844436730376495e-07,1.5305918775,10.0,4.337537578897724e-07,0.0,ml100k,2,composite,ml100k,popularity,quota_mmr,2
rerank,popularity,0.4960719000000608,0.5,0.5,0.0,1.0079184086015327,218374144,1,0.5,2.136327785336721e-07,1.3784477777764762e-06,0.0,1.5920805563101485e-06,1.53278726325,10.0,7.01483429754702e-07,0.0,ml100k,2,composite,ml100k,popularity,quota_mmr,2
train,itemknn,0.385380100000475,0.375,0.34375,0.03125,0.9730652931989424,218374144,2,0.1875,1.432703717012016e-06,9.530409999999594e-06,0.0,1.096311371701161e-05,1.5055132093125,10.0,4.830435608625052e-06,0.0,ml100k,2,composite,ml100k,itemknn,none,2
retrieve_score,itemknn,0.3341159999999945,0.328125,0.3125,0.015625,0.9820691017491092,218374144,12,0.02734375,1.5349670403402764e-07,9.286886111112836e-07,0.0,1.0821853151453117e-06,1.5515914728749998,10.0,4.768195073355453e-07,0.0,ml100k,2,composite,ml100k,itemknn,none,2
retrieve_select,itemknn,0.3060017999996489,0.3125,0.265625,0.046875,1.021235822796985,218374144,32,0.009765625,1.3394055745468766e-07,8.504613888893192e-07,0.0,9.844019463440075e-07,1.55498408503125,10.0,4.337353727747401e-07,0.0,ml100k,2,composite,ml100k,itemknn,none,2
train,itemknn,0.3847621000004437,0.390625,0.359375,0.03125,1.0152377274153288,218374144,2,0.1953125,1.441626075958885e-06,9.590230000000903e-06,0.0,1.1031856075959788e-05,1.5028198395000003,10.0,4.860724041916491e-06,0.0,ml100k,2,composite,ml100k,itemknn,quota_mmr,2
rerank_setup,itemknn,0.3680615999992369,0.375,0.328125,0.046875,1.0188511923025316,218374144,4,0.09375,1.746951249016061e-07,1.0228736111103998e-06,0.0,1.197568736012006e-06,1.5680574555000002,10.0,5.276583656367779e-07,0.0,ml100k,2,composite,ml100k,itemknn,quota_mmr,2
retrieve_score,itemknn,0.3223723999999492,0.328125,0.3125,0.015625,1.0178445797470617,218374144,11,0.0298295454545454,1.5301368843105144e-07,8.961236111114585e-07,0.0,1.04913729954251e-06,1.5994706527500002,10.0,4.622582872768263e-07,0.0,ml100k,2,composite,ml100k,itemknn,quota_mmr,2
retrieve_select,itemknn,0.3087485999994896,0.3125,0.21875,0.09375,1.012150338497135,218374144,32,0.009765625,1.3646101642847598e-07,8.582205555537967e-07,0.0,9.94681571982273e-07,1.5955868229,10.0,4.382646580679651e-07,0.0,ml100k,2,composite,ml100k,itemknn,quota_mmr,2
rerank,itemknn,0.5293885999999475,0.53125,0.484375,0.046875,1.0035161316281702,219115520,1,0.53125,2.2573924631701338e-07,1.470994444444942e-06,0.0,1.6967336907619555e-06,1.5844857360000002,10.0,7.475944380192435e-07,0.0,ml100k,2,composite,ml100k,itemknn,quota_mmr,2
train,als,4.711488799999643,5.828125,4.984375,0.84375,1.237002834433235,219127808,1,5.828125,3.249242113778854e-06,2.162953166666739e-05,0.0,2.4878773780446243e-05,1.50376964465625,10.0,1.0961786757854858e-05,0.0,ml100k,2,composite,ml100k,als,none,2
retrieve_score,als,0.2974019000002954,0.40625,0.28125,0.125,1.3659966530126286,219127808,23,0.0176630434782608,1.304411864152458e-07,8.266097222202821e-07,0.0,9.57050908635527e-07,1.5250140459375003,10.0,4.216842867520819e-07,0.0,ml100k,2,composite,ml100k,als,none,2
retrieve_select,als,0.3207733999997799,0.3125,0.28125,0.03125,0.9742079611346028,219127808,33,0.0094696969696969,1.3763913924112186e-07,8.915002777762827e-07,0.0,1.029139417017403e-06,1.5274388508281251,10.0,4.534470602532042e-07,0.0,ml100k,2,composite,ml100k,als,none,2
train,als,4.729946899999959,5.59375,5.09375,0.5,1.182624270052598,219127808,1,5.59375,3.2558862850611957e-06,2.1671118055554773e-05,0.0,2.4927004340615968e-05,1.5029455177500002,10.0,1.098303752851012e-05,0.0,ml100k,2,composite,ml100k,als,quota_mmr,2
rerank_setup,als,0.35302950000004785,0.34375,0.28125,0.0625,0.9737146612392262,219127808,4,0.0859375,1.5188027545674886e-07,9.811355555560408e-07,0.0,1.1330158310127914e-06,1.5148484745000002,10.0,4.992158392708843e-07,0.0,ml100k,2,composite,ml100k,als,quota_mmr,2
retrieve_score,als,0.19099999999980355,0.3125,0.3125,0.0,1.6361256544519447,219127808,15,0.020833333333333332,8.6414692967274e-08,5.310061111105009e-07,0.0,6.174208040777753e-07,1.5389544828750001,10.0,2.720405456430997e-07,0.0,ml100k,2,composite,ml100k,als,quota_mmr,2
retrieve_select,als,0.31491490000007616,0.3125,0.265625,0.046875,0.9923315791025589,219127808,32,0.009765625,1.383230029318487e-07,8.752269444433616e-07,0.0,1.0135499473752116e-06,1.5453872511,10.0,4.4657821521309777e-07,0.0,ml100k,2,composite,ml100k,als,quota_mmr,2
rerank,als,0.6336356000001615,0.640625,0.625,0.015625,1.0110306302231704,219127808,1,0.640625,2.7060919098378524e-07,1.7605483333328376e-06,0.0,2.031157524316624e-06,1.5432364432499999,10.0,8.949442544740991e-07,0.0,ml100k,2,composite,ml100k,als,quota_mmr,2
