dataset,family,reranker,n_users,n_candidates,k,cpu_train,wall_train,cpu_rerank_setup,wall_rerank_setup,cpu_retrieve_score,wall_retrieve_score,cpu_retrieve_select,wall_retrieve_select,cpu_rerank,wall_rerank,cpu_once,cpu_per_request,ndcg,ndcg_vs_retrieval,recall,exposure_parity,catalogue_coverage,gini,candidate_hit_rate,note.seed,note.lam,note.mu,note.n_candidates_requested,note.n_candidates_capped_by,repeat,status,error,below_quantum,n_items,n_train_users,density,trustworthy,busy_pct_at_start,intra_list_similarity
gift_cards,popularity,none,200,126,10,8.452799567216662e-05,0.3089327999996385,0.0,0.0,0.0104166666666666,0.3195165999995879,0.0032552083333333,0.3004431999997905,0.0,0.0,8.452799567216662e-05,6.8359375e-05,0.0582075728513028,1.0,0.12,1.5,0.1224489795918367,0.9208979591836736,0.895,0,0.3,1.0,200.0,user history in a small catalogue,0,ok,,,147,456,0.037265783506385,True,0.8,
gift_cards,popularity,quota_mmr,200,126,10,8.423180592991914e-05,0.3111261999993076,0.0005081300813008,0.310176599999977,0.0107758620689655,0.3100426999999399,0.0034340659340659,0.3094098000001395,0.359375,0.3645993999998609,0.0005923618872307,0.0018679246400151,0.0525431886506087,0.6338874043509347,0.1,0.2989999999999999,0.4013605442176871,0.8876326530612245,0.895,0,0.3,1.0,200.0,user history in a small catalogue,0,ok,,,147,456,0.037265783506385,True,0.8,0.0081977785560779
gift_cards,itemknn,none,200,126,10,0.0019171779141104,0.3174654999993436,0.0,0.0,0.0111607142857142,0.318645600000309,0.0025201612903225,0.2998689999994894,0.0,0.0,0.0019171779141104,6.840437788018433e-05,0.1344178704564845,1.0,0.3,1.3625,0.5034013605442177,0.8134353741496598,0.955,0,0.3,1.0,200.0,user history in a small catalogue,0,ok,,,147,456,0.037265783506385,True,0.8,
gift_cards,itemknn,quota_mmr,200,126,10,0.001929012345679,0.3062467999998262,0.0005287648054145,0.3097269999998389,0.0120192307692307,0.312469599999531,0.0026041666666666,0.3055510000003778,0.390625,0.3981188000007023,0.0024577771510935,0.0020262419871794,0.1029973765073384,0.7178268183723898,0.21,0.2679999999999999,0.9931972789115646,0.3800204081632653,0.955,0,0.3,1.0,200.0,user history in a small catalogue,0,ok,,,147,456,0.037265783506385,True,0.8,0.0107285743801339
gift_cards,als,none,200,126,10,0.71875,0.6385560999997324,0.0,0.0,0.0120192307692307,0.3031500999995842,0.0024801587301587,0.3082120999997642,0.0,0.0,0.71875,7.24969474969475e-05,0.0539461693592054,1.0,0.13,0.489,0.979591836734694,0.2441904761904761,0.895,0,0.3,1.0,200.0,user history in a small catalogue,0,ok,,,147,456,0.037265783506385,True,0.8,
gift_cards,als,quota_mmr,200,126,10,0.625,0.6319407000000865,0.0005530973451327,0.2991901000004873,0.0125,0.3180205000007845,0.0026041666666666,0.3024641999991218,0.4375,0.439013100000011,0.6255530973451328,0.0022630208333333,0.0463336727222359,0.977574535492976,0.105,0.2575,0.9727891156462584,0.2671496598639455,0.895,0,0.3,1.0,200.0,user history in a small catalogue,0,ok,,,147,456,0.037265783506385,True,0.8,0.0027882832663778
ml100k,popularity,none,200,200,10,0.0001611655492521,0.3105040000000372,0.0,0.0,0.011574074074074,0.3172610000001441,0.0107758620689655,0.3072761000003083,0.0,0.0,0.0001611655492521,0.0001117496807151,0.0527225807997784,1.0,0.11,1.2005,0.0385470719051149,0.98322090437361,0.5,0,0.3,1.0,,,0,ok,,,1349,943,0.0773079623019132,True,0.8,
ml100k,popularity,quota_mmr,200,200,10,0.0001594387755102,0.307991700000457,0.0859375,0.3533938999999009,0.011574074074074,0.3150746999999683,0.0100806451612903,0.3159328000001551,0.515625,0.5141297000000122,0.0860969387755102,0.0026863985961768,0.0540958789247394,0.890318438440483,0.11,0.2569999999999999,0.0630096367679762,0.9818094885100074,0.5,0,0.3,1.0,,,0,ok,,,1349,943,0.0773079623019132,True,0.8,0.3366924554619564
ml100k,itemknn,none,200,200,10,0.1953125,0.3992814999992333,0.0,0.0,0.0260416666666666,0.3149353999997402,0.0100806451612903,0.3096193999999741,0.0,0.0,0.1953125,0.0001806115591397,0.0471215195017992,1.0,0.1,1.1535000000000002,0.1022979985174203,0.9595700518902892,0.665,0,0.3,1.0,,,0,ok,,,1349,943,0.0773079623019132,True,0.8,
ml100k,itemknn,quota_mmr,200,200,10,0.1953125,0.3864383000000089,0.08984375,0.3577766000007614,0.0260416666666666,0.3136897000003955,0.009765625,0.3176761000004262,0.546875,0.5462853999997606,0.28515625,0.0029134114583333,0.0559431443157919,0.8735837388024233,0.115,0.2455,0.1408450704225352,0.9442512972572276,0.665,0,0.3,1.0,,,0,ok,,,1349,943,0.0773079623019132,True,0.8,0.3429401468984449
ml100k,als,none,200,200,10,5.875,4.724536499999886,0.0,0.0,0.01953125,0.206710400000702,0.0100806451612903,0.3068361999994522,0.0,0.0,5.875,0.0001480594758064,0.0702686881516989,1.0,0.165,0.8225,0.4225352112676056,0.776581171237954,0.66,0,0.3,1.0,,,0,ok,,,1349,943,0.0773079623019132,True,0.8,
ml100k,als,quota_mmr,200,200,10,5.96875,4.97548260000076,0.0859375,0.3547295999997004,0.0125,0.3204623000001447,0.0100806451612903,0.3071570000001884,0.65625,0.6602916000001642,6.0546875,0.0033941532258064,0.0470996768572103,0.9387455491481111,0.095,0.2619999999999999,0.507783543365456,0.7108080059303188,0.66,0,0.3,1.0,,,0,ok,,,1349,943,0.0773079623019132,True,0.8,0.1183265571702111
gift_cards,popularity,none,200,120,10,8.731489242805253e-05,0.2991012000002229,0.0,0.0,0.0104166666666666,0.3197829000000638,0.0022644927536231,0.3013319000001502,0.0,0.0,8.731489242805253e-05,6.340579710144927e-05,0.062567318844249,1.0,0.125,1.5,0.1224489795918367,0.9206462585034012,0.88,1,0.3,1.0,200.0,user history in a small catalogue,1,ok,,,147,456,0.037265783506385,True,0.8,
gift_cards,popularity,quota_mmr,200,120,10,8.351149118118654e-05,0.3106952999996792,0.0004968203497615,0.3104676000002655,0.011574074074074,0.3098695999997289,0.0022644927536231,0.3098076999995101,0.328125,0.3313473000007434,0.0005803318409427,0.0017098178341384,0.0445852820964069,0.6348866101460693,0.08,0.2994999999999999,0.3877551020408163,0.8930136054421769,0.88,1,0.3,1.0,200.0,user history in a small catalogue,1,ok,,,147,456,0.037265783506385,True,0.8,0.0082999015366718
gift_cards,itemknn,none,200,120,10,0.0019654088050314,0.3050348000006124,0.0,0.0,0.0107758620689655,0.3184517999998206,0.00244140625,0.3000185999999303,0.0,0.0,0.0019654088050314,6.60863415948276e-05,0.1622287261512268,1.0,0.355,1.389,0.4829931972789115,0.8228979591836735,0.95,1,0.3,1.0,200.0,user history in a small catalogue,1,ok,,,147,456,0.037265783506385,True,0.8,
gift_cards,itemknn,quota_mmr,200,120,10,0.0019654088050314,0.3024296000003232,0.0005073051948051,0.3087332000004608,0.0107758620689655,0.3158370000001014,0.0023854961832061,0.30417369999941,0.359375,0.3623599000002286,0.0024727139998366,0.0018626817912608,0.1123241503367844,0.7129131282517046,0.205,0.2669999999999999,0.979591836734694,0.3789047619047619,0.95,1,0.3,1.0,200.0,user history in a small catalogue,1,ok,,,147,456,0.037265783506385,True,0.8,0.0106884993502735
gift_cards,als,none,200,120,10,0.625,0.6294186999994054,0.0,0.0,0.0111607142857142,0.3096358999991935,0.002422480620155,0.3046642999997857,0.0,0.0,0.625,6.791597452934661e-05,0.0592535889351285,1.0,0.135,0.4955,0.9727891156462584,0.2395646258503401,0.86,1,0.3,1.0,200.0,user history in a small catalogue,1,ok,,,147,456,0.037265783506385,True,0.8,
gift_cards,als,quota_mmr,200,120,10,0.65625,0.6346292999996876,0.0005032206119162,0.3080288000001019,0.0111607142857142,0.3101640000004408,0.002422480620155,0.3076916999998502,0.390625,0.3984057999996366,0.6567532206119162,0.0020210409745293,0.0545606280994651,0.976493176764339,0.12,0.2609999999999999,0.979591836734694,0.2583401360544217,0.86,1,0.3,1.0,200.0,user history in a small catalogue,1,ok,,,147,456,0.037265783506385,True,0.8,0.0027553633706264
ml100k,popularity,none,200,200,10,0.0001536381514257,0.3084518999994543,0.0,0.0,0.011574074074074,0.3160308000005898,0.0100806451612903,0.3092790999999124,0.0,0.0,0.0001536381514257,0.0001082735961768,0.0425863760254837,1.0,0.1,1.1855000000000002,0.0496664195700518,0.9822001482579688,0.45,1,0.3,1.0,,,1,ok,,,1349,943,0.0773079623019132,True,0.8,
ml100k,popularity,quota_mmr,200,200,10,0.0001597648261758,0.3018607000003612,0.0859375,0.3527268999996522,0.011574074074074,0.3158333000001221,0.009765625,0.3120484999999462,0.515625,0.5133367999997063,0.0860972648261758,0.0026848234953703,0.0344687751150091,0.8896607804713196,0.075,0.254,0.0770941438102298,0.980452928094885,0.45,1,0.3,1.0,,,1,ok,,,1349,943,0.0773079623019132,True,0.8,0.3350398337427952
ml100k,itemknn,none,200,200,10,0.1953125,0.3832791999993787,0.0,0.0,0.02734375,0.3200070000002597,0.0094696969696969,0.3130014000007577,0.0,0.0,0.1953125,0.0001840672348484,0.0371478685516871,1.0,0.065,1.1425,0.0971089696071163,0.9589933283914012,0.57,1,0.3,1.0,,,1,ok,,,1349,943,0.0773079623019132,True,0.8,
ml100k,itemknn,quota_mmr,200,200,10,0.1875,0.3821955999992497,0.08984375,0.3483384000001024,0.02734375,0.3260349000001952,0.0100806451612903,0.3114457000001494,0.578125,0.6140720000003057,0.27734375,0.0030777469758064,0.0430233967482852,0.875516395946475,0.075,0.2465,0.1334321719792439,0.9453773165307636,0.57,1,0.3,1.0,,,1,ok,,,1349,943,0.0773079623019132,True,0.8,0.3471793711951239
ml100k,als,none,200,200,10,5.875,4.729146000000583,0.0,0.0,0.0130208333333333,0.3103988000002573,0.0100806451612903,0.3025834000000031,0.0,0.0,5.875,0.0001155073924731,0.0473213788017443,1.0,0.105,0.8305000000000001,0.4277242401779095,0.7726167531504818,0.63,1,0.3,1.0,,,1,ok,,,1349,943,0.0773079623019132,True,0.8,
ml100k,als,quota_mmr,200,200,10,5.828125,4.7401990999997,0.0859375,0.3538807000004453,0.0208333333333333,0.1936737999994875,0.009765625,0.312798400000247,0.609375,0.6093825999996625,5.9140625,0.0031998697916666,0.054368251432244,0.9389865097534555,0.115,0.26,0.5003706449221645,0.7126923647146034,0.63,1,0.3,1.0,,,1,ok,,,1349,943,0.0773079623019132,True,0.8,0.1235106814762031
gift_cards,popularity,none,200,120,10,8.552271483305966e-05,0.3042856000001848,0.0,0.0,0.0107758620689655,0.3106401000004553,0.0023854961832061,0.3091241000001901,0.0,0.0,8.552271483305966e-05,6.580679126085813e-05,0.0767168176337863,1.0,0.145,1.5,0.1224489795918367,0.9207414965986396,0.89,2,0.3,1.0,200.0,user history in a small catalogue,2,ok,,,147,456,0.037265783506385,True,0.8,
gift_cards,popularity,quota_mmr,200,120,10,8.716875871687587e-05,0.3075182999991739,0.0004921259842519,0.3101727999992363,0.0104166666666666,0.3154087000002619,0.002422480620155,0.3041708999999173,0.3125,0.3210167000006549,0.0005792947429688,0.0016266957364341,0.0586163516459067,0.6343716093712137,0.09,0.2999999999999999,0.3945578231292517,0.8905646258503401,0.89,2,0.3,1.0,200.0,user history in a small catalogue,2,ok,,,147,456,0.037265783506385,True,0.8,0.0081606508737808
gift_cards,itemknn,none,200,120,10,0.001953125,0.3103611000005912,0.0,0.0,0.0107758620689655,0.3125105999997686,0.0026041666666666,0.3073445999998512,0.0,0.0,0.001953125,6.690014367816092e-05,0.1828718450631722,1.0,0.38,1.3595,0.4693877551020408,0.8079455782312925,0.955,2,0.3,1.0,200.0,user history in a small catalogue,2,ok,,,147,456,0.037265783506385,True,0.8,
gift_cards,itemknn,quota_mmr,200,120,10,0.001905487804878,0.3062608999998701,0.0005148270181219,0.3084686000001966,0.0107758620689655,0.3119604999992589,0.0023496240601503,0.3095443000001978,0.359375,0.354341199999908,0.0024203148229999,0.0018625024306455,0.1094827004641504,0.7213779787348169,0.185,0.2649999999999999,0.9863945578231292,0.3870816326530612,0.955,2,0.3,1.0,200.0,user history in a small catalogue,2,ok,,,147,456,0.037265783506385,True,0.8,0.0107994910955232
gift_cards,als,none,200,120,10,0.625,0.6330118000005314,0.0,0.0,0.0163043478260869,0.2590349000001879,0.0026483050847457,0.2991885000001275,0.0,0.0,0.625,9.47632645541636e-05,0.0675971540343156,1.0,0.17,0.4785,0.9931972789115646,0.2315238095238095,0.865,2,0.3,1.0,200.0,user history in a small catalogue,2,ok,,,147,456,0.037265783506385,True,0.8,
gift_cards,als,quota_mmr,200,120,10,0.625,0.6336688000001232,0.0005182421227197,0.2992548000001989,0.015625,0.2225640999995448,0.0025826446280991,0.3049465999993117,0.40625,0.4054869999999937,0.6255182421227198,0.0021222882231404,0.0559763035912838,0.9764236600700656,0.13,0.2615,0.9863945578231292,0.2495374149659864,0.865,2,0.3,1.0,200.0,user history in a small catalogue,2,ok,,,147,456,0.037265783506385,True,0.8,0.0027508230621517
ml100k,popularity,none,200,200,10,0.0001553953257086,0.3104131000000052,0.0,0.0,0.011574074074074,0.3175160999999207,0.009765625,0.3103273999995508,0.0,0.0,0.0001553953257086,0.0001066984953703,0.065523955616762,1.0,0.105,1.1845,0.0555967383246849,0.9817709414381024,0.515,2,0.3,1.0,,,2,ok,,,1349,943,0.0773079623019132,True,0.8,
ml100k,popularity,quota_mmr,200,200,10,0.0001573514602215,0.3030320999996547,0.0859375,0.3484062000006815,0.0120192307692307,0.3097211999993305,0.0100806451612903,0.3063918999996531,0.5,0.4960719000000608,0.0860948514602215,0.0026104993796526,0.0714985578370081,0.8890422102772081,0.12,0.2575,0.0763528539659006,0.979939214232765,0.515,2,0.3,1.0,,,2,ok,,,1349,943,0.0773079623019132,True,0.8,0.3314277116596587
ml100k,itemknn,none,200,200,10,0.1875,0.385380100000475,0.0,0.0,0.02734375,0.3341159999999945,0.009765625,0.3060017999996489,0.0,0.0,0.1875,0.000185546875,0.044833651844888,1.0,0.1,1.1585,0.0941438102297998,0.9594002965159376,0.675,2,0.3,1.0,,,2,ok,,,1349,943,0.0773079623019132,True,0.8,
ml100k,itemknn,quota_mmr,200,200,10,0.1953125,0.3847621000004437,0.09375,0.3680615999992369,0.0298295454545454,0.3223723999999492,0.009765625,0.3087485999994896,0.53125,0.5293885999999475,0.2890625,0.0028542258522727,0.0518486520547339,0.8670877791790933,0.11,0.2475,0.1475166790214974,0.9421986656782804,0.675,2,0.3,1.0,,,2,ok,,,1349,943,0.0773079623019132,True,0.8,0.3420048510533016
ml100k,als,none,200,200,10,5.828125,4.711488799999643,0.0,0.0,0.0176630434782608,0.2974019000002954,0.0094696969696969,0.3207733999997799,0.0,0.0,5.828125,0.0001356637022397,0.0525673064972207,1.0,0.115,0.8280000000000001,0.4114158636026686,0.7842920681986657,0.72,2,0.3,1.0,,,2,ok,,,1349,943,0.0773079623019132,True,0.8,
ml100k,als,quota_mmr,200,200,10,5.59375,4.729946899999959,0.0859375,0.35302950000004785,0.020833333333333332,0.19099999999980355,0.009765625,0.31491490000007616,0.640625,0.6336356000001615,5.6796875,0.003356119791666667,0.04606580217237952,0.9377778839225421,0.095,0.249,0.502594514455152,0.7128843587842847,0.72,2,0.3,1.0,,,2,ok,,,1349,943,0.07730796230191328,True,0.8,0.12008755936001832
