repeat,dataset,config,reference,metric,n_users,median_diff,ci_lo,ci_hi,better,worse,tied,statistic,p_raw,p_holm,significant,repeats_significant,repeats_tested,verdict
1,ml100k,popularity+mmr,itemknn+balanced_quota,exposure_parity,100,0.9000000000000001,0.9000000000000001,1.1,0,100,0,0.0,1.691199949049793e-18,1.3022239607683407e-16,True,3,3,worse on 0/100 decided users
0,ml100k,popularity,itemknn+balanced_quota,exposure_parity,100,1.1,1.1,1.1,0,100,0,0.0,1.6936915829402651e-18,1.304142518864004e-16,True,3,3,worse on 0/100 decided users
0,ml100k,popularity+greedy_topk,itemknn+balanced_quota,exposure_parity,100,1.1,1.1,1.1,0,100,0,0.0,1.6936915829402651e-18,1.304142518864004e-16,True,3,3,worse on 0/100 decided users
0,ml100k,popularity+mmr,itemknn+balanced_quota,exposure_parity,100,0.9000000000000001,0.9000000000000001,1.1,0,100,0,0.0,1.7347486844267583e-18,1.304142518864004e-16,True,3,3,worse on 0/100 decided users
1,ml100k,popularity,itemknn+balanced_quota,exposure_parity,100,1.1,1.1,1.1,0,100,0,0.0,1.80524827604266e-18,1.3719886897924214e-16,True,3,3,worse on 0/100 decided users
1,ml100k,popularity+greedy_topk,itemknn+balanced_quota,exposure_parity,100,1.1,1.1,1.1,0,100,0,0.0,1.80524827604266e-18,1.3719886897924214e-16,True,3,3,worse on 0/100 decided users
0,ml100k,itemknn,itemknn+balanced_quota,exposure_parity,100,0.9000000000000001,0.9000000000000001,1.1,0,100,0,0.0,1.9509466640517582e-18,1.443700531398301e-16,True,3,3,worse on 0/100 decided users
0,ml100k,itemknn+greedy_topk,itemknn+balanced_quota,exposure_parity,100,0.9000000000000001,0.9000000000000001,1.1,0,100,0,0.0,1.9509466640517582e-18,1.443700531398301e-16,True,3,3,worse on 0/100 decided users
0,ml100k,itemknn+mmr,itemknn+balanced_quota,exposure_parity,100,0.9000000000000001,0.9000000000000001,0.9000000000000001,0,100,0,0.0,2.1413937614269996e-18,1.5418035082274397e-16,True,3,3,worse on 0/100 decided users
2,ml100k,popularity,itemknn+balanced_quota,exposure_parity,100,1.1,1.1,1.1,0,100,0,0.0,2.0688261510118516e-18,1.5929961362791257e-16,True,3,3,worse on 0/100 decided users
2,ml100k,popularity+greedy_topk,itemknn+balanced_quota,exposure_parity,100,1.1,1.1,1.1,0,100,0,0.0,2.0688261510118516e-18,1.5929961362791257e-16,True,3,3,worse on 0/100 decided users
2,ml100k,popularity+mmr,itemknn+balanced_quota,exposure_parity,100,0.9000000000000001,0.9000000000000001,1.1,0,100,0,0.0,2.085530675303511e-18,1.5929961362791257e-16,True,3,3,worse on 0/100 decided users
1,ml100k,itemknn,itemknn+balanced_quota,exposure_parity,100,0.9000000000000001,0.9000000000000001,1.1,0,100,0,0.0,2.3170884479211056e-18,1.7146454514616182e-16,True,3,3,worse on 0/100 decided users
1,ml100k,itemknn+greedy_topk,itemknn+balanced_quota,exposure_parity,100,0.9000000000000001,0.9000000000000001,1.1,0,100,0,0.0,2.3170884479211056e-18,1.7146454514616182e-16,True,3,3,worse on 0/100 decided users
2,ml100k,itemknn,itemknn+balanced_quota,exposure_parity,100,0.9000000000000001,0.9000000000000001,0.9000000000000001,0,100,0,0.0,2.3984400853690353e-18,1.7748456631730861e-16,True,3,3,worse on 0/100 decided users
2,ml100k,itemknn+greedy_topk,itemknn+balanced_quota,exposure_parity,100,0.9000000000000001,0.9000000000000001,0.9000000000000001,0,100,0,0.0,2.3984400853690353e-18,1.7748456631730861e-16,True,3,3,worse on 0/100 decided users
2,ml100k,itemknn+mmr,itemknn+balanced_quota,exposure_parity,100,0.9000000000000001,0.8,0.9000000000000001,0,100,0,0.0,2.5350526520104105e-18,1.8252379094474955e-16,True,3,3,worse on 0/100 decided users
1,ml100k,itemknn+mmr,itemknn+balanced_quota,exposure_parity,100,0.9000000000000001,0.7,0.9000000000000001,0,100,0,0.0,2.6112793900947783e-18,1.8801211608682403e-16,True,3,3,worse on 0/100 decided users
1,ml100k,als+mmr,itemknn+balanced_quota,exposure_parity,100,0.6000000000000001,0.49999999999999994,0.7,0,99,1,0.0,4.924676893580007e-18,3.0532996740196045e-16,True,3,3,worse on 0/99 decided users
1,ml100k,als,itemknn+balanced_quota,exposure_parity,100,0.7,0.55,0.7,0,98,2,0.0,6.753365580216347e-18,4.052019348129808e-16,True,3,3,worse on 0/98 decided users
1,ml100k,als+greedy_topk,itemknn+balanced_quota,exposure_parity,100,0.7,0.55,0.7,0,98,2,0.0,6.753365580216347e-18,4.052019348129808e-16,True,3,3,worse on 0/98 decided users
2,ml100k,als,itemknn+balanced_quota,exposure_parity,100,0.65,0.49999999999999994,0.7,0,98,2,0.0,6.809341728688332e-18,4.221791871786766e-16,True,3,3,worse on 0/98 decided users
2,ml100k,als+greedy_topk,itemknn+balanced_quota,exposure_parity,100,0.65,0.49999999999999994,0.7,0,98,2,0.0,6.809341728688332e-18,4.221791871786766e-16,True,3,3,worse on 0/98 decided users
0,ml100k,als,itemknn+balanced_quota,exposure_parity,100,0.65,0.6000000000000001,0.7,0,98,2,0.0,7.131271808511184e-18,4.3500758031918223e-16,True,3,3,worse on 0/98 decided users
0,ml100k,als+greedy_topk,itemknn+balanced_quota,exposure_parity,100,0.65,0.6000000000000001,0.7,0,98,2,0.0,7.131271808511184e-18,4.3500758031918223e-16,True,3,3,worse on 0/98 decided users
0,ml100k,als+mmr,itemknn+balanced_quota,exposure_parity,100,0.6000000000000001,0.49999999999999994,0.7,0,97,3,0.0,1.0493096979806353e-17,6.190927218085748e-16,True,3,3,worse on 0/97 decided users
2,ml100k,als+mmr,itemknn+balanced_quota,exposure_parity,100,0.6000000000000001,0.49999999999999994,0.7,0,97,3,0.0,1.034192684861138e-17,6.205156109166828e-16,True,3,3,worse on 0/97 decided users
1,ml100k,als+quota_mmr,itemknn+balanced_quota,exposure_parity,100,0.09999999999999998,0.0,0.09999999999999998,0,56,44,0.0,7.247101964362887e-14,4.0583771000432164e-12,True,3,3,worse on 0/56 decided users
0,ml100k,als+quota_mmr,itemknn+balanced_quota,exposure_parity,100,0.09999999999999998,0.0,0.09999999999999998,0,53,47,0.0,3.3354836640578655e-13,1.8678708518724045e-11,True,3,3,worse on 0/53 decided users
2,ml100k,itemknn+quota_mmr,itemknn+balanced_quota,exposure_parity,100,0.09999999999999998,0.0,0.09999999999999998,0,51,49,0.0,9.236596617174025e-13,5.172494105617454e-11,True,3,3,worse on 0/51 decided users
0,ml100k,itemknn+quota_mmr,itemknn+balanced_quota,exposure_parity,100,0.04999999999999999,0.0,0.09999999999999998,0,50,50,0.0,1.5374597944280347e-12,8.456028869354191e-11,True,3,3,worse on 0/50 decided users
0,ml100k,popularity+quota_mmr,itemknn+balanced_quota,exposure_parity,100,0.0,0.0,0.09999999999999998,0,49,51,0.0,2.55962508777167e-12,1.3821975473967017e-10,True,3,3,worse on 0/49 decided users
1,ml100k,itemknn+quota_mmr,itemknn+balanced_quota,exposure_parity,100,0.0,0.0,0.09999999999999998,0,49,51,0.0,2.55962508777167e-12,1.4077937982744183e-10,True,3,3,worse on 0/49 decided users
2,ml100k,als+quota_mmr,itemknn+balanced_quota,exposure_parity,100,0.0,0.0,0.09999999999999998,0,49,51,0.0,2.55962508777167e-12,1.4077937982744183e-10,True,3,3,worse on 0/49 decided users
1,ml100k,popularity+quota_mmr,itemknn+balanced_quota,exposure_parity,100,0.0,0.0,0.0,0,40,60,0.0,2.5396285894708567e-10,1.3713994383142626e-08,True,3,3,worse on 0/40 decided users
2,ml100k,popularity+quota_mmr,itemknn+balanced_quota,exposure_parity,100,0.0,0.0,0.0,0,37,63,0.0,1.1812924646610637e-09,6.378979309169744e-08,True,3,3,worse on 0/37 decided users
0,ml100k,als+balanced_quota,itemknn+balanced_quota,exposure_parity,100,0.0,0.0,0.0,0,0,100,,1.0,1.0,False,0,3,no detectable difference
0,ml100k,als+qubo_feasible,itemknn+balanced_quota,exposure_parity,100,0.0,0.0,0.0,0,0,100,,1.0,1.0,False,0,3,no detectable difference
0,ml100k,als+qubo_tabu,itemknn+balanced_quota,exposure_parity,100,0.0,0.0,0.0,0,0,100,,1.0,1.0,False,0,3,no detectable difference
0,ml100k,itemknn+qubo_feasible,itemknn+balanced_quota,exposure_parity,100,0.0,0.0,0.0,0,0,100,,1.0,1.0,False,0,3,no detectable difference
0,ml100k,itemknn+qubo_tabu,itemknn+balanced_quota,exposure_parity,100,0.0,0.0,0.0,0,0,100,,1.0,1.0,False,0,3,no detectable difference
0,ml100k,popularity+balanced_quota,itemknn+balanced_quota,exposure_parity,100,0.0,0.0,0.0,0,0,100,,1.0,1.0,False,0,3,no detectable difference
0,ml100k,popularity+qubo_feasible,itemknn+balanced_quota,exposure_parity,100,0.0,0.0,0.0,0,0,100,,1.0,1.0,False,0,3,no detectable difference
0,ml100k,popularity+qubo_tabu,itemknn+balanced_quota,exposure_parity,100,0.0,0.0,0.0,0,0,100,,1.0,1.0,False,0,3,no detectable difference
1,ml100k,als+balanced_quota,itemknn+balanced_quota,exposure_parity,100,0.0,0.0,0.0,0,0,100,,1.0,1.0,False,0,3,no detectable difference
1,ml100k,als+qubo_feasible,itemknn+balanced_quota,exposure_parity,100,0.0,0.0,0.0,0,0,100,,1.0,1.0,False,0,3,no detectable difference
1,ml100k,als+qubo_tabu,itemknn+balanced_quota,exposure_parity,100,0.0,0.0,0.0,0,0,100,,1.0,1.0,False,0,3,no detectable difference
1,ml100k,itemknn+qubo_feasible,itemknn+balanced_quota,exposure_parity,100,0.0,0.0,0.0,0,0,100,,1.0,1.0,False,0,3,no detectable difference
1,ml100k,itemknn+qubo_tabu,itemknn+balanced_quota,exposure_parity,100,0.0,0.0,0.0,0,0,100,,1.0,1.0,False,0,3,no detectable difference
1,ml100k,popularity+balanced_quota,itemknn+balanced_quota,exposure_parity,100,0.0,0.0,0.0,0,0,100,,1.0,1.0,False,0,3,no detectable difference
1,ml100k,popularity+qubo_feasible,itemknn+balanced_quota,exposure_parity,100,0.0,0.0,0.0,0,0,100,,1.0,1.0,False,0,3,no detectable difference
1,ml100k,popularity+qubo_tabu,itemknn+balanced_quota,exposure_parity,100,0.0,0.0,0.0,0,0,100,,1.0,1.0,False,0,3,no detectable difference
2,ml100k,als+balanced_quota,itemknn+balanced_quota,exposure_parity,100,0.0,0.0,0.0,0,0,100,,1.0,1.0,False,0,3,no detectable difference
2,ml100k,als+qubo_feasible,itemknn+balanced_quota,exposure_parity,100,0.0,0.0,0.0,0,0,100,,1.0,1.0,False,0,3,no detectable difference
2,ml100k,als+qubo_tabu,itemknn+balanced_quota,exposure_parity,100,0.0,0.0,0.0,0,0,100,,1.0,1.0,False,0,3,no detectable difference
2,ml100k,itemknn+qubo_feasible,itemknn+balanced_quota,exposure_parity,100,0.0,0.0,0.0,0,0,100,,1.0,1.0,False,0,3,no detectable difference
2,ml100k,itemknn+qubo_tabu,itemknn+balanced_quota,exposure_parity,100,0.0,0.0,0.0,0,0,100,,1.0,1.0,False,0,3,no detectable difference
2,ml100k,popularity+balanced_quota,itemknn+balanced_quota,exposure_parity,100,0.0,0.0,0.0,0,0,100,,1.0,1.0,False,0,3,no detectable difference
2,ml100k,popularity+qubo_feasible,itemknn+balanced_quota,exposure_parity,100,0.0,0.0,0.0,0,0,100,,1.0,1.0,False,0,3,no detectable difference
2,ml100k,popularity+qubo_tabu,itemknn+balanced_quota,exposure_parity,100,0.0,0.0,0.0,0,0,100,,1.0,1.0,False,0,3,no detectable difference
0,ml100k,als+balanced_quota,itemknn+balanced_quota,intra_list_similarity,100,-0.2104538261125269,-0.23055798685316567,-0.19598226150267442,100,0,0,0.0,3.8965598450959084e-18,2.766557490018095e-16,True,3,3,better on 100/100 decided users
0,ml100k,als+greedy_topk,itemknn+balanced_quota,intra_list_similarity,100,-0.15308053004904093,-0.1783377011100703,-0.13143583745515158,99,1,0,2.0,4.139373908714419e-18,2.766557490018095e-16,True,3,3,better on 99/100 decided users
0,ml100k,als+mmr,itemknn+balanced_quota,intra_list_similarity,100,-0.2014105843966032,-0.2256080402973823,-0.17868000912305063,100,0,0,0.0,3.8965598450959084e-18,2.766557490018095e-16,True,3,3,better on 100/100 decided users
0,ml100k,als+qubo_feasible,itemknn+balanced_quota,intra_list_similarity,100,-0.2871421721823709,-0.308454509074023,-0.27341308074123016,100,0,0,0.0,3.8965598450959084e-18,2.766557490018095e-16,True,3,3,better on 100/100 decided users
0,ml100k,als+qubo_tabu,itemknn+balanced_quota,intra_list_similarity,100,-0.2958279348139864,-0.3091961220692328,-0.2778191684835486,100,0,0,0.0,3.8965598450959084e-18,2.766557490018095e-16,True,3,3,better on 100/100 decided users
0,ml100k,als+quota_mmr,itemknn+balanced_quota,intra_list_similarity,100,-0.2090854586963562,-0.23020664724136272,-0.20091578660600148,100,0,0,0.0,3.8965598450959084e-18,2.766557490018095e-16,True,3,3,better on 100/100 decided users
0,ml100k,itemknn+greedy_topk,itemknn+balanced_quota,intra_list_similarity,100,0.06907864854612239,0.059462626983553146,0.08108489055351115,0,100,0,0.0,3.8965598450959084e-18,2.766557490018095e-16,True,3,3,worse on 0/100 decided users
0,ml100k,itemknn+mmr,itemknn+balanced_quota,intra_list_similarity,100,0.05508564704669966,0.04624255148117538,0.06257769328287971,0,100,0,0.0,3.8965598450959084e-18,2.766557490018095e-16,True,3,3,worse on 0/100 decided users
0,ml100k,itemknn+qubo_feasible,itemknn+balanced_quota,intra_list_similarity,100,-0.0898854170368899,-0.09765432527289625,-0.08082616768208944,100,0,0,0.0,3.8965598450959084e-18,2.766557490018095e-16,True,3,3,better on 100/100 decided users
0,ml100k,itemknn+qubo_tabu,itemknn+balanced_quota,intra_list_similarity,100,-0.0820244209171154,-0.09350750733802779,-0.07244987358431629,100,0,0,0.0,3.8965598450959084e-18,2.766557490018095e-16,True,3,3,better on 100/100 decided users
1,ml100k,als+balanced_quota,itemknn+balanced_quota,intra_list_similarity,100,-0.2348472455591847,-0.2485489698787026,-0.2171033715195551,100,0,0,0.0,3.8965598450959084e-18,2.766557490018095e-16,True,3,3,better on 100/100 decided users
1,ml100k,als+mmr,itemknn+balanced_quota,intra_list_similarity,100,-0.22346727978716807,-0.24155498070038395,-0.1982176706066565,99,1,0,1.0,4.0161556854627e-18,2.766557490018095e-16,True,3,3,better on 99/100 decided users
1,ml100k,als+qubo_feasible,itemknn+balanced_quota,intra_list_similarity,100,-0.295530481695861,-0.3038179969930608,-0.27310805232438295,100,0,0,0.0,3.8965598450959084e-18,2.766557490018095e-16,True,3,3,better on 100/100 decided users
1,ml100k,als+qubo_tabu,itemknn+balanced_quota,intra_list_similarity,100,-0.2915501273899423,-0.3073682228148278,-0.2773804003546061,100,0,0,0.0,3.8965598450959084e-18,2.766557490018095e-16,True,3,3,better on 100/100 decided users
1,ml100k,als+quota_mmr,itemknn+balanced_quota,intra_list_similarity,100,-0.23287045890073152,-0.2463429847886934,-0.20564121093247345,100,0,0,0.0,3.8965598450959084e-18,2.766557490018095e-16,True,3,3,better on 100/100 decided users
1,ml100k,itemknn+greedy_topk,itemknn+balanced_quota,intra_list_similarity,100,0.06222089572084033,0.05238632198086368,0.06859953926542861,0,100,0,0.0,3.8965598450959084e-18,2.766557490018095e-16,True,3,3,worse on 0/100 decided users
1,ml100k,itemknn+qubo_feasible,itemknn+balanced_quota,intra_list_similarity,100,-0.08900512771378091,-0.0959132970075873,-0.0777589055273327,100,0,0,0.0,3.8965598450959084e-18,2.766557490018095e-16,True,3,3,better on 100/100 decided users
1,ml100k,itemknn+qubo_tabu,itemknn+balanced_quota,intra_list_similarity,100,-0.08325226007459327,-0.09263066576358586,-0.06845097380587173,99,1,0,1.0,4.0161556854627e-18,2.766557490018095e-16,True,3,3,better on 99/100 decided users
2,ml100k,als+balanced_quota,itemknn+balanced_quota,intra_list_similarity,100,-0.19915986753234882,-0.2250607853970061,-0.1782770065596982,100,0,0,0.0,3.8965598450959084e-18,2.766557490018095e-16,True,3,3,better on 100/100 decided users
2,ml100k,als+mmr,itemknn+balanced_quota,intra_list_similarity,100,-0.18518626355820605,-0.20978769713791023,-0.1628494190643924,100,0,0,0.0,3.8965598450959084e-18,2.766557490018095e-16,True,3,3,better on 100/100 decided users
2,ml100k,als+qubo_feasible,itemknn+balanced_quota,intra_list_similarity,100,-0.2712740403659271,-0.285632814022111,-0.2588555324650406,100,0,0,0.0,3.8965598450959084e-18,2.766557490018095e-16,True,3,3,better on 100/100 decided users
2,ml100k,als+qubo_tabu,itemknn+balanced_quota,intra_list_similarity,100,-0.2769840724298833,-0.29063259669029146,-0.2621022545382828,100,0,0,0.0,3.8965598450959084e-18,2.766557490018095e-16,True,3,3,better on 100/100 decided users
2,ml100k,als+quota_mmr,itemknn+balanced_quota,intra_list_similarity,100,-0.20422907308440574,-0.21939629357844742,-0.1780104968619021,100,0,0,0.0,3.8965598450959084e-18,2.766557490018095e-16,True,3,3,better on 100/100 decided users
2,ml100k,itemknn+qubo_feasible,itemknn+balanced_quota,intra_list_similarity,100,-0.0875148868226209,-0.09989261308688865,-0.07859463215570078,100,0,0,0.0,3.8965598450959084e-18,2.766557490018095e-16,True,3,3,better on 100/100 decided users
2,ml100k,itemknn+qubo_tabu,itemknn+balanced_quota,intra_list_similarity,100,-0.08348324082347389,-0.09620843513733696,-0.07195345191848462,100,0,0,0.0,3.8965598450959084e-18,2.766557490018095e-16,True,3,3,better on 100/100 decided users
1,ml100k,itemknn+mmr,itemknn+balanced_quota,intra_list_similarity,100,0.04193703048325481,0.03613802842464092,0.05177399024435034,1,99,0,4.0,4.3971135541818935e-18,2.770181539134593e-16,True,3,3,worse on 1/100 decided users
2,ml100k,itemknn+greedy_topk,itemknn+balanced_quota,intra_list_similarity,100,0.06581296200813067,0.05814704568458476,0.08223423079637457,2,98,0,8.0,4.9610417082651575e-18,3.175066693289701e-16,True,3,3,worse on 2/100 decided users
1,ml100k,als+greedy_topk,itemknn+balanced_quota,intra_list_similarity,100,-0.16951303240120513,-0.1954492673279969,-0.1435150806823195,97,3,0,12.0,5.596247901468035e-18,3.4137112198955016e-16,True,3,3,better on 97/100 decided users
2,ml100k,itemknn+mmr,itemknn+balanced_quota,intra_list_similarity,100,0.051305898641873626,0.04463453437680409,0.06365091985308485,2,98,0,13.0,5.7672036158171394e-18,3.633338277964798e-16,True,3,3,worse on 2/100 decided users
2,ml100k,als+greedy_topk,itemknn+balanced_quota,intra_list_similarity,100,-0.15429944120657518,-0.1771263899154743,-0.11864829981041523,96,4,0,48.0,1.6412062569258175e-17,9.683116915862323e-16,True,3,3,better on 96/100 decided users
0,ml100k,popularity+qubo_feasible,itemknn+balanced_quota,intra_list_similarity,100,-0.12258067961343655,-0.137946234522775,-0.10938276778376729,88,12,0,177.0,6.848674378293121e-16,3.9722311394100103e-14,True,3,3,better on 88/100 decided users
0,ml100k,popularity+qubo_tabu,itemknn+balanced_quota,intra_list_similarity,100,-0.1093399126712523,-0.1183878205710221,-0.10099294336145309,85,15,0,223.0,2.4720581888887905e-15,1.4090731676666105e-13,True,3,3,better on 85/100 decided users
1,ml100k,popularity+qubo_feasible,itemknn+balanced_quota,intra_list_similarity,100,-0.1161407755596959,-0.12709810834209723,-0.09305443275563052,84,16,0,249.0,5.051315799672732e-15,2.9297631638101847e-13,True,3,3,better on 84/100 decided users
1,ml100k,popularity+qubo_tabu,itemknn+balanced_quota,intra_list_similarity,100,-0.09770248294161285,-0.11377419889515122,-0.0855129064973581,82,18,0,305.0,2.2920849632668923e-14,1.3064884290621286e-12,True,3,3,better on 82/100 decided users
2,ml100k,popularity+qubo_feasible,itemknn+balanced_quota,intra_list_similarity,100,-0.10779464625741225,-0.12725257600536174,-0.0883775691245763,82,18,0,338.0,5.493717497178969e-14,3.186356148363802e-12,True,3,3,better on 82/100 decided users
2,ml100k,popularity+qubo_tabu,itemknn+balanced_quota,intra_list_similarity,100,-0.10052131990088634,-0.10577018574810593,-0.08325208876081952,81,19,0,378.0,1.558314759335337e-13,8.882394128211421e-12,True,3,3,better on 81/100 decided users
2,ml100k,popularity+greedy_topk,itemknn+balanced_quota,intra_list_similarity,100,0.04141289733470008,0.020112919224776704,0.06852503102233282,27,73,0,780.0,1.9746723075771296e-09,1.0465763230158787e-07,True,3,3,worse on 27/100 decided users
1,ml100k,popularity+greedy_topk,itemknn+balanced_quota,intra_list_similarity,100,0.03162589216612227,0.013263426312125792,0.048813324659381596,34,66,0,990.0,1.3072362460785304e-07,6.928352104216211e-06,True,3,3,worse on 34/100 decided users
2,ml100k,popularity+mmr,itemknn+balanced_quota,intra_list_similarity,100,0.029856828919101006,0.01616161054340154,0.06004536009043221,32,68,0,1090.0,8.056402801579995e-07,4.189329456821597e-05,True,2,3,worse on 32/100 decided users
0,ml100k,popularity+greedy_topk,itemknn+balanced_quota,intra_list_similarity,100,0.03134626874669638,0.012823911674370803,0.04181914683286547,34,66,0,1117.0,1.2908248770631178e-06,6.841371848434524e-05,True,3,3,worse on 34/100 decided users
0,ml100k,popularity+balanced_quota,itemknn+balanced_quota,intra_list_similarity,100,-0.050645710496160345,-0.07255698024018237,-0.04101555509386551,77,23,0,1215.0,6.66217010582698e-06,0.000346432845503003,True,1,3,better on 77/100 decided users
0,ml100k,popularity+quota_mmr,itemknn+balanced_quota,intra_list_similarity,100,-0.05037975914470835,-0.06466747962089697,-0.036316584505544924,75,25,0,1290.0,2.1729936788527337e-05,0.0011082267762148941,True,1,3,better on 75/100 decided users
1,ml100k,popularity+mmr,itemknn+balanced_quota,intra_list_similarity,100,0.018012687226523605,0.005164179004941982,0.04386728512939622,40,60,0,1354.0,5.666659455897179e-05,0.002946662917066533,True,2,3,worse on 40/100 decided users
0,ml100k,itemknn+quota_mmr,itemknn+balanced_quota,intra_list_similarity,100,0.0026761603829411063,0.0,0.005948603557352716,27,59,14,1021.0,0.00025424617620242474,0.012712308810121238,True,3,3,worse on 27/86 decided users
2,ml100k,itemknn+quota_mmr,itemknn+balanced_quota,intra_list_similarity,100,0.001674972059716201,0.0,0.005104097783751094,28,54,18,916.0,0.0002819812855789239,0.014381045564525118,True,3,3,worse on 28/82 decided users
1,ml100k,itemknn+quota_mmr,itemknn+balanced_quota,intra_list_similarity,100,0.0009264407705729671,0.0,0.0027086949700576013,25,54,21,877.0,0.0005912216290827709,0.030152303083221314,True,3,3,worse on 25/79 decided users
0,ml100k,popularity+mmr,itemknn+balanced_quota,intra_list_similarity,100,0.015517676723465545,0.001997893420562613,0.02960151174573386,40,60,0,1585.0,0.0012291614999567042,0.060228913497878504,False,2,3,no detectable difference
1,ml100k,popularity+balanced_quota,itemknn+balanced_quota,intra_list_similarity,100,-0.050645710496160345,-0.0637094056568221,-0.029328396899319098,69,31,0,1625.0,0.0019715001272423696,0.09857500636211848,False,1,3,no detectable difference
1,ml100k,popularity+quota_mmr,itemknn+balanced_quota,intra_list_similarity,100,-0.04512751981081392,-0.06024029162296468,-0.020151824258174522,70,30,0,1708.0,0.004967845364211021,0.24342442284634003,False,1,3,no detectable difference
2,ml100k,popularity+balanced_quota,itemknn+balanced_quota,intra_list_similarity,100,-0.03252204564870542,-0.048073209258605254,-0.021311605158509994,66,34,0,1747.0,0.007472552147645046,0.3736276073822523,False,1,3,no detectable difference
2,ml100k,popularity+quota_mmr,itemknn+balanced_quota,intra_list_similarity,100,-0.02573046538375129,-0.047421700978429286,-0.019564016809874407,67,33,0,1819.0,0.015205074947262165,0.745048672415846,False,1,3,no detectable difference
1,ml100k,itemknn+qubo_feasible,itemknn+balanced_quota,ndcg,100,0.0,0.0,0.0,12,1,87,6.5,0.006322947695810933,0.3035014893989248,False,0,3,no detectable difference
1,ml100k,itemknn+qubo_tabu,itemknn+balanced_quota,ndcg,100,0.0,0.0,0.0,10,1,89,3.0,0.007615808529369085,0.357943000880347,False,0,3,no detectable difference
0,ml100k,als,itemknn+balanced_quota,ndcg,100,0.0,0.0,0.0,13,7,80,87.0,0.500956596054408,1.0,False,0,3,no detectable difference
0,ml100k,als+balanced_quota,itemknn+balanced_quota,ndcg,100,0.0,0.0,0.0,8,6,86,47.5,0.7527247987155536,1.0,False,0,3,no detectable difference
0,ml100k,als+greedy_topk,itemknn+balanced_quota,ndcg,100,0.0,0.0,0.0,13,7,80,87.0,0.500956596054408,1.0,False,0,3,no detectable difference
0,ml100k,als+mmr,itemknn+balanced_quota,ndcg,100,0.0,0.0,0.0,11,7,82,74.5,0.6312115957979016,1.0,False,0,3,no detectable difference
0,ml100k,als+qubo_feasible,itemknn+balanced_quota,ndcg,100,0.0,0.0,0.0,7,8,85,59.5,0.9772017475618193,1.0,False,0,3,no detectable difference
0,ml100k,als+qubo_tabu,itemknn+balanced_quota,ndcg,100,0.0,0.0,0.0,10,7,83,65.0,0.5852269022054746,1.0,False,0,3,no detectable difference
0,ml100k,als+quota_mmr,itemknn+balanced_quota,ndcg,100,0.0,0.0,0.0,9,7,84,61.5,0.7361098888135389,1.0,False,0,3,no detectable difference
0,ml100k,itemknn,itemknn+balanced_quota,ndcg,100,0.0,0.0,0.0,3,6,91,14.5,0.3424043343095282,1.0,False,0,3,no detectable difference
0,ml100k,itemknn+greedy_topk,itemknn+balanced_quota,ndcg,100,0.0,0.0,0.0,3,6,91,14.5,0.3424043343095282,1.0,False,0,3,no detectable difference
0,ml100k,itemknn+mmr,itemknn+balanced_quota,ndcg,100,0.0,0.0,0.0,5,6,89,32.5,0.9645063175225785,1.0,False,0,3,no detectable difference
0,ml100k,itemknn+qubo_feasible,itemknn+balanced_quota,ndcg,100,0.0,0.0,0.0,9,4,87,42.0,0.8065346360113491,1.0,False,0,3,no detectable difference
0,ml100k,itemknn+qubo_tabu,itemknn+balanced_quota,ndcg,100,0.0,0.0,0.0,11,3,86,37.5,0.34565946134317327,1.0,False,0,3,no detectable difference
0,ml100k,itemknn+quota_mmr,itemknn+balanced_quota,ndcg,100,0.0,0.0,0.0,0,0,100,,1.0,1.0,False,0,3,no detectable difference
0,ml100k,popularity,itemknn+balanced_quota,ndcg,100,0.0,0.0,0.0,5,7,88,29.5,0.45403509813868426,1.0,False,0,3,no detectable difference
0,ml100k,popularity+balanced_quota,itemknn+balanced_quota,ndcg,100,0.0,0.0,0.0,4,7,89,21.5,0.30535847348767864,1.0,False,0,3,no detectable difference
0,ml100k,popularity+greedy_topk,itemknn+balanced_quota,ndcg,100,0.0,0.0,0.0,5,7,88,29.5,0.45403509813868426,1.0,False,0,3,no detectable difference
0,ml100k,popularity+mmr,itemknn+balanced_quota,ndcg,100,0.0,0.0,0.0,6,7,87,36.5,0.5278525184172422,1.0,False,0,3,no detectable difference
0,ml100k,popularity+qubo_feasible,itemknn+balanced_quota,ndcg,100,0.0,0.0,0.0,2,7,91,5.0,0.03747657640525826,1.0,False,0,3,no detectable difference
0,ml100k,popularity+qubo_tabu,itemknn+balanced_quota,ndcg,100,0.0,0.0,0.0,5,6,89,25.5,0.503824196142326,1.0,False,0,3,no detectable difference
0,ml100k,popularity+quota_mmr,itemknn+balanced_quota,ndcg,100,0.0,0.0,0.0,4,7,89,21.5,0.30535847348767864,1.0,False,0,3,no detectable difference
1,ml100k,als,itemknn+balanced_quota,ndcg,100,0.0,0.0,0.0,12,8,80,72.5,0.22318752230697292,1.0,False,0,3,no detectable difference
1,ml100k,als+balanced_quota,itemknn+balanced_quota,ndcg,100,0.0,0.0,0.0,12,7,81,59.5,0.15224582700097047,1.0,False,0,3,no detectable difference
1,ml100k,als+greedy_topk,itemknn+balanced_quota,ndcg,100,0.0,0.0,0.0,12,8,80,72.5,0.22318752230697292,1.0,False,0,3,no detectable difference
1,ml100k,als+mmr,itemknn+balanced_quota,ndcg,100,0.0,0.0,0.0,13,8,79,82.0,0.24262663570408582,1.0,False,0,3,no detectable difference
1,ml100k,als+qubo_feasible,itemknn+balanced_quota,ndcg,100,0.0,0.0,0.0,8,7,85,47.0,0.4583010713624639,1.0,False,0,3,no detectable difference
1,ml100k,als+qubo_tabu,itemknn+balanced_quota,ndcg,100,0.0,0.0,0.0,9,8,83,51.0,0.22588425139750967,1.0,False,0,3,no detectable difference
1,ml100k,als+quota_mmr,itemknn+balanced_quota,ndcg,100,0.0,0.0,0.0,14,7,79,77.5,0.18500437858364838,1.0,False,0,3,no detectable difference
1,ml100k,itemknn,itemknn+balanced_quota,ndcg,100,0.0,0.0,0.0,6,6,88,34.5,0.7225420730391727,1.0,False,0,3,no detectable difference
1,ml100k,itemknn+greedy_topk,itemknn+balanced_quota,ndcg,100,0.0,0.0,0.0,6,6,88,34.5,0.7225420730391727,1.0,False,0,3,no detectable difference
1,ml100k,itemknn+mmr,itemknn+balanced_quota,ndcg,100,0.0,0.0,0.0,10,6,84,61.0,0.7158773061430881,1.0,False,0,3,no detectable difference
1,ml100k,itemknn+quota_mmr,itemknn+balanced_quota,ndcg,100,0.0,0.0,0.0,1,2,97,3.0,1.0,1.0,False,0,3,no detectable difference
1,ml100k,popularity,itemknn+balanced_quota,ndcg,100,0.0,0.0,0.0,5,7,88,28.5,0.40903376421513593,1.0,False,0,3,no detectable difference
1,ml100k,popularity+balanced_quota,itemknn+balanced_quota,ndcg,100,0.0,0.0,0.0,7,6,87,29.0,0.24814067607745594,1.0,False,0,3,no detectable difference
1,ml100k,popularity+greedy_topk,itemknn+balanced_quota,ndcg,100,0.0,0.0,0.0,5,7,88,28.5,0.40903376421513593,1.0,False,0,3,no detectable difference
1,ml100k,popularity+mmr,itemknn+balanced_quota,ndcg,100,0.0,0.0,0.0,5,6,89,21.5,0.3043960517772295,1.0,False,0,3,no detectable difference
1,ml100k,popularity+qubo_feasible,itemknn+balanced_quota,ndcg,100,0.0,0.0,0.0,4,7,89,32.0,0.9289423625149966,1.0,False,0,3,no detectable difference
1,ml100k,popularity+qubo_tabu,itemknn+balanced_quota,ndcg,100,0.0,0.0,0.0,8,5,87,30.0,0.27753091901612037,1.0,False,0,3,no detectable difference
1,ml100k,popularity+quota_mmr,itemknn+balanced_quota,ndcg,100,0.0,0.0,0.0,7,6,87,29.0,0.24727039866238731,1.0,False,0,3,no detectable difference
2,ml100k,als,itemknn+balanced_quota,ndcg,100,0.0,0.0,0.0,10,13,77,120.0,0.5836645734453042,1.0,False,0,3,no detectable difference
2,ml100k,als+balanced_quota,itemknn+balanced_quota,ndcg,100,0.0,0.0,0.0,7,12,81,61.0,0.17089195409166802,1.0,False,0,3,no detectable difference
2,ml100k,als+greedy_topk,itemknn+balanced_quota,ndcg,100,0.0,0.0,0.0,10,13,77,120.0,0.5836645734453042,1.0,False,0,3,no detectable difference
2,ml100k,als+mmr,itemknn+balanced_quota,ndcg,100,0.0,0.0,0.0,11,12,77,107.5,0.3530287076844204,1.0,False,0,3,no detectable difference
2,ml100k,als+qubo_feasible,itemknn+balanced_quota,ndcg,100,0.0,0.0,0.0,9,11,80,82.0,0.3892078017135757,1.0,False,0,3,no detectable difference
2,ml100k,als+qubo_tabu,itemknn+balanced_quota,ndcg,100,0.0,0.0,0.0,8,12,80,63.5,0.11991231383151578,1.0,False,0,3,no detectable difference
2,ml100k,als+quota_mmr,itemknn+balanced_quota,ndcg,100,0.0,0.0,0.0,7,12,81,61.0,0.17089195409166802,1.0,False,0,3,no detectable difference
2,ml100k,itemknn,itemknn+balanced_quota,ndcg,100,0.0,0.0,0.0,4,10,86,42.0,0.5094844544253732,1.0,False,0,3,no detectable difference
2,ml100k,itemknn+greedy_topk,itemknn+balanced_quota,ndcg,100,0.0,0.0,0.0,4,10,86,42.0,0.5094844544253732,1.0,False,0,3,no detectable difference
2,ml100k,itemknn+mmr,itemknn+balanced_quota,ndcg,100,0.0,0.0,0.0,3,10,87,32.5,0.3633138729188129,1.0,False,0,3,no detectable difference
2,ml100k,itemknn+qubo_feasible,itemknn+balanced_quota,ndcg,100,0.0,0.0,0.0,7,9,84,30.5,0.05213687890648594,1.0,False,0,3,no detectable difference
2,ml100k,itemknn+qubo_tabu,itemknn+balanced_quota,ndcg,100,0.0,0.0,0.0,11,6,83,75.5,0.9622120130191111,1.0,False,0,3,no detectable difference
2,ml100k,itemknn+quota_mmr,itemknn+balanced_quota,ndcg,100,0.0,0.0,0.0,1,1,98,1.0,0.6547208460185769,1.0,False,0,3,no detectable difference
2,ml100k,popularity,itemknn+balanced_quota,ndcg,100,0.0,0.0,0.0,5,12,83,39.5,0.07926710446498028,1.0,False,0,3,no detectable difference
2,ml100k,popularity+balanced_quota,itemknn+balanced_quota,ndcg,100,0.0,0.0,0.0,6,11,83,53.5,0.27544410500905114,1.0,False,0,3,no detectable difference
2,ml100k,popularity+greedy_topk,itemknn+balanced_quota,ndcg,100,0.0,0.0,0.0,5,12,83,39.5,0.07926710446498028,1.0,False,0,3,no detectable difference
2,ml100k,popularity+mmr,itemknn+balanced_quota,ndcg,100,0.0,0.0,0.0,6,12,82,45.5,0.0808917277303469,1.0,False,0,3,no detectable difference
2,ml100k,popularity+qubo_feasible,itemknn+balanced_quota,ndcg,100,0.0,0.0,0.0,5,12,83,44.5,0.12901140477562598,1.0,False,0,3,no detectable difference
2,ml100k,popularity+qubo_tabu,itemknn+balanced_quota,ndcg,100,0.0,0.0,0.0,3,13,84,26.5,0.03142297888635743,1.0,False,0,3,no detectable difference
2,ml100k,popularity+quota_mmr,itemknn+balanced_quota,ndcg,100,0.0,0.0,0.0,6,11,83,54.5,0.296926745711371,1.0,False,0,3,no detectable difference
0,ml100k,als,itemknn+balanced_quota,recall,100,0.0,0.0,0.0,10,6,84,51.0,0.31731050786291415,1.0,False,0,3,no detectable difference
0,ml100k,als+balanced_quota,itemknn+balanced_quota,recall,100,0.0,0.0,0.0,5,6,89,30.0,0.763024600552995,1.0,False,0,3,no detectable difference
0,ml100k,als+greedy_topk,itemknn+balanced_quota,recall,100,0.0,0.0,0.0,10,6,84,51.0,0.31731050786291415,1.0,False,0,3,no detectable difference
0,ml100k,als+mmr,itemknn+balanced_quota,recall,100,0.0,0.0,0.0,8,6,86,45.0,0.5929800980174267,1.0,False,0,3,no detectable difference
0,ml100k,als+qubo_feasible,itemknn+balanced_quota,recall,100,0.0,0.0,0.0,5,8,87,35.0,0.40538055645894233,1.0,False,0,3,no detectable difference
0,ml100k,als+qubo_tabu,itemknn+balanced_quota,recall,100,0.0,0.0,0.0,7,7,86,52.5,1.0,1.0,False,0,3,no detectable difference
0,ml100k,als+quota_mmr,itemknn+balanced_quota,recall,100,0.0,0.0,0.0,6,6,88,39.0,1.0,1.0,False,0,3,no detectable difference
0,ml100k,itemknn,itemknn+balanced_quota,recall,100,0.0,0.0,0.0,3,4,93,12.0,0.7054569861112734,1.0,False,0,3,no detectable difference
0,ml100k,itemknn+greedy_topk,itemknn+balanced_quota,recall,100,0.0,0.0,0.0,3,4,93,12.0,0.7054569861112734,1.0,False,0,3,no detectable difference
0,ml100k,itemknn+mmr,itemknn+balanced_quota,recall,100,0.0,0.0,0.0,5,3,92,13.5,0.47950012218695337,1.0,False,0,3,no detectable difference
0,ml100k,itemknn+qubo_feasible,itemknn+balanced_quota,recall,100,0.0,0.0,0.0,3,4,93,12.0,0.7054569861112734,1.0,False,0,3,no detectable difference
0,ml100k,itemknn+qubo_tabu,itemknn+balanced_quota,recall,100,0.0,0.0,0.0,5,3,92,13.5,0.47950012218695337,1.0,False,0,3,no detectable difference
0,ml100k,itemknn+quota_mmr,itemknn+balanced_quota,recall,100,0.0,0.0,0.0,0,0,100,,1.0,1.0,False,0,3,no detectable difference
0,ml100k,popularity,itemknn+balanced_quota,recall,100,0.0,0.0,0.0,4,5,91,20.0,0.7388826803635273,1.0,False,0,3,no detectable difference
0,ml100k,popularity+balanced_quota,itemknn+balanced_quota,recall,100,0.0,0.0,0.0,3,6,91,15.0,0.31731050786291415,1.0,False,0,3,no detectable difference
0,ml100k,popularity+greedy_topk,itemknn+balanced_quota,recall,100,0.0,0.0,0.0,4,5,91,20.0,0.7388826803635273,1.0,False,0,3,no detectable difference
0,ml100k,popularity+mmr,itemknn+balanced_quota,recall,100,0.0,0.0,0.0,5,5,90,27.5,1.0,1.0,False,0,3,no detectable difference
0,ml100k,popularity+qubo_feasible,itemknn+balanced_quota,recall,100,0.0,0.0,0.0,1,6,93,4.0,0.05878172135535886,1.0,False,0,3,no detectable difference
0,ml100k,popularity+qubo_tabu,itemknn+balanced_quota,recall,100,0.0,0.0,0.0,3,5,92,13.5,0.47950012218695337,1.0,False,0,3,no detectable difference
0,ml100k,popularity+quota_mmr,itemknn+balanced_quota,recall,100,0.0,0.0,0.0,3,6,91,15.0,0.31731050786291415,1.0,False,0,3,no detectable difference
1,ml100k,als,itemknn+balanced_quota,recall,100,0.0,0.0,0.0,12,7,81,70.0,0.25134910881022265,1.0,False,0,3,no detectable difference
1,ml100k,als+balanced_quota,itemknn+balanced_quota,recall,100,0.0,0.0,0.0,11,6,83,54.0,0.22525290636065332,1.0,False,0,3,no detectable difference
1,ml100k,als+greedy_topk,itemknn+balanced_quota,recall,100,0.0,0.0,0.0,12,7,81,70.0,0.25134910881022265,1.0,False,0,3,no detectable difference
1,ml100k,als+mmr,itemknn+balanced_quota,recall,100,0.0,0.0,0.0,13,8,79,88.0,0.27523352407483426,1.0,False,0,3,no detectable difference
1,ml100k,als+qubo_feasible,itemknn+balanced_quota,recall,100,0.0,0.0,0.0,7,7,86,52.5,1.0,1.0,False,0,3,no detectable difference
1,ml100k,als+qubo_tabu,itemknn+balanced_quota,recall,100,0.0,0.0,0.0,9,8,83,72.0,0.8083651559145103,1.0,False,0,3,no detectable difference
1,ml100k,als+quota_mmr,itemknn+balanced_quota,recall,100,0.0,0.0,0.0,13,7,80,73.5,0.17971249487899976,1.0,False,0,3,no detectable difference
1,ml100k,itemknn,itemknn+balanced_quota,recall,100,0.0,0.0,0.0,6,6,88,39.0,1.0,1.0,False,0,3,no detectable difference
1,ml100k,itemknn+greedy_topk,itemknn+balanced_quota,recall,100,0.0,0.0,0.0,6,6,88,39.0,1.0,1.0,False,0,3,no detectable difference
1,ml100k,itemknn+mmr,itemknn+balanced_quota,recall,100,0.0,0.0,0.0,10,6,84,51.0,0.31731050786291415,1.0,False,0,3,no detectable difference
1,ml100k,itemknn+qubo_feasible,itemknn+balanced_quota,recall,100,0.0,0.0,0.0,6,1,93,4.0,0.05878172135535886,1.0,False,0,3,no detectable difference
1,ml100k,itemknn+qubo_tabu,itemknn+balanced_quota,recall,100,0.0,0.0,0.0,7,1,92,4.5,0.033894853524689246,1.0,False,0,3,no detectable difference
1,ml100k,itemknn+quota_mmr,itemknn+balanced_quota,recall,100,0.0,0.0,0.0,1,0,99,0.0,0.31731050786291415,1.0,False,0,3,no detectable difference
1,ml100k,popularity,itemknn+balanced_quota,recall,100,0.0,0.0,0.0,5,6,89,30.0,0.763024600552995,1.0,False,0,3,no detectable difference
1,ml100k,popularity+balanced_quota,itemknn+balanced_quota,recall,100,0.0,0.0,0.0,6,3,91,15.0,0.31731050786291415,1.0,False,0,3,no detectable difference
1,ml100k,popularity+greedy_topk,itemknn+balanced_quota,recall,100,0.0,0.0,0.0,5,6,89,30.0,0.763024600552995,1.0,False,0,3,no detectable difference
1,ml100k,popularity+mmr,itemknn+balanced_quota,recall,100,0.0,0.0,0.0,5,6,89,30.0,0.763024600552995,1.0,False,0,3,no detectable difference
1,ml100k,popularity+qubo_feasible,itemknn+balanced_quota,recall,100,0.0,0.0,0.0,4,7,89,24.0,0.36571229628151325,1.0,False,0,3,no detectable difference
1,ml100k,popularity+qubo_tabu,itemknn+balanced_quota,recall,100,0.0,0.0,0.0,5,4,91,20.0,0.7388826803635273,1.0,False,0,3,no detectable difference
1,ml100k,popularity+quota_mmr,itemknn+balanced_quota,recall,100,0.0,0.0,0.0,6,3,91,15.0,0.31731050786291415,1.0,False,0,3,no detectable difference
2,ml100k,als,itemknn+balanced_quota,recall,100,0.0,0.0,0.0,9,7,84,59.5,0.6170750774519738,1.0,False,0,3,no detectable difference
2,ml100k,als+balanced_quota,itemknn+balanced_quota,recall,100,0.0,0.0,0.0,5,9,86,37.5,0.28504940740261275,1.0,False,0,3,no detectable difference
2,ml100k,als+greedy_topk,itemknn+balanced_quota,recall,100,0.0,0.0,0.0,9,7,84,59.5,0.6170750774519738,1.0,False,0,3,no detectable difference
2,ml100k,als+mmr,itemknn+balanced_quota,recall,100,0.0,0.0,0.0,10,9,81,90.0,0.8185458083820434,1.0,False,0,3,no detectable difference
2,ml100k,als+qubo_feasible,itemknn+balanced_quota,recall,100,0.0,0.0,0.0,6,11,83,54.0,0.22525290636065332,1.0,False,0,3,no detectable difference
2,ml100k,als+qubo_tabu,itemknn+balanced_quota,recall,100,0.0,0.0,0.0,6,12,82,57.0,0.15729920705028502,1.0,False,0,3,no detectable difference
2,ml100k,als+quota_mmr,itemknn+balanced_quota,recall,100,0.0,0.0,0.0,5,9,86,37.5,0.28504940740261275,1.0,False,0,3,no detectable difference
2,ml100k,itemknn,itemknn+balanced_quota,recall,100,0.0,0.0,0.0,4,4,92,18.0,1.0,1.0,False,0,3,no detectable difference
2,ml100k,itemknn+greedy_topk,itemknn+balanced_quota,recall,100,0.0,0.0,0.0,4,4,92,18.0,1.0,1.0,False,0,3,no detectable difference
2,ml100k,itemknn+mmr,itemknn+balanced_quota,recall,100,0.0,0.0,0.0,3,3,94,10.5,1.0,1.0,False,0,3,no detectable difference
2,ml100k,itemknn+qubo_feasible,itemknn+balanced_quota,recall,100,0.0,0.0,0.0,2,9,89,12.0,0.034808478811867126,1.0,False,0,3,no detectable difference
2,ml100k,itemknn+qubo_tabu,itemknn+balanced_quota,recall,100,0.0,0.0,0.0,6,6,88,39.0,1.0,1.0,False,0,3,no detectable difference
2,ml100k,itemknn+quota_mmr,itemknn+balanced_quota,recall,100,0.0,0.0,0.0,1,1,98,1.5,1.0,1.0,False,0,3,no detectable difference
2,ml100k,popularity,itemknn+balanced_quota,recall,100,0.0,0.0,0.0,4,10,86,30.0,0.10880943004054569,1.0,False,0,3,no detectable difference
2,ml100k,popularity+balanced_quota,itemknn+balanced_quota,recall,100,0.0,0.0,0.0,4,7,89,24.0,0.36571229628151325,1.0,False,0,3,no detectable difference
2,ml100k,popularity+greedy_topk,itemknn+balanced_quota,recall,100,0.0,0.0,0.0,4,10,86,30.0,0.10880943004054569,1.0,False,0,3,no detectable difference
2,ml100k,popularity+mmr,itemknn+balanced_quota,recall,100,0.0,0.0,0.0,4,10,86,30.0,0.10880943004054569,1.0,False,0,3,no detectable difference
2,ml100k,popularity+qubo_feasible,itemknn+balanced_quota,recall,100,0.0,0.0,0.0,4,8,88,26.0,0.24821307898992362,1.0,False,0,3,no detectable difference
2,ml100k,popularity+qubo_tabu,itemknn+balanced_quota,recall,100,0.0,0.0,0.0,2,9,89,12.0,0.034808478811867126,1.0,False,0,3,no detectable difference
2,ml100k,popularity+quota_mmr,itemknn+balanced_quota,recall,100,0.0,0.0,0.0,4,6,90,22.0,0.5270892568655381,1.0,False,0,3,no detectable difference
