dataset,family,reranker,n_users,n_candidates,k,cpu_train,wall_train,cpu_rerank_setup,wall_rerank_setup,cpu_retrieve_score,wall_retrieve_score,cpu_retrieve_select,wall_retrieve_select,cpu_rerank,wall_rerank,cpu_once,cpu_per_request,ndcg,ndcg_vs_retrieval,recall,exposure_parity,catalogue_coverage,gini,candidate_hit_rate,note.seed,note.lam,note.mu,repeat,n_candidates_requested,status,error,below_quantum,n_items,n_train_users,density,trustworthy,busy_pct_at_start,intra_list_similarity,note.time_bounded_reranker
ml100k,popularity,none,100,100,10,0.000181475029036,0.3068701999982295,0.0,0.0,0.005787037037037,0.3185607000013988,0.0042808219178082,0.3106420999974943,0.0,0.0,0.000181475029036,0.0001006785895484,0.0435446357382358,1.0,0.09,1.204,0.0533728687916975,0.9816204595997036,0.35,0,0.3,1.0,0,100,ok,,,1349,943,0.0773079623019132,True,10.8,,
ml100k,popularity,greedy_topk,100,100,10,0.0001643007360672,0.3091333999982453,0.08984375,0.3624884999990172,0.0061274509803921,0.3103608999990683,0.0042808219178082,0.3122164999986125,0.015625,0.3075715999984822,0.0900080507360673,0.000260332728982,0.0435446357382358,1.0,0.09,1.204,0.0533728687916975,0.9816204595997036,0.35,0,0.3,1.0,0,100,ok,,,1349,943,0.0773079623019132,True,10.8,0.4432470984774702,
ml100k,popularity,mmr,100,100,10,0.0001671122994652,0.3015873000003921,0.08984375,0.3696937999993679,0.0060096153846153,0.3056825999992725,0.0043402777777777,0.3088801000012608,0.1796875,0.3645725000023958,0.0900108622994652,0.0019003739316239,0.0464352840014147,0.9980936375403552,0.1,1.1249999999999998,0.0541141586360266,0.9818324684951816,0.35,0,0.3,1.0,0,100,ok,,,1349,943,0.0773079623019132,True,10.8,0.4326099953648956,
ml100k,popularity,quota_mmr,100,100,10,0.0001795977011494,0.3013275000012072,0.08984375,0.3642762999988918,0.005787037037037,0.3433631999978388,0.0042229729729729,0.3084364999995159,0.125,0.3747038000001339,0.0900233477011494,0.0013501001001001,0.037511468320862,0.9136628238846464,0.07,0.249,0.0541141586360266,0.9836723498888064,0.35,0,0.3,1.0,0,100,ok,,,1349,943,0.0773079623019132,True,10.8,0.3603843732388654,
ml100k,popularity,balanced_quota,100,100,10,0.0001642143983184,0.3007700999987719,0.08984375,0.3614706000007572,0.0061274509803921,0.3155465999989246,0.0044014084507042,0.3079796000019996,0.1041666666666666,0.3216977000010956,0.0900079643983184,0.0011469552609776,0.037511468320862,0.9097703735169076,0.07,0.1999999999999999,0.056338028169014,0.982724981467754,0.35,0,0.3,1.0,0,100,ok,,,1349,943,0.0773079623019132,True,10.8,0.3566728080740782,
ml100k,popularity,qubo_feasible,100,100,10,0.0001688276607239,0.3073766999987128,0.08984375,0.3620874000007461,0.0060096153846153,0.315232000000833,0.0044642857142857,0.3074932000017725,31.6875,31.95600939999713,0.0900125776607239,0.316979739010989,0.0298160089153419,0.8164078763835859,0.05,0.1999999999999999,0.1030392883617494,0.9620637509266124,0.35,0,0.3,1.0,0,100,ok,,,1349,943,0.0773079623019132,True,10.8,0.2899927192977021,
ml100k,popularity,qubo_tabu,100,100,10,0.0001593574706782,0.2998179999995045,0.0859375,0.3585817999992287,0.0063775510204081,0.3036060000013094,0.0041666666666666,0.3072802999995474,24.265625,24.74287650000042,0.0860968574706782,0.2427616921768707,0.0452234320185648,0.8588733984114023,0.08,0.1999999999999999,0.0748702742772424,0.9764981467753892,0.35,0,0.3,1.0,0,100,ok,,,1349,943,0.0773079623019132,True,10.8,0.3029195698804836,True
ml100k,itemknn,none,100,100,10,0.1953125,0.3853041000002122,0.0,0.0,0.0135869565217391,0.3165932000010798,0.0039556962025316,0.3035834999973303,0.0,0.0,0.1953125,0.0001754265272427,0.0468427071046376,1.0,0.09,1.1729999999999998,0.0889547813194959,0.9619362490733876,0.41,0,0.3,1.0,0,100,ok,,,1349,943,0.0773079623019132,True,10.8,,
ml100k,itemknn,greedy_topk,100,100,10,0.1875,0.3866827999991074,0.09375,0.3632684999975026,0.0135869565217391,0.3213623999981791,0.0040064102564102,0.3016141999978572,0.0148809523809523,0.3203067999966151,0.28125,0.000324743191591,0.0468427071046376,1.0,0.09,1.1729999999999998,0.0889547813194959,0.9619362490733876,0.41,0,0.3,1.0,0,100,ok,,,1349,943,0.0773079623019132,True,10.8,0.4669672043744771,
ml100k,itemknn,mmr,100,100,10,0.1953125,0.3900319999993371,0.09375,0.3678679000004194,0.0135869565217391,0.3176779999994323,0.0040584415584415,0.3080458000004,0.1796875,0.3572133999987272,0.2890625,0.0019733289808018,0.0556343035876352,0.9969793000909672,0.12,1.137,0.0971089696071163,0.955427724240178,0.41,0,0.3,1.0,0,100,ok,,,1349,943,0.0773079623019132,True,10.8,0.4526825667717237,
ml100k,itemknn,quota_mmr,100,100,10,0.1953125,0.3872673000005306,0.0859375,0.3564636000010068,0.0142045454545454,0.304294800000207,0.0041666666666666,0.3105393000005279,0.125,0.4023796000001312,0.28125,0.0014337121212121,0.0535001304640337,0.9124438129886598,0.1,0.25,0.0956263899184581,0.9586819866567828,0.41,0,0.3,1.0,0,100,ok,,,1349,943,0.0773079623019132,True,10.8,0.3973609027396275,
ml100k,itemknn,balanced_quota,100,100,10,0.203125,0.425283099997614,0.09375,0.3753364000003785,0.0148809523809523,0.3053660999976273,0.0044014084507042,0.3104653000009421,0.125,0.39735809999911,0.296875,0.0014428236083165,0.0535001304640337,0.9049393105947172,0.1,0.1999999999999999,0.0971089696071163,0.9576916234247592,0.41,0,0.3,1.0,0,100,ok,,,1349,943,0.0773079623019132,True,10.8,0.3932333203236722,
ml100k,itemknn,qubo_feasible,100,100,10,0.2109375,0.4191203000009409,0.09765625,0.3934315000005881,0.0173611111111111,0.307818600002065,0.0052083333333333,0.3061248999983945,31.90625,32.10268349999751,0.30859375,0.3192881944444444,0.0514608647706439,0.7688051655929421,0.09,0.1999999999999999,0.1549295774647887,0.9272616753150482,0.41,0,0.3,1.0,0,100,ok,,,1349,943,0.0773079623019132,True,10.8,0.3005035368004611,
ml100k,itemknn,qubo_tabu,100,100,10,0.21875,0.4396701000005123,0.09765625,0.3916094999985944,0.0148809523809523,0.3166031000000657,0.0046641791044776,0.3154785999977321,24.359375,24.679905099997995,0.31640625,0.2437892013148543,0.0585841495553882,0.8029431758919893,0.12,0.1999999999999999,0.1356560415122313,0.9365189028910303,0.41,0,0.3,1.0,0,100,ok,,,1349,943,0.0773079623019132,True,10.8,0.3055540283168309,True
ml100k,als,none,100,100,10,3.4375,3.4374158999999054,0.0,0.0,0.0069444444444444,0.3034423999997671,0.0042229729729729,0.3096345000012661,0.0,0.0,3.4375,0.0001116741741741,0.0737983358012655,1.0,0.14,0.8440000000000001,0.3232023721275018,0.8087472201630838,0.51,0,0.3,1.0,0,100,ok,,,1349,943,0.0773079623019132,True,10.8,,
ml100k,als,greedy_topk,100,100,10,3.71875,3.7703067000002193,0.08984375,0.3610834999999497,0.0072674418604651,0.3280377999981283,0.0042808219178082,0.3136814999998023,0.0183823529411764,0.323055500000919,3.80859375,0.0002993061671944,0.0737983358012655,1.0,0.14,0.8440000000000001,0.3232023721275018,0.8087472201630838,0.51,0,0.3,1.0,0,100,ok,,,1349,943,0.0773079623019132,True,10.8,0.2361233135921113,
ml100k,als,mmr,100,100,10,3.4375,3.431006699996942,0.08984375,0.3669133999974292,0.0069444444444444,0.3046251000014308,0.0043402777777777,0.310866799998621,0.1796875,0.3646872999997868,3.52734375,0.0019097222222222,0.0683048106846698,0.9944861523622638,0.12,0.7939999999999998,0.3535952557449963,0.7768969607116383,0.51,0,0.3,1.0,0,100,ok,,,1349,943,0.0773079623019132,True,10.8,0.1933541914622834,
ml100k,als,quota_mmr,100,100,10,3.40625,3.40526029999819,0.08984375,0.3587196999978914,0.0067934782608695,0.3131180999989738,0.0043402777777777,0.3078084999979182,0.1354166666666666,0.4203811000006681,3.49609375,0.0014655042270531,0.06186688255575,0.964790888248638,0.1,0.253,0.329873980726464,0.8030303928836175,0.51,0,0.3,1.0,0,100,ok,,,1349,943,0.0773079623019132,True,10.8,0.1765996160743125,
ml100k,als,balanced_quota,100,100,10,3.421875,3.4356918999983463,0.09375,0.3688456999989284,0.0069444444444444,0.3096484000016062,0.0042808219178082,0.3075935000015306,0.1015625,0.4151270000002114,3.515625,0.0011278776636225,0.0589177230872002,0.9598649186667048,0.09,0.1999999999999999,0.3172720533728688,0.8115997034840623,0.51,0,0.3,1.0,0,100,ok,,,1349,943,0.0773079623019132,True,10.8,0.1790499825207433,
ml100k,als,qubo_feasible,100,100,10,3.390625,3.3950170000025537,0.09375,0.362989799999923,0.0066489361702127,0.3168714999992517,0.0042229729729729,0.3105074000013701,30.265625,30.26280129999941,3.484375,0.3027649690914318,0.051925360652163,0.8897635137726972,0.07,0.1999999999999999,0.3706449221645663,0.7566849518161601,0.51,0,0.3,1.0,0,100,ok,,,1349,943,0.0773079623019132,True,10.8,0.1065040824676737,
ml100k,als,qubo_tabu,100,100,10,3.671875,3.676876199999242,0.09765625,0.3965979000022344,0.0072674418604651,0.3070675000017218,0.0051229508196721,0.3094624000004842,24.234375,24.379163400000834,3.76953125,0.2424676539268014,0.0663893069557349,0.9131896012272152,0.1,0.1999999999999999,0.3713862120088955,0.7592839140103781,0.51,0,0.3,1.0,0,100,ok,,,1349,943,0.0773079623019132,True,10.8,0.1041133896657017,True
ml100k,popularity,none,100,100,10,0.0001599283520982,0.3059479999974428,0.0,0.0,0.0058962264150943,0.3146626999987347,0.0044014084507042,0.3097863999973924,0.0,0.0,0.0001599283520982,0.0001029763486579,0.0398160089153419,1.0,0.07,1.2,0.0348406226834692,0.98436471460341,0.33,1,0.3,1.0,1,100,ok,,,1349,943,0.0773079623019132,True,10.8,,
ml100k,popularity,greedy_topk,100,100,10,0.0001842570754716,0.2964327000008779,0.1015625,0.4123077000003832,0.0065104166666666,0.3073051999999734,0.0042229729729729,0.3153162999988126,0.0173611111111111,0.3190830000021378,0.1017467570754716,0.0002809450075075,0.0398160089153419,1.0,0.07,1.2,0.0348406226834692,0.98436471460341,0.33,1,0.3,1.0,1,100,ok,,,1349,943,0.0773079623019132,True,10.8,0.4540700832720007,
ml100k,popularity,mmr,100,100,10,0.0001605858170606,0.3064236999998684,0.09375,0.3771581000000878,0.0056818181818181,0.3314965999998094,0.0045289855072463,0.3105329999998503,0.171875,0.3534051999995427,0.0939105858170606,0.0018208580368906,0.0386263630730883,0.9981843166912132,0.07,1.118,0.0340993328391401,0.984702742772424,0.33,1,0.3,1.0,1,100,ok,,,1349,943,0.0773079623019132,True,10.8,0.4432902291679753,
ml100k,popularity,quota_mmr,100,100,10,0.0001655190677966,0.2988328999999794,0.08984375,0.3633332999997947,0.0060096153846153,0.3128236999982619,0.0042808219178082,0.3117457000007562,0.109375,0.3370858999987831,0.0900092690677966,0.0011966543730242,0.052379951421265,0.9111698179926916,0.11,0.24,0.0311341734618235,0.9867842846553002,0.33,1,0.3,1.0,1,100,ok,,,1349,943,0.0773079623019132,True,10.8,0.3689535210450514,
ml100k,popularity,balanced_quota,100,100,10,0.0001685544768069,0.2975569000009272,0.08984375,0.3625987999985227,0.0065104166666666,0.3096875999981421,0.0042808219178082,0.3919796999980462,0.1145833333333333,0.3458524999987276,0.0900123044768069,0.001253745719178,0.0539779465794145,0.9071402624906746,0.11,0.1999999999999999,0.0378057820607857,0.9859154929577464,0.33,1,0.3,1.0,1,100,ok,,,1349,943,0.0773079623019132,True,10.8,0.3653553200451085,
ml100k,popularity,qubo_feasible,100,100,10,0.0001657824933687,0.31971970000086,0.09375,0.3759624999984226,0.00625,0.3130007999970985,0.0052966101694915,0.3168067000005976,32.453125,32.830445199997484,0.0939157824933687,0.3246467161016949,0.0324899644782239,0.8111539982285434,0.05,0.1999999999999999,0.089696071163825,0.9665218680504076,0.33,1,0.3,1.0,1,100,ok,,,1349,943,0.0773079623019132,True,10.8,0.2955611794633581,
ml100k,popularity,qubo_tabu,100,100,10,0.0002292736610418,0.2983580000000074,0.125,0.3758808999991743,0.0066489361702127,0.3121903999999631,0.0050403225806451,0.3153876999967906,24.3125,24.36568370000168,0.1252292736610418,0.2432418925875085,0.0534826362927298,0.8544564068083521,0.09,0.1999999999999999,0.0593031875463306,0.9786256486286138,0.33,1,0.3,1.0,1,100,ok,,,1349,943,0.0773079623019132,True,10.8,0.3077127105421948,True
ml100k,itemknn,none,100,100,10,0.1953125,0.3879671999966376,0.0,0.0,0.0130208333333333,0.3137824000004912,0.0043402777777777,0.3036066999993636,0.0,0.0,0.1953125,0.0001736111111111,0.0314308364396487,1.0,0.08,1.138,0.0845070422535211,0.9610096367679762,0.46,1,0.3,1.0,1,100,ok,,,1349,943,0.0773079623019132,True,10.8,,
ml100k,itemknn,greedy_topk,100,100,10,0.203125,0.3948961999994935,0.08984375,0.3681823000006261,0.0135869565217391,0.3099815000023227,0.0052966101694915,0.3025462000005063,0.0234375,0.3655446999982814,0.29296875,0.0004232106669123,0.0314308364396487,1.0,0.08,1.138,0.0845070422535211,0.9610096367679762,0.46,1,0.3,1.0,1,100,ok,,,1349,943,0.0773079623019132,True,10.8,0.4551513632192579,
ml100k,itemknn,mmr,100,100,10,0.2109375,0.4180062000014004,0.09765625,0.3815467999993416,0.0148809523809523,0.3213112999983423,0.0048076923076923,0.3071410999982618,0.2421875,0.5068358999997145,0.30859375,0.0026187614468864,0.043939418454119,0.9963287520128452,0.12,1.066,0.0971089696071163,0.9532305411415865,0.46,1,0.3,1.0,1,100,ok,,,1349,943,0.0773079623019132,True,10.8,0.4387874581845919,
ml100k,itemknn,quota_mmr,100,100,10,0.2109375,0.4301231999997981,0.1015625,0.4072197999994387,0.0148809523809523,0.311597800002346,0.0042808219178082,0.3140375000002677,0.1197916666666666,0.357434599998669,0.3125,0.0013895344096542,0.0343465771498156,0.9200041908350084,0.09,0.249,0.0911786508524833,0.9594292068198664,0.46,1,0.3,1.0,1,100,ok,,,1349,943,0.0773079623019132,True,10.8,0.3939280197144214,
ml100k,itemknn,balanced_quota,100,100,10,0.203125,0.3970521000010194,0.09375,0.3843163999990793,0.0148809523809523,0.3033289999984845,0.0049603174603174,0.3125903000000107,0.1354166666666666,0.4132385999982944,0.296875,0.0015525793650793,0.0315755805800977,0.913132958077176,0.08,0.1999999999999999,0.0919199406968124,0.958893995552261,0.46,1,0.3,1.0,1,100,ok,,,1349,943,0.0773079623019132,True,10.8,0.3905376220076736,
ml100k,itemknn,qubo_feasible,100,100,10,0.1953125,0.4025301000001491,0.109375,0.3184346000016376,0.0148809523809523,0.31546580000213,0.0052083333333333,0.3545168999989982,32.21875,32.44825249999849,0.3046875,0.3223883928571428,0.0611142354124966,0.7803845483509704,0.13,0.1999999999999999,0.1460340993328391,0.930936990363232,0.46,1,0.3,1.0,1,100,ok,,,1349,943,0.0773079623019132,True,10.8,0.3009158858702569,
ml100k,itemknn,qubo_tabu,100,100,10,0.203125,0.406707500002085,0.09765625,0.3982034000000567,0.0148809523809523,0.305720400003338,0.0045289855072463,0.3089053999974567,24.4375,24.82850289999988,0.30078125,0.244569099378882,0.0660677453505191,0.8139382033243444,0.14,0.1999999999999999,0.128984432913269,0.9396679021497404,0.46,1,0.3,1.0,1,100,ok,,,1349,943,0.0773079623019132,True,10.8,0.3067527112060279,True
ml100k,als,none,100,100,10,3.671875,3.66033470000184,0.0,0.0,0.0071022727272727,0.3183695999978226,0.0048076923076923,0.3060863999999128,0.0,0.0,3.671875,0.0001190996503496,0.0638315481905817,1.0,0.13,0.8470000000000002,0.3224610822831727,0.8064581171237954,0.56,1,0.3,1.0,1,100,ok,,,1349,943,0.0773079623019132,True,10.8,,
ml100k,als,greedy_topk,100,100,10,3.828125,3.8959735999997065,0.08984375,0.360490099999879,0.0072674418604651,0.3002936000011686,0.0042229729729729,0.3127031000003626,0.0183823529411764,0.3174350000008417,3.91796875,0.0002987276777461,0.0638315481905817,1.0,0.13,0.8470000000000002,0.3224610822831727,0.8064581171237954,0.56,1,0.3,1.0,1,100,ok,,,1349,943,0.0773079623019132,True,10.8,0.2270115722909262,
ml100k,als,mmr,100,100,10,3.5,3.518198000001576,0.08984375,0.360675000003539,0.0072674418604651,0.3092816999997012,0.0046641791044776,0.3058591000008164,0.1875,0.3806418000021949,3.58984375,0.0019943162096494,0.0642890252660755,0.9940316074115588,0.13,0.7920000000000001,0.3595255744996293,0.7704818383988139,0.56,1,0.3,1.0,1,100,ok,,,1349,943,0.0773079623019132,True,10.8,0.1831136197529837,
ml100k,als,quota_mmr,100,100,10,3.515625,3.5137541000003694,0.08984375,0.3623563000001013,0.0069444444444444,0.3077286000007007,0.0043402777777777,0.3069479000005231,0.140625,0.4256018999985826,3.60546875,0.0015190972222222,0.0678406372491365,0.966640900339446,0.14,0.256,0.3365455893254262,0.7967205337286879,0.56,1,0.3,1.0,1,100,ok,,,1349,943,0.0773079623019132,True,10.8,0.1694029996961683,
ml100k,als,balanced_quota,100,100,10,3.484375,3.4966913999996905,0.08984375,0.362760400003026,0.0067934782608695,0.3097778000010294,0.0050403225806451,0.3122910000020056,0.1354166666666666,0.4269923000028939,3.57421875,0.0014725046750818,0.0647116118117087,0.9605456898078804,0.13,0.1999999999999999,0.3306152705707932,0.8005322461082283,0.56,1,0.3,1.0,1,100,ok,,,1349,943,0.0773079623019132,True,10.8,0.1667162437895928,
ml100k,als,qubo_feasible,100,100,10,3.96875,4.249583299999358,0.09765625,0.4028429999998479,0.0091911764705882,0.3516185999978916,0.0045289855072463,0.3100514000034309,32.28125,32.49845949999872,4.06640625,0.3229497016197784,0.0560659419162582,0.8933492121233781,0.08,0.1999999999999999,0.3728687916975537,0.7569948109710897,0.56,1,0.3,1.0,1,100,ok,,,1349,943,0.0773079623019132,True,10.8,0.1039890853361198,
ml100k,als,qubo_tabu,100,100,10,4.8125,4.918955000001006,0.09765625,0.3872436999954516,0.0074404761904761,0.3123868999973638,0.0045955882352941,0.3106193000057828,24.421875,24.533385499998985,4.91015625,0.2443391106442577,0.0602801978281345,0.9172341425225315,0.09,0.1999999999999999,0.363232023721275,0.7630437361008154,0.56,1,0.3,1.0,1,100,ok,,,1349,943,0.0773079623019132,True,10.8,0.101284482001896,True
ml100k,popularity,none,100,100,10,0.0001600102406554,0.301835199999914,0.0,0.0,0.005787037037037,0.3142521000045235,0.0041666666666666,0.3123936000047251,0.0,0.0,0.0001600102406554,9.953703703703704e-05,0.0382669443645209,1.0,0.08,1.204,0.0474425500370644,0.9811919940696812,0.44,2,0.3,1.0,2,100,ok,,,1349,943,0.0773079623019132,True,10.8,,
ml100k,popularity,greedy_topk,100,100,10,0.0001550099206349,0.3118270000049961,0.0859375,0.3569427000038558,0.0061274509803921,0.299936900002649,0.0041666666666666,0.3138651999979629,0.0142045454545454,0.3219612999964738,0.0860925099206349,0.000244986631016,0.0382669443645209,1.0,0.08,1.204,0.0474425500370644,0.9811919940696812,0.44,2,0.3,1.0,2,100,ok,,,1349,943,0.0773079623019132,True,10.8,0.4444646437713618,
ml100k,popularity,mmr,100,100,10,0.0001625910509885,0.3087104000005638,0.08984375,0.3671323000016855,0.0058962264150943,0.3094878000047174,0.0042229729729729,0.3093716000003041,0.1796875,0.35867309999594,0.0900063410509885,0.0018980669938806,0.0390798304772479,0.9982967983629316,0.08,1.132,0.0474425500370644,0.981340252038547,0.44,2,0.3,1.0,2,100,ok,,,1349,943,0.0773079623019132,True,10.8,0.4341079134272769,
ml100k,popularity,quota_mmr,100,100,10,0.0001600102406554,0.3081529999981285,0.0859375,0.3597096000012243,0.0063775510204081,0.3000868999952217,0.0043402777777777,0.3103688999981386,0.1041666666666666,0.3317144000029657,0.0860975102406554,0.0011488449546485,0.0536274642093911,0.9135861141141158,0.12,0.237,0.0526315789473684,0.9833002223869532,0.44,2,0.3,1.0,2,100,ok,,,1349,943,0.0773079623019132,True,10.8,0.3595535730712172,
ml100k,popularity,balanced_quota,100,100,10,0.0001637840670859,0.3041419000001042,0.0859375,0.3582038000022294,0.0061274509803921,0.300999099999899,0.0043402777777777,0.3134534999990137,0.1041666666666666,0.3208631000015884,0.0861012840670859,0.0011463439542483,0.0502941308760577,0.9107396008442584,0.11,0.1999999999999999,0.0541141586360266,0.9827664936990363,0.44,2,0.3,1.0,2,100,ok,,,1349,943,0.0773079623019132,True,10.8,0.3572647861888496,
ml100k,popularity,qubo_feasible,100,100,10,0.0001542448173741,0.3111820999984047,0.0859375,0.3580225999976392,0.0065104166666666,0.3043152000027476,0.0047348484848484,0.3070482999974047,30.09375,30.077702099995804,0.0860917448173741,0.3010499526515151,0.0504021165840409,0.8107062489924624,0.1,0.1999999999999999,0.1037805782060785,0.9616100815418828,0.44,2,0.3,1.0,2,100,ok,,,1349,943,0.0773079623019132,True,10.8,0.2859850557447823,
ml100k,popularity,qubo_tabu,100,100,10,0.0001567201604814,0.3099359999978333,0.0859375,0.3580941000036546,0.0060096153846153,0.3031900999994832,0.0042229729729729,0.3082788999963668,24.3125,24.533448700000008,0.0860942201604814,0.2432273258835758,0.0349420682642876,0.8520112614697989,0.07,0.1999999999999999,0.0756115641215715,0.9749280948851,0.44,2,0.3,1.0,2,100,ok,,,1349,943,0.0773079623019132,True,10.8,0.2972167215968847,True
ml100k,itemknn,none,100,100,10,0.1953125,0.3879888999945251,0.0,0.0,0.0148809523809523,0.3071056000044336,0.0041666666666666,0.3133782999939285,0.0,0.0,0.1953125,0.0001904761904761,0.0623552320748689,1.0,0.14,1.105,0.0926612305411415,0.9553313565604152,0.49,2,0.3,1.0,2,100,ok,,,1349,943,0.0773079623019132,True,10.8,,
ml100k,itemknn,greedy_topk,100,100,10,0.2109375,0.4117158000008203,0.08984375,0.365824699998484,0.0148809523809523,0.3093981000056374,0.0041666666666666,0.309865199997148,0.015625,0.3097789000021294,0.30078125,0.0003467261904761,0.0623552320748689,1.0,0.14,1.105,0.0926612305411415,0.9553313565604152,0.49,2,0.3,1.0,2,100,ok,,,1349,943,0.0773079623019132,True,10.8,0.4477687486614315,
ml100k,itemknn,mmr,100,100,10,0.1953125,0.3948858000003383,0.08984375,0.3628309000050649,0.0148809523809523,0.3105349000034039,0.0042808219178082,0.3084576999972341,0.1875,0.3799757000015233,0.28515625,0.0020666177429876,0.0616838084669676,0.9970836603613856,0.14,1.059,0.0985915492957746,0.9486790214974056,0.49,2,0.3,1.0,2,100,ok,,,1349,943,0.0773079623019132,True,10.8,0.433903488183629,
ml100k,itemknn,quota_mmr,100,100,10,0.1953125,0.3891962999987299,0.08984375,0.3640383000019938,0.0148809523809523,0.3046192999972845,0.0042808219178082,0.3019830999983242,0.1458333333333333,0.5495072999983677,0.28515625,0.0016499510763209,0.0684577832377159,0.9122189770806772,0.14,0.251,0.0985915492957746,0.9527753891771684,0.49,2,0.3,1.0,2,100,ok,,,1349,943,0.0773079623019132,True,10.8,0.3804942039502718,
ml100k,itemknn,balanced_quota,100,100,10,0.1953125,0.3915623000066262,0.08984375,0.3645525999963865,0.0142045454545454,0.3140236999970511,0.0045955882352941,0.3025092999960179,0.1145833333333333,0.3462320999969961,0.28515625,0.0013338346702317,0.0681937827330375,0.905299862510144,0.14,0.1999999999999999,0.1022979985174203,0.9523024462564864,0.49,2,0.3,1.0,2,100,ok,,,1349,943,0.0773079623019132,True,10.8,0.3757723762460282,
ml100k,itemknn,qubo_feasible,100,100,10,0.1875,0.3867090999992797,0.09375,0.3627639000042109,0.0148809523809523,0.3168640000003506,0.0040584415584415,0.3073982999994769,31.265625,31.71507030000066,0.28125,0.3128456439393939,0.0370178703210207,0.7571270169317812,0.07,0.1999999999999999,0.1527057079318013,0.9260904373610082,0.49,2,0.3,1.0,2,100,ok,,,1349,943,0.0773079623019132,True,10.8,0.2785988195122086,
ml100k,itemknn,qubo_tabu,100,100,10,0.1953125,0.3926879999999073,0.09375,0.3738043999983347,0.015625,0.2995912999977008,0.0042229729729729,0.312519400002202,24.375,24.49475479999819,0.2890625,0.2439484797297297,0.0658369238907539,0.7944220055652126,0.14,0.1999999999999999,0.1415863602668643,0.9355804299481096,0.49,2,0.3,1.0,2,100,ok,,,1349,943,0.0773079623019132,True,10.8,0.2847755006880207,True
ml100k,als,none,100,100,10,3.640625,3.6653980999981286,0.0,0.0,0.0072674418604651,0.3028586000000359,0.0043402777777777,0.3112029999974766,0.0,0.0,3.640625,0.0001160771963824,0.0614407017777783,1.0,0.16,0.8320000000000002,0.3335804299481097,0.8010748702742773,0.56,2,0.3,1.0,2,100,ok,,,1349,943,0.0773079623019132,True,10.8,,
ml100k,als,greedy_topk,100,100,10,4.078125,4.240476200000558,0.1354166666666666,0.3993364999987534,0.0135869565217391,0.3061461999968742,0.0069444444444444,0.3155852999989292,0.0546875,0.3495460999984061,4.213541666666667,0.0007521890096618,0.0614407017777783,1.0,0.16,0.8320000000000002,0.3335804299481097,0.8010748702742773,0.56,2,0.3,1.0,2,100,ok,,,1349,943,0.0773079623019132,True,10.8,0.2238691387467309,
ml100k,als,mmr,100,100,10,4.828125,4.921233000000939,0.1041666666666666,0.3189663999946788,0.0091911764705882,0.3075643000047421,0.0046641791044776,0.3069880999973975,0.21875,0.4454907999970601,4.932291666666667,0.0023260535557506,0.057196515112209,0.9942724153537906,0.15,0.797,0.3721275018532246,0.7609488510007413,0.56,2,0.3,1.0,2,100,ok,,,1349,943,0.0773079623019132,True,10.8,0.1843790101231912,
ml100k,als,quota_mmr,100,100,10,4.328125,4.37983090000489,0.09375,0.3744795999955386,0.0071022727272727,0.3151930000021821,0.0044642857142857,0.3115841000035289,0.15625,0.3251149999996414,4.421875,0.0016781655844155,0.0417056921615779,0.9649320145619054,0.1,0.249,0.3232023721275018,0.8088332097850259,0.56,2,0.3,1.0,2,100,ok,,,1349,943,0.0773079623019132,True,10.8,0.1720624709001527,
ml100k,als,balanced_quota,100,100,10,4.140625,4.193246200004069,0.109375,0.3293368999948143,0.0080128205128205,0.3072900999977719,0.0052966101694915,0.306546799998614,0.125,0.3772438000014517,4.25,0.0013830943068231,0.0417056921615779,0.9598645884208304,0.1,0.1999999999999999,0.3106004447739066,0.8173936249073388,0.56,2,0.3,1.0,2,100,ok,,,1349,943,0.0773079623019132,True,10.8,0.1738017553681215,
ml100k,als,qubo_feasible,100,100,10,4.703125,4.787029599996458,0.109375,0.3310645000019576,0.0072674418604651,0.3101310999991256,0.0048076923076923,0.3083133999971323,32.171875,32.30543369999941,4.8125,0.3218395013416815,0.0509463149168538,0.8916572152879714,0.09,0.1999999999999999,0.3728687916975537,0.7586241660489251,0.56,2,0.3,1.0,2,100,ok,,,1349,943,0.0773079623019132,True,10.8,0.1035309472515117,
ml100k,als,qubo_tabu,100,100,10,4.1875,4.27332259999821,0.09375,0.3693366999941645,0.007267441860465116,0.3129460999989533,0.005580357142857143,0.30866249999962747,24.4375,24.673939000000246,4.28125,0.24450347799003322,0.036252771118119066,0.9144534806703328,0.08,0.19999999999999996,0.3699036323202372,0.763704966641957,0.56,2,0.3,1.0,2,100,ok,,,1349,943,0.07730796230191328,True,10.8,0.10000090539296086,True
