dataset,family,reranker,n_users,n_candidates,k,cpu_train,wall_train,cpu_rerank_setup,wall_rerank_setup,cpu_retrieve_score,wall_retrieve_score,cpu_retrieve_select,wall_retrieve_select,cpu_rerank,wall_rerank,cpu_once,cpu_per_request,ndcg,ndcg_vs_retrieval,recall,exposure_parity,catalogue_coverage,gini,candidate_hit_rate,note.seed,note.lam,note.mu,repeat,status,error,below_quantum,n_items,n_train_users,density,trustworthy,busy_pct_at_start,intra_list_similarity,note.n_candidates_requested,note.n_candidates_capped_by
ml100k,popularity,none,200,50,10,0.0001585489599188,0.3102897999997367,0.0,0.0,0.011574074074074,0.3224764999995386,0.0072674418604651,0.3043278999994072,0.0,0.0,0.0001585489599188,9.420757967269594e-05,0.0527225807997784,1.0,0.11,1.2005,0.0385470719051149,0.98322090437361,0.225,0,0.3,1.0,0,ok,,,1349,943,0.0773079623019132,True,0.7,,,
ml100k,popularity,none,200,100,10,0.0001592762487257,0.3121601999991981,0.0,0.0,0.011574074074074,0.3172608000004402,0.0084459459459459,0.3127376000011281,0.0,0.0,0.0001592762487257,0.0001001001001001,0.0527225807997784,1.0,0.11,1.2005,0.0385470719051149,0.98322090437361,0.365,0,0.3,1.0,0,ok,,,1349,943,0.0773079623019132,True,0.7,,,
ml100k,popularity,none,200,200,10,0.0001635269492412,0.3023743000012473,0.0,0.0,0.011574074074074,0.3164876999999251,0.0100806451612903,0.3162749999992229,0.0,0.0,0.0001635269492412,0.0001082735961768,0.0527225807997784,1.0,0.11,1.2005,0.0385470719051149,0.98322090437361,0.5,0,0.3,1.0,0,ok,,,1349,943,0.0773079623019132,True,0.7,,,
ml100k,popularity,none,200,400,10,0.0001658704883227,0.3120512000004964,0.0,0.0,0.0120192307692307,0.3182534000006853,0.0148809523809523,0.3077102000006562,0.0,0.0,0.0001658704883227,0.0001345009157509,0.0527225807997784,1.0,0.11,1.2005,0.0385470719051149,0.98322090437361,0.715,0,0.3,1.0,0,ok,,,1349,943,0.0773079623019132,True,0.7,,,
ml100k,popularity,none,200,800,10,0.0001594387755102,0.308721900000819,0.0,0.0,0.0120192307692307,0.3194150999988778,0.021484375,0.3370242999990296,0.0,0.0,0.0001594387755102,0.0001675180288461,0.0527225807997784,1.0,0.11,1.2005,0.0385470719051149,0.98322090437361,0.92,0,0.3,1.0,0,ok,,,1349,943,0.0773079623019132,True,0.7,,,
ml100k,popularity,quota_mmr,200,50,10,0.0001591951095262,0.3094385000003967,0.0859375,0.3576299000014842,0.0130208333333333,0.3018308999999135,0.0074404761904761,0.3089060000002064,0.109375,0.3556269000000611,0.0860966951095262,0.000649181547619,0.0551214313942276,0.9074930070408346,0.115,0.254,0.0467012601927353,0.9843350630096368,0.225,0,0.3,1.0,0,ok,,,1349,943,0.0773079623019132,True,0.7,0.355063332786041,,
ml100k,popularity,quota_mmr,200,100,10,0.0001637840670859,0.3048717000001488,0.0859375,0.3560011000008671,0.0125,0.312161500000002,0.0082236842105263,0.3033226000006834,0.2265625,0.4537632999999914,0.0861012840670859,0.0012364309210526,0.0530573908865986,0.9006860808665279,0.11,0.2565,0.0533728687916975,0.9832765011119348,0.365,0,0.3,1.0,0,ok,,,1349,943,0.0773079623019132,True,0.7,0.3475491788829563,,
ml100k,popularity,quota_mmr,200,200,10,0.0001652564780539,0.3013055999999778,0.08984375,0.3607542000008834,0.0120192307692307,0.317673300000024,0.0107758620689655,0.3065182999998797,0.5,0.5013539000010496,0.0900090064780539,0.0026139754641909,0.0540958789247394,0.890318438440483,0.11,0.2569999999999999,0.0630096367679762,0.9818094885100074,0.5,0,0.3,1.0,0,ok,,,1349,943,0.0773079623019132,True,0.7,0.3366924554619564,,
ml100k,popularity,quota_mmr,200,400,10,0.0001586294416243,0.3095154000002367,0.0859375,0.3575096000004123,0.0125,0.3059876999996049,0.0142045454545454,0.3112923999997292,1.390625,1.3857936000003974,0.0860961294416243,0.0070866477272727,0.0525824403587053,0.8651129121434923,0.105,0.2569999999999999,0.0993328391401037,0.976319495922906,0.715,0,0.3,1.0,0,ok,,,1349,943,0.0773079623019132,True,0.7,0.3119862089501119,,
ml100k,popularity,quota_mmr,200,800,10,0.0001643871646501,0.2994116000008944,0.0859375,0.353542799999559,0.0120192307692307,0.3089884999990318,0.0208333333333333,0.3060791000007157,3.4375,3.439604600000166,0.0861018871646501,0.0173517628205128,0.0462942633223253,0.7698941061146993,0.09,0.252,0.1645663454410674,0.953427724240178,0.92,0,0.3,1.0,0,ok,,,1349,943,0.0773079623019132,True,0.7,0.2171221741916442,,
ml100k,itemknn,none,200,50,10,0.1875,0.3857927000008203,0.0,0.0,0.02734375,0.3178717999999207,0.0067934782608695,0.3144255999995948,0.0,0.0,0.1875,0.0001706861413043,0.0471215195017992,1.0,0.1,1.1518333333333333,0.1022979985174203,0.9595700518902892,0.315,0,0.3,1.0,0,ok,,,1349,943,0.0773079623019132,True,0.7,,,
ml100k,itemknn,none,200,100,10,0.1953125,0.3850885000010748,0.0,0.0,0.0260416666666666,0.3191188999990118,0.0078125,0.3074145000009594,0.0,0.0,0.1953125,0.0001692708333333,0.0471215195017992,1.0,0.1,1.1535000000000002,0.1022979985174203,0.9595700518902892,0.415,0,0.3,1.0,0,ok,,,1349,943,0.0773079623019132,True,0.7,,,
ml100k,itemknn,none,200,200,10,0.1953125,0.3836097000003065,0.0,0.0,0.0260416666666666,0.3131780000003346,0.0100806451612903,0.3152415000004112,0.0,0.0,0.1953125,0.0001806115591397,0.0471215195017992,1.0,0.1,1.1535000000000002,0.1022979985174203,0.9595700518902892,0.665,0,0.3,1.0,0,ok,,,1349,943,0.0773079623019132,True,0.7,,,
ml100k,itemknn,none,200,400,10,0.1875,0.38405099999909,0.0,0.0,0.0260416666666666,0.3124745999994047,0.0148809523809523,0.3121189000012236,0.0,0.0,0.1875,0.000204613095238,0.0471215195017992,1.0,0.1,1.1535000000000002,0.1022979985174203,0.9595700518902892,0.815,0,0.3,1.0,0,ok,,,1349,943,0.0773079623019132,True,0.7,,,
ml100k,itemknn,none,200,800,10,0.1953125,0.383589099999881,0.0,0.0,0.0260416666666666,0.312747699999818,0.0183823529411764,0.319759800000611,0.0,0.0,0.1953125,0.0002221200980392,0.0471215195017992,1.0,0.1,1.1535000000000002,0.1022979985174203,0.9595700518902892,0.905,0,0.3,1.0,0,ok,,,1349,943,0.0773079623019132,True,0.7,,,
ml100k,itemknn,quota_mmr,200,50,10,0.1875,0.3858591999996861,0.08984375,0.359155299998747,0.0260416666666666,0.3158564000004844,0.0071022727272727,0.2991303999988304,0.1041666666666666,0.3188382999996975,0.27734375,0.000686553030303,0.0633486595508591,0.9125093372272955,0.145,0.2488333333333333,0.1126760563380281,0.9559584877687176,0.315,0,0.3,1.0,0,ok,,,1349,943,0.0773079623019132,True,0.7,0.3916892958871283,,
ml100k,itemknn,quota_mmr,200,100,10,0.1953125,0.3831821000003401,0.08984375,0.3574382999995578,0.0260416666666666,0.3195887000001676,0.0082236842105263,0.3009662999993452,0.2265625,0.4587375999999494,0.28515625,0.0013041392543859,0.0616965652239537,0.899361103318962,0.135,0.2445,0.1267605633802817,0.9508628613787992,0.415,0,0.3,1.0,0,ok,,,1349,943,0.0773079623019132,True,0.7,0.3759849319419464,,
ml100k,itemknn,quota_mmr,200,200,10,0.1953125,0.3818458999994618,0.0859375,0.3536442000004172,0.02734375,0.3156559999988531,0.0100806451612903,0.3184423000002425,0.53125,0.5332158000001073,0.28125,0.0028433719758064,0.0559431443157919,0.8735837388024233,0.115,0.2455,0.1408450704225352,0.9442512972572276,0.665,0,0.3,1.0,0,ok,,,1349,943,0.0773079623019132,True,0.7,0.3429401468984449,,
ml100k,itemknn,quota_mmr,200,400,10,0.203125,0.3961562000004051,0.08984375,0.3568261000000348,0.0260416666666666,0.3161878000009892,0.0148809523809523,0.31525049999982,1.40625,1.4035954999999376,0.29296875,0.007235863095238,0.0528546051467121,0.7862311642160325,0.105,0.2455,0.1682727946627131,0.9346212008895478,0.815,0,0.3,1.0,0,ok,,,1349,943,0.0773079623019132,True,0.7,0.2433221699023722,,
ml100k,itemknn,quota_mmr,200,800,10,0.1953125,0.3826097000001027,0.08984375,0.3552902999999787,0.0260416666666666,0.3160998000003019,0.0183823529411764,0.3156880000005913,3.640625,3.638178000001062,0.28515625,0.0184252450980392,0.0511394598647337,0.7441612885201416,0.1,0.25,0.1527057079318013,0.9377272053372868,0.905,0,0.3,1.0,0,ok,,,1349,943,0.0773079623019132,True,0.7,0.2050867352189032,,
ml100k,als,none,200,50,10,5.625,4.612093399999139,0.0,0.0,0.0130208333333333,0.3073565999984566,0.0071022727272727,0.3113084000015078,0.0,0.0,5.625,0.000100615530303,0.0702686881516989,1.0,0.165,0.8208333333333334,0.4225352112676056,0.776581171237954,0.4,0,0.3,1.0,0,ok,,,1349,943,0.0773079623019132,True,0.7,,,
ml100k,als,none,200,100,10,5.609375,4.616037400001005,0.0,0.0,0.0173611111111111,0.2323137999992468,0.0078125,0.3111547999997128,0.0,0.0,5.609375,0.0001258680555555,0.0702686881516989,1.0,0.165,0.8225,0.4225352112676056,0.776581171237954,0.525,0,0.3,1.0,0,ok,,,1349,943,0.0773079623019132,True,0.7,,,
ml100k,als,none,200,200,10,5.625,4.635123299998668,0.0,0.0,0.0142045454545454,0.2887112000007619,0.0104166666666666,0.3206650000010995,0.0,0.0,5.625,0.000123106060606,0.0702686881516989,1.0,0.165,0.8225,0.4225352112676056,0.776581171237954,0.66,0,0.3,1.0,0,ok,,,1349,943,0.0773079623019132,True,0.7,,,
ml100k,als,none,200,400,10,5.5625,4.629521700000623,0.0,0.0,0.0244140625,0.2090074000007007,0.0142045454545454,0.3097793999986606,0.0,0.0,5.5625,0.0001930930397727,0.0702686881516989,1.0,0.165,0.8225,0.4225352112676056,0.776581171237954,0.84,0,0.3,1.0,0,ok,,,1349,943,0.0773079623019132,True,0.7,,,
ml100k,als,none,200,800,10,5.71875,4.630313199999364,0.0,0.0,0.01953125,0.2073242000005848,0.0208333333333333,0.3146589000007225,0.0,0.0,5.71875,0.0002018229166666,0.0702686881516989,1.0,0.165,0.8225,0.4225352112676056,0.776581171237954,0.93,0,0.3,1.0,0,ok,,,1349,943,0.0773079623019132,True,0.7,,,
ml100k,als,quota_mmr,200,50,10,5.640625,4.650910599999406,0.08984375,0.3533301000006759,0.01796875,0.2584929999993619,0.0072674418604651,0.3006537000001117,0.1354166666666666,0.408535499998834,5.73046875,0.0008032642926356,0.0513383280034996,0.9588893443825912,0.11,0.2585,0.4677538917716827,0.746531504818384,0.4,0,0.3,1.0,0,ok,,,1349,943,0.0773079623019132,True,0.7,0.1507470527640945,,
ml100k,als,quota_mmr,200,100,10,6.28125,4.637264099999811,0.08984375,0.3537260000011883,0.0171875,0.2602568000002065,0.0080128205128205,0.3068061999983911,0.2890625,0.5805044999997335,6.37109375,0.0015713141025641,0.0492276031827338,0.9494838558958694,0.1,0.2565,0.4833209785025945,0.7319644180874721,0.525,0,0.3,1.0,0,ok,,,1349,943,0.0773079623019132,True,0.7,0.134980130155206,,
ml100k,als,quota_mmr,200,200,10,5.671875,4.634742299998834,0.0859375,0.3511108000002423,0.0183823529411764,0.2193773999988479,0.0107758620689655,0.304291500000545,0.609375,0.6175871999985247,5.7578125,0.0031926660750507,0.0470996768572103,0.9387455491481111,0.095,0.2619999999999999,0.507783543365456,0.7108080059303188,0.66,0,0.3,1.0,0,ok,,,1349,943,0.0773079623019132,True,0.7,0.1183265571702111,,
ml100k,als,quota_mmr,200,400,10,5.421875,4.602785700000823,0.08984375,0.3526400999999168,0.0164473684210526,0.2450575999991997,0.0148809523809523,0.3015355999996245,1.53125,1.5323774999997113,5.51171875,0.00781289160401,0.0368559605955887,0.9266390655176228,0.075,0.259,0.5166790214974055,0.7017694588584137,0.84,0,0.3,1.0,0,ok,,,1349,943,0.0773079623019132,True,0.7,0.105273949054246,,
ml100k,als,quota_mmr,200,800,10,5.40625,4.652428199999122,0.08984375,0.3534030999999231,0.0364583333333333,0.1154479000015271,0.0208333333333333,0.3144535999999789,3.796875,3.79446199999984,5.49609375,0.0192708333333333,0.0294885438109992,0.9134285572302668,0.055,0.254,0.5292809488510007,0.6888636026686434,0.93,0,0.3,1.0,0,ok,,,1349,943,0.0773079623019132,True,0.7,0.0942007422247066,,
ml100k,popularity,none,200,50,10,0.0001585489599188,0.3043278999994072,0.0,0.0,0.011574074074074,0.3172297000000981,0.0071022727272727,0.310784600000261,0.0,0.0,0.0001585489599188,9.3381734006734e-05,0.0425863760254837,1.0,0.1,1.1846666666666668,0.0496664195700518,0.9822001482579688,0.19,1,0.3,1.0,1,ok,,,1349,943,0.0773079623019132,True,0.7,,,
ml100k,popularity,none,200,100,10,0.0001578282828282,0.3115072999989934,0.0,0.0,0.011574074074074,0.3211803000012878,0.0080128205128205,0.3082039000000804,0.0,0.0,0.0001578282828282,9.793447293447292e-05,0.0425863760254837,1.0,0.1,1.1855000000000002,0.0496664195700518,0.9822001482579688,0.305,1,0.3,1.0,1,ok,,,1349,943,0.0773079623019132,True,0.7,,,
ml100k,popularity,none,200,200,10,0.000156328164082,0.3086770999998407,0.0,0.0,0.011574074074074,0.3166485000001557,0.0104166666666666,0.3147007999996276,0.0,0.0,0.000156328164082,0.0001099537037037,0.0425863760254837,1.0,0.1,1.1855000000000002,0.0496664195700518,0.9822001482579688,0.45,1,0.3,1.0,1,ok,,,1349,943,0.0773079623019132,True,0.7,,,
ml100k,popularity,none,200,400,10,0.0001615822130299,0.2992076999998971,0.0,0.0,0.011574074074074,0.3186652999993384,0.0142045454545454,0.3135297000007995,0.0,0.0,0.0001615822130299,0.000128893097643,0.0425863760254837,1.0,0.1,1.1855000000000002,0.0496664195700518,0.9822001482579688,0.665,1,0.3,1.0,1,ok,,,1349,943,0.0773079623019132,True,0.7,,,
ml100k,popularity,none,200,800,10,0.0001595201633486,0.3057833999991999,0.0,0.0,0.0111607142857142,0.329628400000729,0.0183823529411764,0.3218175999991217,0.0,0.0,0.0001595201633486,0.0001477153361344,0.0425863760254837,1.0,0.1,1.1855000000000002,0.0496664195700518,0.9822001482579688,0.835,1,0.3,1.0,1,ok,,,1349,943,0.0773079623019132,True,0.7,,800.0,user history in a small catalogue
ml100k,popularity,quota_mmr,200,50,10,0.0001619170984455,0.3031917999996949,0.0859375,0.3526347999995778,0.0120192307692307,0.3039266999985557,0.0069444444444444,0.3188744999988557,0.109375,0.3223780999996961,0.0860994170984456,0.0006416933760683,0.0312895624673529,0.908697254610552,0.065,0.2581666666666666,0.0607857672349888,0.98358561897702,0.19,1,0.3,1.0,1,ok,,,1349,943,0.0773079623019132,True,0.7,0.3541891480930775,,
ml100k,popularity,quota_mmr,200,100,10,0.0001560159760359,0.309676999999283,0.0859375,0.351322299999083,0.0120192307692307,0.3078958999994938,0.0082236842105263,0.3102522999997745,0.2265625,0.4531609999994543,0.0860935159760359,0.0012340270748987,0.0320268279401648,0.9015389185654296,0.07,0.2634999999999999,0.0652335063009636,0.9824255003706448,0.305,1,0.3,1.0,1,ok,,,1349,943,0.0773079623019132,True,0.7,0.346902387065701,,
ml100k,popularity,quota_mmr,200,200,10,0.0001588713777325,0.3075334000004659,0.0859375,0.3518167999991419,0.0120192307692307,0.3052213000009942,0.009765625,0.3210795000013604,0.5,0.4949440000000322,0.0860963713777325,0.0026089242788461,0.0344687751150091,0.8896607804713196,0.075,0.254,0.0770941438102298,0.980452928094885,0.45,1,0.3,1.0,1,ok,,,1349,943,0.0773079623019132,True,0.7,0.3350398337427952,,
ml100k,popularity,quota_mmr,200,400,10,0.0001627604166666,0.299706599998899,0.0859375,0.352971799999068,0.0120192307692307,0.3092938000008871,0.0135869565217391,0.3079153999988193,1.328125,1.337769699999626,0.0861002604166666,0.0067686559364548,0.0337737045054619,0.8637015239479947,0.07,0.2535,0.1030392883617494,0.9755352112676056,0.665,1,0.3,1.0,1,ok,,,1349,943,0.0773079623019132,True,0.7,0.3094411719548967,,
ml100k,popularity,quota_mmr,200,800,10,0.0001627604166666,0.3002704999998968,0.0859375,0.3597006999989389,0.0120192307692307,0.3125455999997939,0.0183823529411764,0.3186507999998866,3.015625,3.017569800000274,0.0861002604166666,0.015230132918552,0.0239851753572363,0.7908742149645122,0.045,0.256,0.1704966641957005,0.9558228317272054,0.835,1,0.3,1.0,1,ok,,,1349,943,0.0773079623019132,True,0.7,0.2406111334168709,800.0,user history in a small catalogue
ml100k,itemknn,none,200,50,10,0.1875,0.3856674999988172,0.0,0.0,0.0298295454545454,0.322565399999803,0.0069444444444444,0.3039542000005895,0.0,0.0,0.1875,0.0001838699494949,0.0371478685516871,1.0,0.065,1.14,0.0971089696071163,0.9589933283914012,0.245,1,0.3,1.0,1,ok,,,1349,943,0.0773079623019132,True,0.7,,,
ml100k,itemknn,none,200,100,10,0.1953125,0.3874012999986007,0.0,0.0,0.02734375,0.3231729999988602,0.0076219512195121,0.3111929999995482,0.0,0.0,0.1953125,0.0001748285060975,0.0371478685516871,1.0,0.065,1.1425,0.0971089696071163,0.9589933283914012,0.355,1,0.3,1.0,1,ok,,,1349,943,0.0773079623019132,True,0.7,,,
ml100k,itemknn,none,200,200,10,0.203125,0.413217799999984,0.0,0.0,0.02734375,0.3211762999999337,0.0094696969696969,0.3169104000007792,0.0,0.0,0.203125,0.0001840672348484,0.0371478685516871,1.0,0.065,1.1425,0.0971089696071163,0.9589933283914012,0.57,1,0.3,1.0,1,ok,,,1349,943,0.0773079623019132,True,0.7,,,
ml100k,itemknn,none,200,400,10,0.1875,0.3833363000012468,0.0,0.0,0.02734375,0.3231756000004679,0.0142045454545454,0.3152591999987635,0.0,0.0,0.1875,0.0002077414772727,0.0371478685516871,1.0,0.065,1.1425,0.0971089696071163,0.9589933283914012,0.78,1,0.3,1.0,1,ok,,,1349,943,0.0773079623019132,True,0.7,,,
ml100k,itemknn,none,200,800,10,0.1953125,0.3862045000005309,0.0,0.0,0.0260416666666666,0.3218753000001015,0.0183823529411764,0.3013138999995135,0.0,0.0,0.1953125,0.0002221200980392,0.0371478685516871,1.0,0.065,1.1425,0.0971089696071163,0.9589933283914012,0.88,1,0.3,1.0,1,ok,,,1349,943,0.0773079623019132,True,0.7,,800.0,user history in a small catalogue
ml100k,itemknn,quota_mmr,200,50,10,0.1875,0.3816481000012572,0.09375,0.3726124000004347,0.02734375,0.3184881999986828,0.0067934782608695,0.3134551999992254,0.1041666666666666,0.3172314999992522,0.28125,0.0006915194746376,0.0467771679611553,0.9157068114947012,0.09,0.24,0.1067457375833951,0.9566701260192736,0.245,1,0.3,1.0,1,ok,,,1349,943,0.0773079623019132,True,0.7,0.3966840324583101,,
ml100k,itemknn,quota_mmr,200,100,10,0.1875,0.380802899999253,0.08984375,0.35049059999983,0.0260416666666666,0.3213408999999956,0.0078125,0.3042359000010037,0.234375,0.4704867999989801,0.27734375,0.0013411458333333,0.0493276514121342,0.9024975993157756,0.095,0.241,0.1223128243143069,0.9520578206078576,0.355,1,0.3,1.0,1,ok,,,1349,943,0.0773079623019132,True,0.7,0.3797373115472935,,
ml100k,itemknn,quota_mmr,200,200,10,0.1953125,0.3834922999994887,0.08984375,0.3552063000006455,0.0260416666666666,0.3224365999994916,0.009765625,0.3044687000001431,0.53125,0.5300698000010016,0.28515625,0.0028352864583333,0.0430233967482852,0.875516395946475,0.075,0.2465,0.1334321719792439,0.9453773165307636,0.57,1,0.3,1.0,1,ok,,,1349,943,0.0773079623019132,True,0.7,0.3471793711951239,,
ml100k,itemknn,quota_mmr,200,400,10,0.1953125,0.3826031999997212,0.0859375,0.3548897000000579,0.02734375,0.3192022000002907,0.0142045454545454,0.3092476000001625,1.375,1.387134900000092,0.28125,0.0070827414772727,0.0456058935965049,0.7916906549122895,0.08,0.2465,0.1719792438843587,0.9350252038547072,0.78,1,0.3,1.0,1,ok,,,1349,943,0.0773079623019132,True,0.7,0.2489353887230255,,
ml100k,itemknn,quota_mmr,200,800,10,0.1875,0.3829631000007794,0.08984375,0.3572315000001254,0.02734375,0.323862299999746,0.0173611111111111,0.315249400000539,3.1875,3.1883734000002733,0.27734375,0.0161610243055555,0.0415182467699653,0.7470765523948072,0.07,0.248,0.1408450704225352,0.9407716827279466,0.88,1,0.3,1.0,1,ok,,,1349,943,0.0773079623019132,True,0.7,0.2091505564568642,800.0,user history in a small catalogue
ml100k,als,none,200,50,10,5.390625,4.640996000000087,0.0,0.0,0.0208333333333333,0.1924708000005921,0.0071022727272727,0.3106821999990643,0.0,0.0,5.390625,0.000139678030303,0.0473213788017443,1.0,0.105,0.8263333333333334,0.4277242401779095,0.7726167531504818,0.3,1,0.3,1.0,1,ok,,,1349,943,0.0773079623019132,True,0.7,,,
ml100k,als,none,200,100,10,5.546875,4.626479499998823,0.0,0.0,0.01953125,0.2079147000004013,0.0086805555555555,0.303173099999185,0.0,0.0,5.546875,0.0001410590277777,0.0473213788017443,1.0,0.105,0.8305000000000001,0.4277242401779095,0.7726167531504818,0.475,1,0.3,1.0,1,ok,,,1349,943,0.0773079623019132,True,0.7,,,
ml100k,als,none,200,200,10,5.796875,4.621737000001303,0.0,0.0,0.0130208333333333,0.3076101999995444,0.009765625,0.3099896999992779,0.0,0.0,5.796875,0.0001139322916666,0.0473213788017443,1.0,0.105,0.8305000000000001,0.4277242401779095,0.7726167531504818,0.63,1,0.3,1.0,1,ok,,,1349,943,0.0773079623019132,True,0.7,,,
ml100k,als,none,200,400,10,5.75,4.640135600000576,0.0,0.0,0.0288461538461538,0.1664605000005394,0.0135869565217391,0.3080422000002727,0.0,0.0,5.75,0.0002121655518394,0.0473213788017443,1.0,0.105,0.8305000000000001,0.4277242401779095,0.7726167531504818,0.825,1,0.3,1.0,1,ok,,,1349,943,0.0773079623019132,True,0.7,,,
ml100k,als,none,200,800,10,6.109375,4.649050300000454,0.0,0.0,0.0328125,0.1296889000004739,0.01953125,0.3155406999994739,0.0,0.0,6.109375,0.00026171875,0.0473213788017443,1.0,0.105,0.8305000000000001,0.4277242401779095,0.7726167531504818,0.925,1,0.3,1.0,1,ok,,,1349,943,0.0773079623019132,True,0.7,,800.0,user history in a small catalogue
ml100k,als,quota_mmr,200,50,10,5.53125,4.635361599999669,0.08984375,0.3514268999988417,0.0182291666666666,0.228445599999759,0.0072674418604651,0.3043536999994103,0.1302083333333333,0.3980735999994067,5.62109375,0.0007785247093023,0.0483184526043074,0.9596206967756168,0.105,0.2623333333333333,0.4625648628613788,0.7445537435137138,0.3,1,0.3,1.0,1,ok,,,1349,943,0.0773079623019132,True,0.7,0.156318027538986,,
ml100k,als,quota_mmr,200,100,10,5.484375,4.671410000000833,0.08984375,0.3570230999994237,0.0180921052631578,0.2432206000012229,0.0082236842105263,0.3015503999995417,0.2734375,0.5516712000007828,5.57421875,0.0014987664473684,0.0486990880468484,0.9490266638027676,0.1,0.2554999999999999,0.475166790214974,0.7295863602668643,0.475,1,0.3,1.0,1,ok,,,1349,943,0.0773079623019132,True,0.7,0.1397392930373975,,
ml100k,als,quota_mmr,200,200,10,5.359375,4.682883299999958,0.0859375,0.3547393000008014,0.0183823529411764,0.2190615999988949,0.0100806451612903,0.3011679999999614,0.59375,0.6041179000003467,5.4453125,0.0031110649905123,0.054368251432244,0.9389865097534555,0.115,0.26,0.5003706449221645,0.7126923647146034,0.63,1,0.3,1.0,1,ok,,,1349,943,0.0773079623019132,True,0.7,0.1235106814762031,,
ml100k,als,quota_mmr,200,400,10,5.46875,4.654863000001569,0.09375,0.3684025999991718,0.0148809523809523,0.270705300001282,0.0135869565217391,0.3052262000001065,1.546875,1.550110099999074,5.5625,0.0078767145445134,0.0453910212523724,0.9275643335001134,0.1,0.2615,0.514455151964418,0.7006360266864344,0.825,1,0.3,1.0,1,ok,,,1349,943,0.0773079623019132,True,0.7,0.1090961819513771,,
ml100k,als,quota_mmr,200,800,10,5.515625,4.639872300000207,0.08984375,0.3577678000001469,0.01953125,0.2078244000003906,0.0260416666666666,0.3170678000005864,3.28125,3.280088800000158,5.60546875,0.0166341145833333,0.041745749874014,0.9138419162945708,0.09,0.259,0.5263157894736842,0.6856478873239437,0.925,1,0.3,1.0,1,ok,,,1349,943,0.0773079623019132,True,0.7,0.0971668070458688,800.0,user history in a small catalogue
ml100k,popularity,none,200,50,10,0.0001587906504065,0.3107849000007263,0.0,0.0,0.0120192307692307,0.3141063000002759,0.0071022727272727,0.3129636999983631,0.0,0.0,0.0001587906504065,9.560751748251748e-05,0.065523955616762,1.0,0.105,1.1845,0.0555967383246849,0.9817709414381024,0.26,2,0.3,1.0,2,ok,,,1349,943,0.0773079623019132,True,0.7,,,
ml100k,popularity,none,200,100,10,0.0001580677794638,0.3101489000000583,0.0,0.0,0.011574074074074,0.3216812999999092,0.0080128205128205,0.3060999000008451,0.0,0.0,0.0001580677794638,9.793447293447292e-05,0.065523955616762,1.0,0.105,1.1845,0.0555967383246849,0.9817709414381024,0.37,2,0.3,1.0,2,ok,,,1349,943,0.0773079623019132,True,0.7,,,
ml100k,popularity,none,200,200,10,0.0001604209445585,0.304560999999012,0.0,0.0,0.011574074074074,0.3169931999982509,0.009765625,0.3141757000012148,0.0,0.0,0.0001604209445585,0.0001066984953703,0.065523955616762,1.0,0.105,1.1845,0.0555967383246849,0.9817709414381024,0.515,2,0.3,1.0,2,ok,,,1349,943,0.0773079623019132,True,0.7,,,
ml100k,popularity,none,200,400,10,0.0001670229823623,0.2964128000003256,0.0,0.0,0.011574074074074,0.3195986999999149,0.0130208333333333,0.3179530999987037,0.0,0.0,0.0001670229823623,0.000122974537037,0.065523955616762,1.0,0.105,1.1845,0.0555967383246849,0.9817709414381024,0.765,2,0.3,1.0,2,ok,,,1349,943,0.0773079623019132,True,0.7,,,
ml100k,popularity,none,200,800,10,0.0001565631262525,0.3115447000000131,0.0,0.0,0.0120192307692307,0.313161999998556,0.01953125,0.326501499999722,0.0,0.0,0.0001565631262525,0.0001577524038461,0.065523955616762,1.0,0.105,1.1845,0.0555967383246849,0.9817709414381024,0.925,2,0.3,1.0,2,ok,,,1349,943,0.0773079623019132,True,0.7,,,
ml100k,popularity,quota_mmr,200,50,10,0.0001571141277023,0.3112547000000631,0.0859375,0.3537615999994159,0.0120192307692307,0.3087453000007372,0.0071022727272727,0.311145800000304,0.109375,0.3234298000006674,0.0860946141277023,0.0006424825174825,0.0742031255320413,0.9073409745258886,0.13,0.2575,0.0593031875463306,0.982596738324685,0.26,2,0.3,1.0,2,ok,,,1349,943,0.0773079623019132,True,0.7,0.351818309878315,,
ml100k,popularity,quota_mmr,200,100,10,0.0001605033384694,0.3035181000013836,0.0859375,0.3581847999994352,0.0120192307692307,0.3016816999988805,0.0080128205128205,0.3124499999994441,0.2265625,0.4510243000004266,0.0860980033384694,0.0012329727564102,0.0728295126997241,0.9001382039867967,0.125,0.2575,0.0652335063009636,0.98153595255745,0.37,2,0.3,1.0,2,ok,,,1349,943,0.0773079623019132,True,0.7,0.342915043810869,,
ml100k,popularity,quota_mmr,200,200,10,0.0001592762487257,0.3050707000002148,0.0859375,0.3510188999989623,0.0120192307692307,0.3083442999995895,0.009765625,0.3165325000009034,0.515625,0.5122413000008237,0.0860967762487257,0.0026870492788461,0.0714985578370081,0.8890422102772081,0.12,0.2575,0.0763528539659006,0.979939214232765,0.515,2,0.3,1.0,2,ok,,,1349,943,0.0773079623019132,True,0.7,0.3314277116596587,,
ml100k,popularity,quota_mmr,200,400,10,0.0001592762487257,0.3099481000008381,0.0859375,0.3522300999993604,0.011574074074074,0.312898000000132,0.0135869565217391,0.3074283999994804,1.34375,1.353704999999536,0.0860967762487257,0.006844555152979,0.0722047438638817,0.8633862121926259,0.12,0.2565,0.1060044477390659,0.9749614529280948,0.765,2,0.3,1.0,2,ok,,,1349,943,0.0773079623019132,True,0.7,0.306787725855993,,
ml100k,popularity,quota_mmr,200,800,10,0.0001599283520982,0.3050717000005534,0.0859375,0.3588316999994276,0.0125,0.300258200000826,0.01953125,0.3229661000004853,3.4375,3.4390891999992164,0.0860974283520982,0.01734765625,0.0643559605955887,0.7762294264372449,0.095,0.256,0.1771682727946627,0.9528769458858414,0.925,2,0.3,1.0,2,ok,,,1349,943,0.0773079623019132,True,0.7,0.2225813888330579,,
ml100k,itemknn,none,200,50,10,0.1875,0.3817431999996188,0.0,0.0,0.0260416666666666,0.3194856000009167,0.0071022727272727,0.3008685000004334,0.0,0.0,0.1875,0.0001657196969696,0.044833651844888,1.0,0.1,1.156,0.0941438102297998,0.9594002965159376,0.315,2,0.3,1.0,2,ok,,,1349,943,0.0773079623019132,True,0.7,,,
ml100k,itemknn,none,200,100,10,0.1875,0.3829574999999749,0.0,0.0,0.02734375,0.3204834000007395,0.0076219512195121,0.3128960000012739,0.0,0.0,0.1875,0.0001748285060975,0.044833651844888,1.0,0.1,1.1585,0.0941438102297998,0.9594002965159376,0.435,2,0.3,1.0,2,ok,,,1349,943,0.0773079623019132,True,0.7,,,
ml100k,itemknn,none,200,200,10,0.1953125,0.3834000999995623,0.0,0.0,0.0260416666666666,0.3214967000003526,0.009765625,0.3060456000002887,0.0,0.0,0.1953125,0.0001790364583333,0.044833651844888,1.0,0.1,1.1585,0.0941438102297998,0.9594002965159376,0.675,2,0.3,1.0,2,ok,,,1349,943,0.0773079623019132,True,0.7,,,
ml100k,itemknn,none,200,400,10,0.1875,0.3823068000001512,0.0,0.0,0.02734375,0.3201750999996875,0.0135869565217391,0.3220191000000341,0.0,0.0,0.1875,0.0002046535326086,0.044833651844888,1.0,0.1,1.1585,0.0941438102297998,0.9594002965159376,0.83,2,0.3,1.0,2,ok,,,1349,943,0.0773079623019132,True,0.7,,,
ml100k,itemknn,none,200,800,10,0.1953125,0.3850430999991658,0.0,0.0,0.02734375,0.3208288000005268,0.0183823529411764,0.3212232000005315,0.0,0.0,0.1953125,0.0002286305147058,0.044833651844888,1.0,0.1,1.1585,0.0941438102297998,0.9594002965159376,0.905,2,0.3,1.0,2,ok,,,1349,943,0.0773079623019132,True,0.7,,,
ml100k,itemknn,quota_mmr,200,50,10,0.1953125,0.3851998999998614,0.08984375,0.3558812000010221,0.0260416666666666,0.3200441999997565,0.0071022727272727,0.3026790000003529,0.1041666666666666,0.3186732999984087,0.28515625,0.000686553030303,0.0513594679890301,0.9112743365807012,0.115,0.2506666666666667,0.1089696071163825,0.9560340993328392,0.315,2,0.3,1.0,2,ok,,,1349,943,0.0773079623019132,True,0.7,0.393220988080286,,
ml100k,itemknn,quota_mmr,200,100,10,0.1875,0.3830790000010893,0.08984375,0.3580817000001843,0.02734375,0.3178367000000435,0.0074404761904761,0.3196723000000929,0.234375,0.4629977000004146,0.27734375,0.0013457961309523,0.0519542909101569,0.8952428117369261,0.115,0.247,0.1223128243143069,0.9505396590066716,0.435,2,0.3,1.0,2,ok,,,1349,943,0.0773079623019132,True,0.7,0.3731454073327437,,
ml100k,itemknn,quota_mmr,200,200,10,0.1953125,0.3840149000006931,0.0859375,0.3563827000016317,0.02734375,0.3153735000014421,0.0094696969696969,0.3141465999997308,0.546875,0.5531195000003208,0.28125,0.0029184422348484,0.0518486520547339,0.8670877791790933,0.11,0.2475,0.1475166790214974,0.9421986656782804,0.675,2,0.3,1.0,2,ok,,,1349,943,0.0773079623019132,True,0.7,0.3420048510533016,,
ml100k,itemknn,quota_mmr,200,400,10,0.1953125,0.3823197999990952,0.08984375,0.3623918000012054,0.0260416666666666,0.3151983999996446,0.0142045454545454,0.3104088000000047,1.421875,1.4295094999997673,0.28515625,0.007310606060606,0.050052208916611,0.7866444939631952,0.105,0.248,0.1660489251297257,0.9335908080059304,0.83,2,0.3,1.0,2,ok,,,1349,943,0.0773079623019132,True,0.7,0.251253722777951,,
ml100k,itemknn,quota_mmr,200,800,10,0.203125,0.3981089999997493,0.09375,0.3680101999998442,0.0260416666666666,0.3233082999995531,0.0183823529411764,0.315936299999521,3.625,3.6225235999991128,0.296875,0.0183471200980392,0.0486940032868767,0.7444021181546073,0.1,0.255,0.1467753891771683,0.9374240177909564,0.905,2,0.3,1.0,2,ok,,,1349,943,0.0773079623019132,True,0.7,0.2103615101924553,,
ml100k,als,none,200,50,10,5.6875,4.646936700000879,0.0,0.0,0.0135869565217391,0.2972855999996682,0.0069444444444444,0.3172235999991244,0.0,0.0,5.6875,0.0001026570048309,0.0525673064972207,1.0,0.115,0.8246666666666667,0.4114158636026686,0.7842920681986657,0.375,2,0.3,1.0,2,ok,,,1349,943,0.0773079623019132,True,0.7,,,
ml100k,als,none,200,100,10,5.53125,4.6514303000003565,0.0,0.0,0.0142045454545454,0.298937699999442,0.0078125,0.3147429000000556,0.0,0.0,5.53125,0.0001100852272727,0.0525673064972207,1.0,0.115,0.8280000000000001,0.4114158636026686,0.7842920681986657,0.535,2,0.3,1.0,2,ok,,,1349,943,0.0773079623019132,True,0.7,,,
ml100k,als,none,200,200,10,5.6875,4.653680899999017,0.0,0.0,0.01953125,0.2052671000001282,0.009765625,0.3107027000005473,0.0,0.0,5.6875,0.000146484375,0.0525673064972207,1.0,0.115,0.8280000000000001,0.4114158636026686,0.7842920681986657,0.72,2,0.3,1.0,2,ok,,,1349,943,0.0773079623019132,True,0.7,,,
ml100k,als,none,200,400,10,5.5,4.630226200000834,0.0,0.0,0.0245535714285714,0.1800991000000067,0.0135869565217391,0.3064682000003813,0.0,0.0,5.5,0.0001907026397515,0.0525673064972207,1.0,0.115,0.8280000000000001,0.4114158636026686,0.7842920681986657,0.84,2,0.3,1.0,2,ok,,,1349,943,0.0773079623019132,True,0.7,,,
ml100k,als,none,200,800,10,5.453125,4.643736500000159,0.0,0.0,0.015625,0.2833064999995258,0.0208333333333333,0.3155103000008239,0.0,0.0,5.453125,0.0001822916666666,0.0525673064972207,1.0,0.115,0.8280000000000001,0.4114158636026686,0.7842920681986657,0.955,2,0.3,1.0,2,ok,,,1349,943,0.0773079623019132,True,0.7,,,
ml100k,als,quota_mmr,200,50,10,6.078125,4.63368790000095,0.08984375,0.3580065000005561,0.0178571428571428,0.2719658999994863,0.0072674418604651,0.3042776999991474,0.1354166666666666,0.4083965000008902,6.16796875,0.0008027062569213,0.0439159287850252,0.956768891200948,0.09,0.2518333333333333,0.4647887323943662,0.7427442550037064,0.375,2,0.3,1.0,2,ok,,,1349,943,0.0773079623019132,True,0.7,0.1514163864745041,,
ml100k,als,quota_mmr,200,100,10,5.5625,4.662665199999537,0.08984375,0.362867499999993,0.01953125,0.2055182999993121,0.0080128205128205,0.3067065999985061,0.2890625,0.5764909999998054,5.65234375,0.0015830328525641,0.04495297366997,0.946585785085922,0.09,0.2475,0.4825796886582654,0.7271749444032617,0.535,2,0.3,1.0,2,ok,,,1349,943,0.0773079623019132,True,0.7,0.1332812125569586,,
ml100k,als,quota_mmr,200,200,10,5.734375,4.677093700000114,0.08984375,0.360894699999335,0.01953125,0.2063983000007283,0.009765625,0.3097110999988217,0.625,0.6333186000010755,5.82421875,0.003271484375,0.0460658021723795,0.937777883922542,0.095,0.249,0.502594514455152,0.7128843587842847,0.72,2,0.3,1.0,2,ok,,,1349,943,0.0773079623019132,True,0.7,0.1200875593600183,,
ml100k,als,quota_mmr,200,400,10,5.484375,4.655120600000373,0.08984375,0.3559680000016669,0.01953125,0.2087477000004582,0.0135869565217391,0.3063554000000295,1.546875,1.5640918999997666,5.57421875,0.0078999660326086,0.0446571130916662,0.9269212741345508,0.09,0.244,0.5226093402520385,0.6984284655300222,0.84,2,0.3,1.0,2,ok,,,1349,943,0.0773079623019132,True,0.7,0.1069958802505501,,
ml100k,als,quota_mmr,200,800,10,5.4375,4.642691299999569,0.0859375,0.35385479999968084,0.020833333333333332,0.19356359999983397,0.020833333333333332,0.31680210000013176,3.75,3.7477108000002772,5.5234375,0.018958333333333334,0.04185188827739632,0.9130916114680733,0.08,0.249,0.5337286879169756,0.6880422535211268,0.955,2,0.3,1.0,2,ok,,,1349,943,0.07730796230191328,True,0.7,0.09444474785052655,,
